Netgen 1.5.316 compiled on Tue Feb 10 11:09:08 UTC 2026
Warning: netgen command 'format' use fully-qualified name '::netgen::format'
Warning: netgen command 'global' use fully-qualified name '::netgen::global'
Call to undefined subcircuit sky130_fd_pr__pfet_01v8_hvt
Creating placeholder cell definition.
Call to undefined subcircuit sky130_fd_pr__nfet_01v8
Creating placeholder cell definition.
Call to undefined subcircuit sky130_fd_pr__special_nfet_01v8
Creating placeholder cell definition.
Call to undefined subcircuit sky130_fd_pr__pfet_01v8_hvt
Creating placeholder cell definition.
Call to undefined subcircuit sky130_fd_pr__nfet_01v8
Creating placeholder cell definition.
Call to undefined subcircuit sky130_fd_pr__special_nfet_01v8
Creating placeholder cell definition.
Call to undefined subcircuit sky130_fd_pr__special_pfet_01v8_hvt
Creating placeholder cell definition.
Call to undefined subcircuit sky130_fd_sc_hd__nand2_2
Creating placeholder cell definition.
Call to undefined subcircuit sky130_fd_sc_hd__nor2_2
Creating placeholder cell definition.
Warning:  A case-insensitive file has been read and so the	verilog file must be treated case-insensitive to match.
Note:  Implicit pin X in instance clkload0 of sky130_fd_sc_hd__clkbuf_8 in cell picorv32
Note:  Implicit pin X in instance clkload1 of sky130_fd_sc_hd__clkbuf_8 in cell picorv32
Note:  Implicit pin X in instance clkload10 of sky130_fd_sc_hd__clkbuf_8 in cell picorv32
Note:  Implicit pin Y in instance clkload100 of sky130_fd_sc_hd__bufinv_16 in cell picorv32
Note:  Implicit pin Y in instance clkload101 of sky130_fd_sc_hd__clkinvlp_4 in cell picorv32
Note:  Implicit pin Y in instance clkload102 of sky130_fd_sc_hd__inv_6 in cell picorv32
Note:  Implicit pin Y in instance clkload103 of sky130_fd_sc_hd__clkinv_2 in cell picorv32
Note:  Implicit pin Y in instance clkload104 of sky130_fd_sc_hd__clkinv_2 in cell picorv32
Note:  Implicit pin Y in instance clkload105 of sky130_fd_sc_hd__clkinv_4 in cell picorv32
Note:  Implicit pin Y in instance clkload106 of sky130_fd_sc_hd__clkinv_4 in cell picorv32
Note:  Implicit pin Y in instance clkload107 of sky130_fd_sc_hd__clkinvlp_4 in cell picorv32
Note:  Implicit pin X in instance clkload108 of sky130_fd_sc_hd__clkbuf_8 in cell picorv32
Note:  Implicit pin X in instance clkload109 of sky130_fd_sc_hd__clkbuf_4 in cell picorv32
Note:  Implicit pin X in instance clkload11 of sky130_fd_sc_hd__clkbuf_8 in cell picorv32
Note:  Implicit pin Y in instance clkload110 of sky130_fd_sc_hd__clkinv_4 in cell picorv32
Note:  Implicit pin Y in instance clkload111 of sky130_fd_sc_hd__bufinv_16 in cell picorv32
Note:  Implicit pin X in instance clkload112 of sky130_fd_sc_hd__clkbuf_8 in cell picorv32
Note:  Implicit pin Y in instance clkload113 of sky130_fd_sc_hd__clkinv_4 in cell picorv32
Note:  Implicit pin Y in instance clkload114 of sky130_fd_sc_hd__clkinv_2 in cell picorv32
Note:  Implicit pin X in instance clkload115 of sky130_fd_sc_hd__clkbuf_8 in cell picorv32
Note:  Implicit pin Y in instance clkload116 of sky130_fd_sc_hd__bufinv_16 in cell picorv32
Note:  Implicit pin Y in instance clkload117 of sky130_fd_sc_hd__clkinv_2 in cell picorv32
Note:  Implicit pin Y in instance clkload118 of sky130_fd_sc_hd__clkinvlp_4 in cell picorv32
Note:  Implicit pin X in instance clkload119 of sky130_fd_sc_hd__clkbuf_4 in cell picorv32
Note:  Implicit pin X in instance clkload12 of sky130_fd_sc_hd__clkbuf_4 in cell picorv32
Note:  Implicit pin X in instance clkload120 of sky130_fd_sc_hd__clkbuf_8 in cell picorv32
Note:  Implicit pin Y in instance clkload121 of sky130_fd_sc_hd__clkinv_2 in cell picorv32
Note:  Implicit pin X in instance clkload122 of sky130_fd_sc_hd__clkbuf_8 in cell picorv32
Note:  Implicit pin X in instance clkload123 of sky130_fd_sc_hd__clkbuf_8 in cell picorv32
Note:  Implicit pin X in instance clkload124 of sky130_fd_sc_hd__clkbuf_4 in cell picorv32
Note:  Implicit pin X in instance clkload125 of sky130_fd_sc_hd__clkbuf_4 in cell picorv32
Note:  Implicit pin Y in instance clkload126 of sky130_fd_sc_hd__bufinv_16 in cell picorv32
Note:  Implicit pin Y in instance clkload127 of sky130_fd_sc_hd__inv_6 in cell picorv32
Note:  Implicit pin Y in instance clkload128 of sky130_fd_sc_hd__clkinvlp_4 in cell picorv32
Note:  Implicit pin Y in instance clkload129 of sky130_fd_sc_hd__clkinvlp_4 in cell picorv32
Note:  Implicit pin X in instance clkload13 of sky130_fd_sc_hd__clkbuf_8 in cell picorv32
Note:  Implicit pin Y in instance clkload130 of sky130_fd_sc_hd__inv_6 in cell picorv32
Note:  Implicit pin Y in instance clkload131 of sky130_fd_sc_hd__clkinv_2 in cell picorv32
Note:  Implicit pin X in instance clkload132 of sky130_fd_sc_hd__clkbuf_8 in cell picorv32
Note:  Implicit pin Y in instance clkload133 of sky130_fd_sc_hd__clkinv_2 in cell picorv32
Note:  Implicit pin X in instance clkload134 of sky130_fd_sc_hd__clkbuf_4 in cell picorv32
Note:  Implicit pin X in instance clkload135 of sky130_fd_sc_hd__clkbuf_8 in cell picorv32
Note:  Implicit pin Y in instance clkload136 of sky130_fd_sc_hd__inv_6 in cell picorv32
Note:  Implicit pin X in instance clkload137 of sky130_fd_sc_hd__clkbuf_8 in cell picorv32
Note:  Implicit pin Y in instance clkload138 of sky130_fd_sc_hd__clkinvlp_4 in cell picorv32
Note:  Implicit pin Y in instance clkload139 of sky130_fd_sc_hd__inv_6 in cell picorv32
Note:  Implicit pin Y in instance clkload14 of sky130_fd_sc_hd__clkinv_2 in cell picorv32
Note:  Implicit pin Y in instance clkload15 of sky130_fd_sc_hd__clkinv_2 in cell picorv32
Note:  Implicit pin X in instance clkload16 of sky130_fd_sc_hd__clkbuf_4 in cell picorv32
Note:  Implicit pin X in instance clkload17 of sky130_fd_sc_hd__clkbuf_8 in cell picorv32
Note:  Implicit pin X in instance clkload18 of sky130_fd_sc_hd__clkbuf_8 in cell picorv32
Note:  Implicit pin Y in instance clkload19 of sky130_fd_sc_hd__bufinv_16 in cell picorv32
Note:  Implicit pin X in instance clkload2 of sky130_fd_sc_hd__clkbuf_8 in cell picorv32
Note:  Implicit pin X in instance clkload20 of sky130_fd_sc_hd__clkbuf_4 in cell picorv32
Note:  Implicit pin X in instance clkload21 of sky130_fd_sc_hd__clkbuf_8 in cell picorv32
Note:  Implicit pin Y in instance clkload22 of sky130_fd_sc_hd__clkinvlp_4 in cell picorv32
Note:  Implicit pin Y in instance clkload23 of sky130_fd_sc_hd__clkinv_2 in cell picorv32
Note:  Implicit pin Y in instance clkload24 of sky130_fd_sc_hd__clkinvlp_4 in cell picorv32
Note:  Implicit pin X in instance clkload25 of sky130_fd_sc_hd__clkbuf_8 in cell picorv32
Note:  Implicit pin Y in instance clkload26 of sky130_fd_sc_hd__clkinv_2 in cell picorv32
Note:  Implicit pin Y in instance clkload27 of sky130_fd_sc_hd__clkinv_4 in cell picorv32
Note:  Implicit pin X in instance clkload28 of sky130_fd_sc_hd__clkbuf_4 in cell picorv32
Note:  Implicit pin Y in instance clkload29 of sky130_fd_sc_hd__clkinv_2 in cell picorv32
Note:  Implicit pin X in instance clkload3 of sky130_fd_sc_hd__clkbuf_8 in cell picorv32
Note:  Implicit pin Y in instance clkload30 of sky130_fd_sc_hd__inv_6 in cell picorv32
Note:  Implicit pin Y in instance clkload31 of sky130_fd_sc_hd__clkinv_2 in cell picorv32
Note:  Implicit pin X in instance clkload32 of sky130_fd_sc_hd__clkbuf_4 in cell picorv32
Note:  Implicit pin Y in instance clkload33 of sky130_fd_sc_hd__clkinvlp_4 in cell picorv32
Note:  Implicit pin Y in instance clkload34 of sky130_fd_sc_hd__inv_6 in cell picorv32
Note:  Implicit pin X in instance clkload35 of sky130_fd_sc_hd__clkbuf_8 in cell picorv32
Note:  Implicit pin X in instance clkload36 of sky130_fd_sc_hd__clkbuf_4 in cell picorv32
Note:  Implicit pin X in instance clkload37 of sky130_fd_sc_hd__clkbuf_4 in cell picorv32
Note:  Implicit pin Y in instance clkload38 of sky130_fd_sc_hd__bufinv_16 in cell picorv32
Note:  Implicit pin Y in instance clkload39 of sky130_fd_sc_hd__bufinv_16 in cell picorv32
Note:  Implicit pin X in instance clkload4 of sky130_fd_sc_hd__clkbuf_8 in cell picorv32
Note:  Implicit pin X in instance clkload40 of sky130_fd_sc_hd__clkbuf_4 in cell picorv32
Note:  Implicit pin X in instance clkload41 of sky130_fd_sc_hd__clkbuf_4 in cell picorv32
Note:  Implicit pin X in instance clkload42 of sky130_fd_sc_hd__clkbuf_8 in cell picorv32
Note:  Implicit pin Y in instance clkload43 of sky130_fd_sc_hd__clkinv_2 in cell picorv32
Note:  Implicit pin Y in instance clkload44 of sky130_fd_sc_hd__bufinv_16 in cell picorv32
Note:  Implicit pin X in instance clkload45 of sky130_fd_sc_hd__clkbuf_8 in cell picorv32
Note:  Implicit pin Y in instance clkload46 of sky130_fd_sc_hd__clkinv_2 in cell picorv32
Note:  Implicit pin X in instance clkload47 of sky130_fd_sc_hd__clkbuf_4 in cell picorv32
Note:  Implicit pin Y in instance clkload48 of sky130_fd_sc_hd__inv_6 in cell picorv32
Note:  Implicit pin X in instance clkload49 of sky130_fd_sc_hd__clkbuf_8 in cell picorv32
Note:  Implicit pin X in instance clkload5 of sky130_fd_sc_hd__clkbuf_8 in cell picorv32
Note:  Implicit pin Y in instance clkload50 of sky130_fd_sc_hd__clkinvlp_4 in cell picorv32
Note:  Implicit pin Y in instance clkload51 of sky130_fd_sc_hd__inv_6 in cell picorv32
Note:  Implicit pin Y in instance clkload52 of sky130_fd_sc_hd__bufinv_16 in cell picorv32
Note:  Implicit pin X in instance clkload53 of sky130_fd_sc_hd__clkbuf_4 in cell picorv32
Note:  Implicit pin X in instance clkload54 of sky130_fd_sc_hd__clkbuf_4 in cell picorv32
Note:  Implicit pin Y in instance clkload55 of sky130_fd_sc_hd__bufinv_16 in cell picorv32
Note:  Implicit pin Y in instance clkload56 of sky130_fd_sc_hd__clkinv_2 in cell picorv32
Note:  Implicit pin Y in instance clkload57 of sky130_fd_sc_hd__bufinv_16 in cell picorv32
Note:  Implicit pin X in instance clkload58 of sky130_fd_sc_hd__clkbuf_8 in cell picorv32
Note:  Implicit pin Y in instance clkload59 of sky130_fd_sc_hd__clkinv_2 in cell picorv32
Note:  Implicit pin X in instance clkload6 of sky130_fd_sc_hd__clkbuf_4 in cell picorv32
Note:  Implicit pin X in instance clkload60 of sky130_fd_sc_hd__clkbuf_4 in cell picorv32
Note:  Implicit pin X in instance clkload61 of sky130_fd_sc_hd__clkbuf_4 in cell picorv32
Note:  Implicit pin X in instance clkload62 of sky130_fd_sc_hd__clkbuf_8 in cell picorv32
Note:  Implicit pin X in instance clkload63 of sky130_fd_sc_hd__clkbuf_4 in cell picorv32
Note:  Implicit pin Y in instance clkload64 of sky130_fd_sc_hd__clkinv_2 in cell picorv32
Note:  Implicit pin X in instance clkload65 of sky130_fd_sc_hd__clkbuf_8 in cell picorv32
Note:  Implicit pin Y in instance clkload66 of sky130_fd_sc_hd__inv_6 in cell picorv32
Note:  Implicit pin X in instance clkload67 of sky130_fd_sc_hd__clkbuf_8 in cell picorv32
Note:  Implicit pin Y in instance clkload68 of sky130_fd_sc_hd__inv_6 in cell picorv32
Note:  Implicit pin X in instance clkload69 of sky130_fd_sc_hd__clkbuf_8 in cell picorv32
Note:  Implicit pin X in instance clkload7 of sky130_fd_sc_hd__clkbuf_8 in cell picorv32
Note:  Implicit pin Y in instance clkload70 of sky130_fd_sc_hd__bufinv_16 in cell picorv32
Note:  Implicit pin Y in instance clkload71 of sky130_fd_sc_hd__bufinv_16 in cell picorv32
Note:  Implicit pin Y in instance clkload72 of sky130_fd_sc_hd__inv_6 in cell picorv32
Note:  Implicit pin Y in instance clkload73 of sky130_fd_sc_hd__inv_6 in cell picorv32
Note:  Implicit pin Y in instance clkload74 of sky130_fd_sc_hd__clkinv_4 in cell picorv32
Note:  Implicit pin X in instance clkload75 of sky130_fd_sc_hd__clkbuf_8 in cell picorv32
Note:  Implicit pin Y in instance clkload76 of sky130_fd_sc_hd__clkinv_2 in cell picorv32
Note:  Implicit pin Y in instance clkload77 of sky130_fd_sc_hd__clkinvlp_4 in cell picorv32
Note:  Implicit pin Y in instance clkload78 of sky130_fd_sc_hd__bufinv_16 in cell picorv32
Note:  Implicit pin Y in instance clkload79 of sky130_fd_sc_hd__clkinvlp_4 in cell picorv32
Note:  Implicit pin X in instance clkload8 of sky130_fd_sc_hd__clkbuf_4 in cell picorv32
Note:  Implicit pin Y in instance clkload80 of sky130_fd_sc_hd__clkinvlp_4 in cell picorv32
Note:  Implicit pin Y in instance clkload81 of sky130_fd_sc_hd__bufinv_16 in cell picorv32
Note:  Implicit pin X in instance clkload82 of sky130_fd_sc_hd__clkbuf_8 in cell picorv32
Note:  Implicit pin Y in instance clkload83 of sky130_fd_sc_hd__clkinvlp_4 in cell picorv32
Note:  Implicit pin Y in instance clkload84 of sky130_fd_sc_hd__bufinv_16 in cell picorv32
Note:  Implicit pin Y in instance clkload85 of sky130_fd_sc_hd__clkinv_4 in cell picorv32
Note:  Implicit pin Y in instance clkload86 of sky130_fd_sc_hd__clkinv_2 in cell picorv32
Note:  Implicit pin Y in instance clkload87 of sky130_fd_sc_hd__bufinv_16 in cell picorv32
Note:  Implicit pin X in instance clkload88 of sky130_fd_sc_hd__clkbuf_8 in cell picorv32
Note:  Implicit pin Y in instance clkload89 of sky130_fd_sc_hd__clkinvlp_4 in cell picorv32
Note:  Implicit pin Y in instance clkload9 of sky130_fd_sc_hd__bufinv_16 in cell picorv32
Note:  Implicit pin X in instance clkload90 of sky130_fd_sc_hd__clkbuf_4 in cell picorv32
Note:  Implicit pin X in instance clkload91 of sky130_fd_sc_hd__clkbuf_8 in cell picorv32
Note:  Implicit pin Y in instance clkload92 of sky130_fd_sc_hd__clkinvlp_4 in cell picorv32
Note:  Implicit pin Y in instance clkload93 of sky130_fd_sc_hd__clkinv_2 in cell picorv32
Note:  Implicit pin X in instance clkload94 of sky130_fd_sc_hd__clkbuf_8 in cell picorv32
Note:  Implicit pin Y in instance clkload95 of sky130_fd_sc_hd__clkinvlp_4 in cell picorv32
Note:  Implicit pin Y in instance clkload96 of sky130_fd_sc_hd__clkinvlp_4 in cell picorv32
Note:  Implicit pin Y in instance clkload97 of sky130_fd_sc_hd__inv_6 in cell picorv32
Note:  Implicit pin Y in instance clkload98 of sky130_fd_sc_hd__bufinv_16 in cell picorv32
Note:  Implicit pin X in instance clkload99 of sky130_fd_sc_hd__clkbuf_8 in cell picorv32
Note:  Implicit pin HI in instance picorv32 of sky130_fd_sc_hd__conb_1 in cell picorv32
Note:  Implicit pin HI in instance picorv32_3505 of sky130_fd_sc_hd__conb_1 in cell picorv32
Note:  Implicit pin HI in instance picorv32_3506 of sky130_fd_sc_hd__conb_1 in cell picorv32
Note:  Implicit pin HI in instance picorv32_3507 of sky130_fd_sc_hd__conb_1 in cell picorv32
Note:  Implicit pin HI in instance picorv32_3508 of sky130_fd_sc_hd__conb_1 in cell picorv32
Note:  Implicit pin HI in instance picorv32_3509 of sky130_fd_sc_hd__conb_1 in cell picorv32
Note:  Implicit pin HI in instance picorv32_3510 of sky130_fd_sc_hd__conb_1 in cell picorv32
Note:  Implicit pin HI in instance picorv32_3511 of sky130_fd_sc_hd__conb_1 in cell picorv32
Note:  Implicit pin HI in instance picorv32_3512 of sky130_fd_sc_hd__conb_1 in cell picorv32
Note:  Implicit pin HI in instance picorv32_3513 of sky130_fd_sc_hd__conb_1 in cell picorv32
Note:  Implicit pin HI in instance picorv32_3514 of sky130_fd_sc_hd__conb_1 in cell picorv32
Note:  Implicit pin HI in instance picorv32_3515 of sky130_fd_sc_hd__conb_1 in cell picorv32
Note:  Implicit pin HI in instance picorv32_3516 of sky130_fd_sc_hd__conb_1 in cell picorv32
Note:  Implicit pin HI in instance picorv32_3517 of sky130_fd_sc_hd__conb_1 in cell picorv32
Note:  Implicit pin HI in instance picorv32_3518 of sky130_fd_sc_hd__conb_1 in cell picorv32
Note:  Implicit pin HI in instance picorv32_3519 of sky130_fd_sc_hd__conb_1 in cell picorv32
Note:  Implicit pin HI in instance picorv32_3520 of sky130_fd_sc_hd__conb_1 in cell picorv32
Note:  Implicit pin HI in instance picorv32_3521 of sky130_fd_sc_hd__conb_1 in cell picorv32
Note:  Implicit pin HI in instance picorv32_3522 of sky130_fd_sc_hd__conb_1 in cell picorv32
Note:  Implicit pin HI in instance picorv32_3523 of sky130_fd_sc_hd__conb_1 in cell picorv32
Note:  Implicit pin HI in instance picorv32_3524 of sky130_fd_sc_hd__conb_1 in cell picorv32
Note:  Implicit pin HI in instance picorv32_3525 of sky130_fd_sc_hd__conb_1 in cell picorv32
Note:  Implicit pin HI in instance picorv32_3526 of sky130_fd_sc_hd__conb_1 in cell picorv32
Note:  Implicit pin HI in instance picorv32_3527 of sky130_fd_sc_hd__conb_1 in cell picorv32
Note:  Implicit pin HI in instance picorv32_3528 of sky130_fd_sc_hd__conb_1 in cell picorv32
Note:  Implicit pin HI in instance picorv32_3529 of sky130_fd_sc_hd__conb_1 in cell picorv32
Note:  Implicit pin HI in instance picorv32_3530 of sky130_fd_sc_hd__conb_1 in cell picorv32
Note:  Implicit pin HI in instance picorv32_3531 of sky130_fd_sc_hd__conb_1 in cell picorv32
Note:  Implicit pin HI in instance picorv32_3532 of sky130_fd_sc_hd__conb_1 in cell picorv32
Note:  Implicit pin HI in instance picorv32_3533 of sky130_fd_sc_hd__conb_1 in cell picorv32
Note:  Implicit pin HI in instance picorv32_3534 of sky130_fd_sc_hd__conb_1 in cell picorv32
Note:  Implicit pin HI in instance picorv32_3535 of sky130_fd_sc_hd__conb_1 in cell picorv32
Note:  Implicit pin HI in instance picorv32_3536 of sky130_fd_sc_hd__conb_1 in cell picorv32
Note:  Implicit pin HI in instance picorv32_3537 of sky130_fd_sc_hd__conb_1 in cell picorv32
Note:  Implicit pin HI in instance picorv32_3538 of sky130_fd_sc_hd__conb_1 in cell picorv32
Note:  Implicit pin HI in instance picorv32_3539 of sky130_fd_sc_hd__conb_1 in cell picorv32
Note:  Implicit pin HI in instance picorv32_3540 of sky130_fd_sc_hd__conb_1 in cell picorv32
Note:  Implicit pin HI in instance picorv32_3541 of sky130_fd_sc_hd__conb_1 in cell picorv32
Note:  Implicit pin HI in instance picorv32_3542 of sky130_fd_sc_hd__conb_1 in cell picorv32
Note:  Implicit pin HI in instance picorv32_3543 of sky130_fd_sc_hd__conb_1 in cell picorv32
Note:  Implicit pin HI in instance picorv32_3544 of sky130_fd_sc_hd__conb_1 in cell picorv32
Note:  Implicit pin HI in instance picorv32_3545 of sky130_fd_sc_hd__conb_1 in cell picorv32
Note:  Implicit pin HI in instance picorv32_3546 of sky130_fd_sc_hd__conb_1 in cell picorv32
Note:  Implicit pin HI in instance picorv32_3547 of sky130_fd_sc_hd__conb_1 in cell picorv32
Note:  Implicit pin HI in instance picorv32_3548 of sky130_fd_sc_hd__conb_1 in cell picorv32
Note:  Implicit pin HI in instance picorv32_3549 of sky130_fd_sc_hd__conb_1 in cell picorv32
Note:  Implicit pin HI in instance picorv32_3550 of sky130_fd_sc_hd__conb_1 in cell picorv32
Note:  Implicit pin HI in instance picorv32_3551 of sky130_fd_sc_hd__conb_1 in cell picorv32
Note:  Implicit pin HI in instance picorv32_3552 of sky130_fd_sc_hd__conb_1 in cell picorv32
Note:  Implicit pin HI in instance picorv32_3553 of sky130_fd_sc_hd__conb_1 in cell picorv32
Note:  Implicit pin HI in instance picorv32_3554 of sky130_fd_sc_hd__conb_1 in cell picorv32
Note:  Implicit pin HI in instance picorv32_3555 of sky130_fd_sc_hd__conb_1 in cell picorv32
Note:  Implicit pin HI in instance picorv32_3556 of sky130_fd_sc_hd__conb_1 in cell picorv32
Note:  Implicit pin HI in instance picorv32_3557 of sky130_fd_sc_hd__conb_1 in cell picorv32
Note:  Implicit pin HI in instance picorv32_3558 of sky130_fd_sc_hd__conb_1 in cell picorv32
Note:  Implicit pin HI in instance picorv32_3559 of sky130_fd_sc_hd__conb_1 in cell picorv32
Note:  Implicit pin HI in instance picorv32_3560 of sky130_fd_sc_hd__conb_1 in cell picorv32
Note:  Implicit pin HI in instance picorv32_3561 of sky130_fd_sc_hd__conb_1 in cell picorv32
Note:  Implicit pin HI in instance picorv32_3562 of sky130_fd_sc_hd__conb_1 in cell picorv32
Note:  Implicit pin HI in instance picorv32_3563 of sky130_fd_sc_hd__conb_1 in cell picorv32
Note:  Implicit pin HI in instance picorv32_3564 of sky130_fd_sc_hd__conb_1 in cell picorv32
Note:  Implicit pin HI in instance picorv32_3565 of sky130_fd_sc_hd__conb_1 in cell picorv32
Note:  Implicit pin HI in instance picorv32_3566 of sky130_fd_sc_hd__conb_1 in cell picorv32
Note:  Implicit pin HI in instance picorv32_3567 of sky130_fd_sc_hd__conb_1 in cell picorv32
Note:  Implicit pin HI in instance picorv32_3568 of sky130_fd_sc_hd__conb_1 in cell picorv32
Note:  Implicit pin HI in instance picorv32_3569 of sky130_fd_sc_hd__conb_1 in cell picorv32
Note:  Implicit pin HI in instance picorv32_3570 of sky130_fd_sc_hd__conb_1 in cell picorv32
Note:  Implicit pin HI in instance picorv32_3571 of sky130_fd_sc_hd__conb_1 in cell picorv32
Note:  Implicit pin HI in instance picorv32_3572 of sky130_fd_sc_hd__conb_1 in cell picorv32
Note:  Implicit pin HI in instance picorv32_3573 of sky130_fd_sc_hd__conb_1 in cell picorv32
Note:  Implicit pin HI in instance picorv32_3574 of sky130_fd_sc_hd__conb_1 in cell picorv32
Note:  Implicit pin HI in instance picorv32_3575 of sky130_fd_sc_hd__conb_1 in cell picorv32
Note:  Implicit pin HI in instance picorv32_3576 of sky130_fd_sc_hd__conb_1 in cell picorv32
Note:  Implicit pin HI in instance picorv32_3577 of sky130_fd_sc_hd__conb_1 in cell picorv32
Note:  Implicit pin HI in instance picorv32_3578 of sky130_fd_sc_hd__conb_1 in cell picorv32
Note:  Implicit pin HI in instance picorv32_3579 of sky130_fd_sc_hd__conb_1 in cell picorv32
Note:  Implicit pin HI in instance picorv32_3580 of sky130_fd_sc_hd__conb_1 in cell picorv32
Note:  Implicit pin HI in instance picorv32_3581 of sky130_fd_sc_hd__conb_1 in cell picorv32
Note:  Implicit pin HI in instance picorv32_3582 of sky130_fd_sc_hd__conb_1 in cell picorv32
Note:  Implicit pin HI in instance picorv32_3583 of sky130_fd_sc_hd__conb_1 in cell picorv32
Note:  Implicit pin HI in instance picorv32_3584 of sky130_fd_sc_hd__conb_1 in cell picorv32
Note:  Implicit pin HI in instance picorv32_3585 of sky130_fd_sc_hd__conb_1 in cell picorv32
Note:  Implicit pin HI in instance picorv32_3586 of sky130_fd_sc_hd__conb_1 in cell picorv32
Note:  Implicit pin HI in instance picorv32_3587 of sky130_fd_sc_hd__conb_1 in cell picorv32
Note:  Implicit pin HI in instance picorv32_3588 of sky130_fd_sc_hd__conb_1 in cell picorv32
Note:  Implicit pin HI in instance picorv32_3589 of sky130_fd_sc_hd__conb_1 in cell picorv32
Note:  Implicit pin HI in instance picorv32_3590 of sky130_fd_sc_hd__conb_1 in cell picorv32
Note:  Implicit pin HI in instance picorv32_3591 of sky130_fd_sc_hd__conb_1 in cell picorv32
Note:  Implicit pin HI in instance picorv32_3592 of sky130_fd_sc_hd__conb_1 in cell picorv32
Note:  Implicit pin HI in instance picorv32_3593 of sky130_fd_sc_hd__conb_1 in cell picorv32
Note:  Implicit pin HI in instance picorv32_3594 of sky130_fd_sc_hd__conb_1 in cell picorv32
Note:  Implicit pin HI in instance picorv32_3595 of sky130_fd_sc_hd__conb_1 in cell picorv32
Note:  Implicit pin HI in instance picorv32_3596 of sky130_fd_sc_hd__conb_1 in cell picorv32
Note:  Implicit pin HI in instance picorv32_3597 of sky130_fd_sc_hd__conb_1 in cell picorv32
Note:  Implicit pin HI in instance picorv32_3598 of sky130_fd_sc_hd__conb_1 in cell picorv32
Note:  Implicit pin HI in instance picorv32_3599 of sky130_fd_sc_hd__conb_1 in cell picorv32
Note:  Implicit pin HI in instance picorv32_3600 of sky130_fd_sc_hd__conb_1 in cell picorv32
Note:  Implicit pin HI in instance picorv32_3601 of sky130_fd_sc_hd__conb_1 in cell picorv32
Note:  Implicit pin HI in instance picorv32_3602 of sky130_fd_sc_hd__conb_1 in cell picorv32
Note:  Implicit pin HI in instance picorv32_3603 of sky130_fd_sc_hd__conb_1 in cell picorv32
Note:  Implicit pin HI in instance picorv32_3604 of sky130_fd_sc_hd__conb_1 in cell picorv32
Note:  Implicit pin HI in instance picorv32_3605 of sky130_fd_sc_hd__conb_1 in cell picorv32
Note:  Implicit pin HI in instance picorv32_3606 of sky130_fd_sc_hd__conb_1 in cell picorv32
Note:  Implicit pin HI in instance picorv32_3607 of sky130_fd_sc_hd__conb_1 in cell picorv32
Note:  Implicit pin HI in instance picorv32_3608 of sky130_fd_sc_hd__conb_1 in cell picorv32
Note:  Implicit pin HI in instance picorv32_3609 of sky130_fd_sc_hd__conb_1 in cell picorv32

Reading setup file <PDK_ROOT>/sky130A/libs.tech/netgen/sky130A_setup.tcl

Model sky130_fd_pr__res_generic_po pin end_a == end_b
No property mult found for device sky130_fd_pr__res_generic_po
Model sky130_fd_pr__res_generic_po pin end_a == end_b
No property mult found for device sky130_fd_pr__res_generic_po
Model sky130_fd_pr__nfet_01v8 pin 1 == 3
No property mult found for device sky130_fd_pr__nfet_01v8
No property sa found for device sky130_fd_pr__nfet_01v8
No property sb found for device sky130_fd_pr__nfet_01v8
No property sd found for device sky130_fd_pr__nfet_01v8
No property nf found for device sky130_fd_pr__nfet_01v8
No property nrd found for device sky130_fd_pr__nfet_01v8
No property nrs found for device sky130_fd_pr__nfet_01v8
No property area found for device sky130_fd_pr__nfet_01v8
No property perim found for device sky130_fd_pr__nfet_01v8
No property topography found for device sky130_fd_pr__nfet_01v8
Model sky130_fd_pr__nfet_01v8 pin 1 == 3
No property as found for device sky130_fd_pr__nfet_01v8
No property ad found for device sky130_fd_pr__nfet_01v8
No property ps found for device sky130_fd_pr__nfet_01v8
No property pd found for device sky130_fd_pr__nfet_01v8
No property mult found for device sky130_fd_pr__nfet_01v8
No property sa found for device sky130_fd_pr__nfet_01v8
No property sb found for device sky130_fd_pr__nfet_01v8
No property sd found for device sky130_fd_pr__nfet_01v8
No property nf found for device sky130_fd_pr__nfet_01v8
No property nrd found for device sky130_fd_pr__nfet_01v8
No property nrs found for device sky130_fd_pr__nfet_01v8
No property area found for device sky130_fd_pr__nfet_01v8
No property perim found for device sky130_fd_pr__nfet_01v8
No property topography found for device sky130_fd_pr__nfet_01v8
Model sky130_fd_pr__pfet_01v8_hvt pin 1 == 3
No property mult found for device sky130_fd_pr__pfet_01v8_hvt
No property sa found for device sky130_fd_pr__pfet_01v8_hvt
No property sb found for device sky130_fd_pr__pfet_01v8_hvt
No property sd found for device sky130_fd_pr__pfet_01v8_hvt
No property nf found for device sky130_fd_pr__pfet_01v8_hvt
No property nrd found for device sky130_fd_pr__pfet_01v8_hvt
No property nrs found for device sky130_fd_pr__pfet_01v8_hvt
No property area found for device sky130_fd_pr__pfet_01v8_hvt
No property perim found for device sky130_fd_pr__pfet_01v8_hvt
No property topography found for device sky130_fd_pr__pfet_01v8_hvt
Model sky130_fd_pr__pfet_01v8_hvt pin 1 == 3
No property as found for device sky130_fd_pr__pfet_01v8_hvt
No property ad found for device sky130_fd_pr__pfet_01v8_hvt
No property ps found for device sky130_fd_pr__pfet_01v8_hvt
No property pd found for device sky130_fd_pr__pfet_01v8_hvt
No property mult found for device sky130_fd_pr__pfet_01v8_hvt
No property sa found for device sky130_fd_pr__pfet_01v8_hvt
No property sb found for device sky130_fd_pr__pfet_01v8_hvt
No property sd found for device sky130_fd_pr__pfet_01v8_hvt
No property nf found for device sky130_fd_pr__pfet_01v8_hvt
No property nrd found for device sky130_fd_pr__pfet_01v8_hvt
No property nrs found for device sky130_fd_pr__pfet_01v8_hvt
No property area found for device sky130_fd_pr__pfet_01v8_hvt
No property perim found for device sky130_fd_pr__pfet_01v8_hvt
No property topography found for device sky130_fd_pr__pfet_01v8_hvt
Model sky130_fd_pr__special_nfet_01v8 pin 1 == 3
No property mult found for device sky130_fd_pr__special_nfet_01v8
No property sa found for device sky130_fd_pr__special_nfet_01v8
No property sb found for device sky130_fd_pr__special_nfet_01v8
No property sd found for device sky130_fd_pr__special_nfet_01v8
No property nf found for device sky130_fd_pr__special_nfet_01v8
No property nrd found for device sky130_fd_pr__special_nfet_01v8
No property nrs found for device sky130_fd_pr__special_nfet_01v8
No property area found for device sky130_fd_pr__special_nfet_01v8
No property perim found for device sky130_fd_pr__special_nfet_01v8
No property topography found for device sky130_fd_pr__special_nfet_01v8
Model sky130_fd_pr__special_nfet_01v8 pin 1 == 3
No property as found for device sky130_fd_pr__special_nfet_01v8
No property ad found for device sky130_fd_pr__special_nfet_01v8
No property ps found for device sky130_fd_pr__special_nfet_01v8
No property pd found for device sky130_fd_pr__special_nfet_01v8
No property mult found for device sky130_fd_pr__special_nfet_01v8
No property sa found for device sky130_fd_pr__special_nfet_01v8
No property sb found for device sky130_fd_pr__special_nfet_01v8
No property sd found for device sky130_fd_pr__special_nfet_01v8
No property nf found for device sky130_fd_pr__special_nfet_01v8
No property nrd found for device sky130_fd_pr__special_nfet_01v8
No property nrs found for device sky130_fd_pr__special_nfet_01v8
No property area found for device sky130_fd_pr__special_nfet_01v8
No property perim found for device sky130_fd_pr__special_nfet_01v8
No property topography found for device sky130_fd_pr__special_nfet_01v8
Model sky130_fd_pr__special_pfet_01v8_hvt pin 1 == 3
No property as found for device sky130_fd_pr__special_pfet_01v8_hvt
No property ad found for device sky130_fd_pr__special_pfet_01v8_hvt
No property ps found for device sky130_fd_pr__special_pfet_01v8_hvt
No property pd found for device sky130_fd_pr__special_pfet_01v8_hvt
No property mult found for device sky130_fd_pr__special_pfet_01v8_hvt
No property sa found for device sky130_fd_pr__special_pfet_01v8_hvt
No property sb found for device sky130_fd_pr__special_pfet_01v8_hvt
No property sd found for device sky130_fd_pr__special_pfet_01v8_hvt
No property nf found for device sky130_fd_pr__special_pfet_01v8_hvt
No property nrd found for device sky130_fd_pr__special_pfet_01v8_hvt
No property nrs found for device sky130_fd_pr__special_pfet_01v8_hvt
No property area found for device sky130_fd_pr__special_pfet_01v8_hvt
No property perim found for device sky130_fd_pr__special_pfet_01v8_hvt
No property topography found for device sky130_fd_pr__special_pfet_01v8_hvt
No property value found for device sky130_fd_pr__diode_pw2nd_05v5
No property mult found for device sky130_fd_pr__diode_pw2nd_05v5
No property perim found for device sky130_fd_pr__diode_pw2nd_05v5
No property value found for device sky130_fd_pr__diode_pw2nd_05v5
No property mult found for device sky130_fd_pr__diode_pw2nd_05v5
No property perim found for device sky130_fd_pr__diode_pw2nd_05v5
Comparison output logged to file lvs_report.out
Logging to file "lvs_report.out" enabled
Circuit sky130_fd_pr__pfet_01v8_hvt contains no devices.
Circuit sky130_fd_pr__nfet_01v8 contains no devices.
Circuit sky130_fd_pr__special_nfet_01v8 contains no devices.

Contents of circuit 1:  Circuit: 'sky130_fd_sc_hd__decap_3'
Circuit sky130_fd_sc_hd__decap_3 contains 2 device instances.
  Class: sky130_fd_pr__nfet_01v8 instances:   1
  Class: sky130_fd_pr__pfet_01v8_hvt instances:   1
Circuit contains 4 nets.
Contents of circuit 2:  Circuit: 'sky130_fd_sc_hd__decap_3'
Circuit sky130_fd_sc_hd__decap_3 contains 2 device instances.
  Class: sky130_fd_pr__nfet_01v8 instances:   1
  Class: sky130_fd_pr__pfet_01v8_hvt instances:   1
Circuit contains 4 nets.

Circuit 1 contains 2 devices, Circuit 2 contains 2 devices.
Circuit 1 contains 4 nets,    Circuit 2 contains 4 nets.


Contents of circuit 1:  Circuit: 'sky130_fd_sc_hd__nor2_2'
Circuit sky130_fd_sc_hd__nor2_2 contains 8 device instances.
  Class: sky130_fd_pr__nfet_01v8 instances:   4
  Class: sky130_fd_pr__pfet_01v8_hvt instances:   4
Circuit contains 8 nets.
Contents of circuit 2:  Circuit: 'sky130_fd_sc_hd__nor2_2'
Circuit sky130_fd_sc_hd__nor2_2 contains 8 device instances.
  Class: sky130_fd_pr__nfet_01v8 instances:   4
  Class: sky130_fd_pr__pfet_01v8_hvt instances:   4
Circuit contains 8 nets.

Circuit was modified by parallel/series device merging.
New circuit summary:

Contents of circuit 1:  Circuit: 'sky130_fd_sc_hd__nor2_2'
Circuit sky130_fd_sc_hd__nor2_2 contains 4 device instances.
  Class: sky130_fd_pr__nfet_01v8 instances:   2
  Class: sky130_fd_pr__pfet_01v8_hvt instances:   2
Circuit contains 8 nets.
Contents of circuit 2:  Circuit: 'sky130_fd_sc_hd__nor2_2'
Circuit sky130_fd_sc_hd__nor2_2 contains 4 device instances.
  Class: sky130_fd_pr__nfet_01v8 instances:   2
  Class: sky130_fd_pr__pfet_01v8_hvt instances:   2
Circuit contains 8 nets.

Circuit 1 contains 4 devices, Circuit 2 contains 4 devices.
Circuit 1 contains 8 nets,    Circuit 2 contains 8 nets.


Contents of circuit 1:  Circuit: 'sky130_fd_sc_hd__mux2_1'
Circuit sky130_fd_sc_hd__mux2_1 contains 12 device instances.
  Class: sky130_fd_pr__nfet_01v8 instances:   6
  Class: sky130_fd_pr__pfet_01v8_hvt instances:   6
Circuit contains 14 nets.
Contents of circuit 2:  Circuit: 'sky130_fd_sc_hd__mux2_1'
Circuit sky130_fd_sc_hd__mux2_1 contains 12 device instances.
  Class: sky130_fd_pr__nfet_01v8 instances:   6
  Class: sky130_fd_pr__pfet_01v8_hvt instances:   6
Circuit contains 14 nets.

Circuit 1 contains 12 devices, Circuit 2 contains 12 devices.
Circuit 1 contains 14 nets,    Circuit 2 contains 14 nets.


Contents of circuit 1:  Circuit: 'sky130_fd_sc_hd__o21ai_2'
Circuit sky130_fd_sc_hd__o21ai_2 contains 12 device instances.
  Class: sky130_fd_pr__nfet_01v8 instances:   6
  Class: sky130_fd_pr__pfet_01v8_hvt instances:   6
Circuit contains 10 nets.
Contents of circuit 2:  Circuit: 'sky130_fd_sc_hd__o21ai_2'
Circuit sky130_fd_sc_hd__o21ai_2 contains 12 device instances.
  Class: sky130_fd_pr__nfet_01v8 instances:   6
  Class: sky130_fd_pr__pfet_01v8_hvt instances:   6
Circuit contains 10 nets.

Circuit was modified by parallel/series device merging.
New circuit summary:

Contents of circuit 1:  Circuit: 'sky130_fd_sc_hd__o21ai_2'
Circuit sky130_fd_sc_hd__o21ai_2 contains 6 device instances.
  Class: sky130_fd_pr__nfet_01v8 instances:   3
  Class: sky130_fd_pr__pfet_01v8_hvt instances:   3
Circuit contains 10 nets.
Contents of circuit 2:  Circuit: 'sky130_fd_sc_hd__o21ai_2'
Circuit sky130_fd_sc_hd__o21ai_2 contains 6 device instances.
  Class: sky130_fd_pr__nfet_01v8 instances:   3
  Class: sky130_fd_pr__pfet_01v8_hvt instances:   3
Circuit contains 10 nets.

Circuit 1 contains 6 devices, Circuit 2 contains 6 devices.
Circuit 1 contains 10 nets,    Circuit 2 contains 10 nets.


Contents of circuit 1:  Circuit: 'sky130_fd_sc_hd__o31ai_2'
Circuit sky130_fd_sc_hd__o31ai_2 contains 16 device instances.
  Class: sky130_fd_pr__nfet_01v8 instances:   8
  Class: sky130_fd_pr__pfet_01v8_hvt instances:   8
Circuit contains 12 nets.
Contents of circuit 2:  Circuit: 'sky130_fd_sc_hd__o31ai_2'
Circuit sky130_fd_sc_hd__o31ai_2 contains 16 device instances.
  Class: sky130_fd_pr__nfet_01v8 instances:   8
  Class: sky130_fd_pr__pfet_01v8_hvt instances:   8
Circuit contains 12 nets.

Circuit was modified by parallel/series device merging.
New circuit summary:

Contents of circuit 1:  Circuit: 'sky130_fd_sc_hd__o31ai_2'
Circuit sky130_fd_sc_hd__o31ai_2 contains 8 device instances.
  Class: sky130_fd_pr__nfet_01v8 instances:   4
  Class: sky130_fd_pr__pfet_01v8_hvt instances:   4
Circuit contains 12 nets.
Contents of circuit 2:  Circuit: 'sky130_fd_sc_hd__o31ai_2'
Circuit sky130_fd_sc_hd__o31ai_2 contains 8 device instances.
  Class: sky130_fd_pr__nfet_01v8 instances:   4
  Class: sky130_fd_pr__pfet_01v8_hvt instances:   4
Circuit contains 12 nets.

Circuit 1 contains 8 devices, Circuit 2 contains 8 devices.
Circuit 1 contains 12 nets,    Circuit 2 contains 12 nets.


Contents of circuit 1:  Circuit: 'sky130_fd_sc_hd__o21ba_2'
Circuit sky130_fd_sc_hd__o21ba_2 contains 12 device instances.
  Class: sky130_fd_pr__nfet_01v8 instances:   6
  Class: sky130_fd_pr__pfet_01v8_hvt instances:   6
Circuit contains 12 nets.
Contents of circuit 2:  Circuit: 'sky130_fd_sc_hd__o21ba_2'
Circuit sky130_fd_sc_hd__o21ba_2 contains 12 device instances.
  Class: sky130_fd_pr__nfet_01v8 instances:   6
  Class: sky130_fd_pr__pfet_01v8_hvt instances:   6
Circuit contains 12 nets.

Circuit was modified by parallel/series device merging.
New circuit summary:

Contents of circuit 1:  Circuit: 'sky130_fd_sc_hd__o21ba_2'
Circuit sky130_fd_sc_hd__o21ba_2 contains 10 device instances.
  Class: sky130_fd_pr__nfet_01v8 instances:   5
  Class: sky130_fd_pr__pfet_01v8_hvt instances:   5
Circuit contains 12 nets.
Contents of circuit 2:  Circuit: 'sky130_fd_sc_hd__o21ba_2'
Circuit sky130_fd_sc_hd__o21ba_2 contains 10 device instances.
  Class: sky130_fd_pr__nfet_01v8 instances:   5
  Class: sky130_fd_pr__pfet_01v8_hvt instances:   5
Circuit contains 12 nets.

Circuit 1 contains 10 devices, Circuit 2 contains 10 devices.
Circuit 1 contains 12 nets,    Circuit 2 contains 12 nets.


Contents of circuit 1:  Circuit: 'sky130_fd_sc_hd__diode_2'
Circuit sky130_fd_sc_hd__diode_2 contains 1 device instances.
  Class: sky130_fd_pr__diode_pw2nd_05v5 instances:   1
Circuit contains 2 nets, and 3 disconnected pins.
Contents of circuit 2:  Circuit: 'sky130_fd_sc_hd__diode_2'
Circuit sky130_fd_sc_hd__diode_2 contains 1 device instances.
  Class: sky130_fd_pr__diode_pw2nd_05v5 instances:   1
Circuit contains 2 nets, and 3 disconnected pins.

Circuit 1 contains 1 devices, Circuit 2 contains 1 devices.
Circuit 1 contains 2 nets,    Circuit 2 contains 2 nets.


Contents of circuit 1:  Circuit: 'sky130_fd_sc_hd__o32a_2'
Circuit sky130_fd_sc_hd__o32a_2 contains 14 device instances.
  Class: sky130_fd_pr__nfet_01v8 instances:   7
  Class: sky130_fd_pr__pfet_01v8_hvt instances:   7
Circuit contains 15 nets.
Contents of circuit 2:  Circuit: 'sky130_fd_sc_hd__o32a_2'
Circuit sky130_fd_sc_hd__o32a_2 contains 14 device instances.
  Class: sky130_fd_pr__nfet_01v8 instances:   7
  Class: sky130_fd_pr__pfet_01v8_hvt instances:   7
Circuit contains 15 nets.

Circuit was modified by parallel/series device merging.
New circuit summary:

Contents of circuit 1:  Circuit: 'sky130_fd_sc_hd__o32a_2'
Circuit sky130_fd_sc_hd__o32a_2 contains 12 device instances.
  Class: sky130_fd_pr__nfet_01v8 instances:   6
  Class: sky130_fd_pr__pfet_01v8_hvt instances:   6
Circuit contains 15 nets.
Contents of circuit 2:  Circuit: 'sky130_fd_sc_hd__o32a_2'
Circuit sky130_fd_sc_hd__o32a_2 contains 12 device instances.
  Class: sky130_fd_pr__nfet_01v8 instances:   6
  Class: sky130_fd_pr__pfet_01v8_hvt instances:   6
Circuit contains 15 nets.

Circuit 1 contains 12 devices, Circuit 2 contains 12 devices.
Circuit 1 contains 15 nets,    Circuit 2 contains 15 nets.


Contents of circuit 1:  Circuit: 'sky130_fd_sc_hd__buf_2'
Circuit sky130_fd_sc_hd__buf_2 contains 6 device instances.
  Class: sky130_fd_pr__nfet_01v8 instances:   3
  Class: sky130_fd_pr__pfet_01v8_hvt instances:   3
Circuit contains 7 nets.
Contents of circuit 2:  Circuit: 'sky130_fd_sc_hd__buf_2'
Circuit sky130_fd_sc_hd__buf_2 contains 6 device instances.
  Class: sky130_fd_pr__nfet_01v8 instances:   3
  Class: sky130_fd_pr__pfet_01v8_hvt instances:   3
Circuit contains 7 nets.

Circuit was modified by parallel/series device merging.
New circuit summary:

Contents of circuit 1:  Circuit: 'sky130_fd_sc_hd__buf_2'
Circuit sky130_fd_sc_hd__buf_2 contains 4 device instances.
  Class: sky130_fd_pr__nfet_01v8 instances:   2
  Class: sky130_fd_pr__pfet_01v8_hvt instances:   2
Circuit contains 7 nets.
Contents of circuit 2:  Circuit: 'sky130_fd_sc_hd__buf_2'
Circuit sky130_fd_sc_hd__buf_2 contains 4 device instances.
  Class: sky130_fd_pr__nfet_01v8 instances:   2
  Class: sky130_fd_pr__pfet_01v8_hvt instances:   2
Circuit contains 7 nets.

Circuit 1 contains 4 devices, Circuit 2 contains 4 devices.
Circuit 1 contains 7 nets,    Circuit 2 contains 7 nets.


Contents of circuit 1:  Circuit: 'sky130_fd_sc_hd__and2b_2'
Circuit sky130_fd_sc_hd__and2b_2 contains 10 device instances.
  Class: sky130_fd_pr__nfet_01v8 instances:   5
  Class: sky130_fd_pr__pfet_01v8_hvt instances:   5
Circuit contains 10 nets.
Contents of circuit 2:  Circuit: 'sky130_fd_sc_hd__and2b_2'
Circuit sky130_fd_sc_hd__and2b_2 contains 10 device instances.
  Class: sky130_fd_pr__nfet_01v8 instances:   5
  Class: sky130_fd_pr__pfet_01v8_hvt instances:   5
Circuit contains 10 nets.

Circuit was modified by parallel/series device merging.
New circuit summary:

Contents of circuit 1:  Circuit: 'sky130_fd_sc_hd__and2b_2'
Circuit sky130_fd_sc_hd__and2b_2 contains 8 device instances.
  Class: sky130_fd_pr__nfet_01v8 instances:   4
  Class: sky130_fd_pr__pfet_01v8_hvt instances:   4
Circuit contains 10 nets.
Contents of circuit 2:  Circuit: 'sky130_fd_sc_hd__and2b_2'
Circuit sky130_fd_sc_hd__and2b_2 contains 8 device instances.
  Class: sky130_fd_pr__nfet_01v8 instances:   4
  Class: sky130_fd_pr__pfet_01v8_hvt instances:   4
Circuit contains 10 nets.

Circuit 1 contains 8 devices, Circuit 2 contains 8 devices.
Circuit 1 contains 10 nets,    Circuit 2 contains 10 nets.


Contents of circuit 1:  Circuit: 'sky130_fd_sc_hd__mux4_2'
Circuit sky130_fd_sc_hd__mux4_2 contains 28 device instances.
  Class: sky130_fd_pr__nfet_01v8 instances:  10
  Class: sky130_fd_pr__pfet_01v8_hvt instances:  14
  Class: sky130_fd_pr__special_nfet_01v8 instances:   4
Circuit contains 24 nets.
Contents of circuit 2:  Circuit: 'sky130_fd_sc_hd__mux4_2'
Circuit sky130_fd_sc_hd__mux4_2 contains 28 device instances.
  Class: sky130_fd_pr__nfet_01v8 instances:  10
  Class: sky130_fd_pr__pfet_01v8_hvt instances:  14
  Class: sky130_fd_pr__special_nfet_01v8 instances:   4
Circuit contains 24 nets.

Circuit was modified by parallel/series device merging.
New circuit summary:

Contents of circuit 1:  Circuit: 'sky130_fd_sc_hd__mux4_2'
Circuit sky130_fd_sc_hd__mux4_2 contains 26 device instances.
  Class: sky130_fd_pr__nfet_01v8 instances:   9
  Class: sky130_fd_pr__pfet_01v8_hvt instances:  13
  Class: sky130_fd_pr__special_nfet_01v8 instances:   4
Circuit contains 24 nets.
Contents of circuit 2:  Circuit: 'sky130_fd_sc_hd__mux4_2'
Circuit sky130_fd_sc_hd__mux4_2 contains 26 device instances.
  Class: sky130_fd_pr__nfet_01v8 instances:   9
  Class: sky130_fd_pr__pfet_01v8_hvt instances:  13
  Class: sky130_fd_pr__special_nfet_01v8 instances:   4
Circuit contains 24 nets.

Circuit 1 contains 26 devices, Circuit 2 contains 26 devices.
Circuit 1 contains 24 nets,    Circuit 2 contains 24 nets.


Contents of circuit 1:  Circuit: 'sky130_fd_sc_hd__dfxtp_2'
Circuit sky130_fd_sc_hd__dfxtp_2 contains 26 device instances.
  Class: sky130_fd_pr__nfet_01v8 instances:   9
  Class: sky130_fd_pr__pfet_01v8_hvt instances:  13
  Class: sky130_fd_pr__special_nfet_01v8 instances:   4
Circuit contains 18 nets.
Contents of circuit 2:  Circuit: 'sky130_fd_sc_hd__dfxtp_2'
Circuit sky130_fd_sc_hd__dfxtp_2 contains 26 device instances.
  Class: sky130_fd_pr__nfet_01v8 instances:   9
  Class: sky130_fd_pr__pfet_01v8_hvt instances:  13
  Class: sky130_fd_pr__special_nfet_01v8 instances:   4
Circuit contains 18 nets.

Circuit was modified by parallel/series device merging.
New circuit summary:

Contents of circuit 1:  Circuit: 'sky130_fd_sc_hd__dfxtp_2'
Circuit sky130_fd_sc_hd__dfxtp_2 contains 24 device instances.
  Class: sky130_fd_pr__nfet_01v8 instances:   8
  Class: sky130_fd_pr__pfet_01v8_hvt instances:  12
  Class: sky130_fd_pr__special_nfet_01v8 instances:   4
Circuit contains 18 nets.
Contents of circuit 2:  Circuit: 'sky130_fd_sc_hd__dfxtp_2'
Circuit sky130_fd_sc_hd__dfxtp_2 contains 24 device instances.
  Class: sky130_fd_pr__nfet_01v8 instances:   8
  Class: sky130_fd_pr__pfet_01v8_hvt instances:  12
  Class: sky130_fd_pr__special_nfet_01v8 instances:   4
Circuit contains 18 nets.

Circuit 1 contains 24 devices, Circuit 2 contains 24 devices.
Circuit 1 contains 18 nets,    Circuit 2 contains 18 nets.


Contents of circuit 1:  Circuit: 'sky130_fd_sc_hd__a32o_2'
Circuit sky130_fd_sc_hd__a32o_2 contains 14 device instances.
  Class: sky130_fd_pr__nfet_01v8 instances:   7
  Class: sky130_fd_pr__pfet_01v8_hvt instances:   7
Circuit contains 15 nets.
Contents of circuit 2:  Circuit: 'sky130_fd_sc_hd__a32o_2'
Circuit sky130_fd_sc_hd__a32o_2 contains 14 device instances.
  Class: sky130_fd_pr__nfet_01v8 instances:   7
  Class: sky130_fd_pr__pfet_01v8_hvt instances:   7
Circuit contains 15 nets.

Circuit was modified by parallel/series device merging.
New circuit summary:

Contents of circuit 1:  Circuit: 'sky130_fd_sc_hd__a32o_2'
Circuit sky130_fd_sc_hd__a32o_2 contains 12 device instances.
  Class: sky130_fd_pr__nfet_01v8 instances:   6
  Class: sky130_fd_pr__pfet_01v8_hvt instances:   6
Circuit contains 15 nets.
Contents of circuit 2:  Circuit: 'sky130_fd_sc_hd__a32o_2'
Circuit sky130_fd_sc_hd__a32o_2 contains 12 device instances.
  Class: sky130_fd_pr__nfet_01v8 instances:   6
  Class: sky130_fd_pr__pfet_01v8_hvt instances:   6
Circuit contains 15 nets.

Circuit 1 contains 12 devices, Circuit 2 contains 12 devices.
Circuit 1 contains 15 nets,    Circuit 2 contains 15 nets.


Contents of circuit 1:  Circuit: 'sky130_fd_sc_hd__o211a_2'
Circuit sky130_fd_sc_hd__o211a_2 contains 12 device instances.
  Class: sky130_fd_pr__nfet_01v8 instances:   6
  Class: sky130_fd_pr__pfet_01v8_hvt instances:   6
Circuit contains 13 nets.
Contents of circuit 2:  Circuit: 'sky130_fd_sc_hd__o211a_2'
Circuit sky130_fd_sc_hd__o211a_2 contains 12 device instances.
  Class: sky130_fd_pr__nfet_01v8 instances:   6
  Class: sky130_fd_pr__pfet_01v8_hvt instances:   6
Circuit contains 13 nets.

Circuit was modified by parallel/series device merging.
New circuit summary:

Contents of circuit 1:  Circuit: 'sky130_fd_sc_hd__o211a_2'
Circuit sky130_fd_sc_hd__o211a_2 contains 10 device instances.
  Class: sky130_fd_pr__nfet_01v8 instances:   5
  Class: sky130_fd_pr__pfet_01v8_hvt instances:   5
Circuit contains 13 nets.
Contents of circuit 2:  Circuit: 'sky130_fd_sc_hd__o211a_2'
Circuit sky130_fd_sc_hd__o211a_2 contains 10 device instances.
  Class: sky130_fd_pr__nfet_01v8 instances:   5
  Class: sky130_fd_pr__pfet_01v8_hvt instances:   5
Circuit contains 13 nets.

Circuit 1 contains 10 devices, Circuit 2 contains 10 devices.
Circuit 1 contains 13 nets,    Circuit 2 contains 13 nets.


Contents of circuit 1:  Circuit: 'sky130_fd_sc_hd__a211o_2'
Circuit sky130_fd_sc_hd__a211o_2 contains 12 device instances.
  Class: sky130_fd_pr__nfet_01v8 instances:   6
  Class: sky130_fd_pr__pfet_01v8_hvt instances:   6
Circuit contains 13 nets.
Contents of circuit 2:  Circuit: 'sky130_fd_sc_hd__a211o_2'
Circuit sky130_fd_sc_hd__a211o_2 contains 12 device instances.
  Class: sky130_fd_pr__nfet_01v8 instances:   6
  Class: sky130_fd_pr__pfet_01v8_hvt instances:   6
Circuit contains 13 nets.

Circuit was modified by parallel/series device merging.
New circuit summary:

Contents of circuit 1:  Circuit: 'sky130_fd_sc_hd__a211o_2'
Circuit sky130_fd_sc_hd__a211o_2 contains 10 device instances.
  Class: sky130_fd_pr__nfet_01v8 instances:   5
  Class: sky130_fd_pr__pfet_01v8_hvt instances:   5
Circuit contains 13 nets.
Contents of circuit 2:  Circuit: 'sky130_fd_sc_hd__a211o_2'
Circuit sky130_fd_sc_hd__a211o_2 contains 10 device instances.
  Class: sky130_fd_pr__nfet_01v8 instances:   5
  Class: sky130_fd_pr__pfet_01v8_hvt instances:   5
Circuit contains 13 nets.

Circuit 1 contains 10 devices, Circuit 2 contains 10 devices.
Circuit 1 contains 13 nets,    Circuit 2 contains 13 nets.


Contents of circuit 1:  Circuit: 'sky130_fd_sc_hd__buf_6'
Circuit sky130_fd_sc_hd__buf_6 contains 16 device instances.
  Class: sky130_fd_pr__nfet_01v8 instances:   8
  Class: sky130_fd_pr__pfet_01v8_hvt instances:   8
Circuit contains 7 nets.
Contents of circuit 2:  Circuit: 'sky130_fd_sc_hd__buf_6'
Circuit sky130_fd_sc_hd__buf_6 contains 16 device instances.
  Class: sky130_fd_pr__nfet_01v8 instances:   8
  Class: sky130_fd_pr__pfet_01v8_hvt instances:   8
Circuit contains 7 nets.

Circuit was modified by parallel/series device merging.
New circuit summary:

Contents of circuit 1:  Circuit: 'sky130_fd_sc_hd__buf_6'
Circuit sky130_fd_sc_hd__buf_6 contains 4 device instances.
  Class: sky130_fd_pr__nfet_01v8 instances:   2
  Class: sky130_fd_pr__pfet_01v8_hvt instances:   2
Circuit contains 7 nets.
Contents of circuit 2:  Circuit: 'sky130_fd_sc_hd__buf_6'
Circuit sky130_fd_sc_hd__buf_6 contains 4 device instances.
  Class: sky130_fd_pr__nfet_01v8 instances:   2
  Class: sky130_fd_pr__pfet_01v8_hvt instances:   2
Circuit contains 7 nets.

Circuit 1 contains 4 devices, Circuit 2 contains 4 devices.
Circuit 1 contains 7 nets,    Circuit 2 contains 7 nets.


Contents of circuit 1:  Circuit: 'sky130_fd_sc_hd__o22a_2'
Circuit sky130_fd_sc_hd__o22a_2 contains 12 device instances.
  Class: sky130_fd_pr__nfet_01v8 instances:   6
  Class: sky130_fd_pr__pfet_01v8_hvt instances:   6
Circuit contains 13 nets.
Contents of circuit 2:  Circuit: 'sky130_fd_sc_hd__o22a_2'
Circuit sky130_fd_sc_hd__o22a_2 contains 12 device instances.
  Class: sky130_fd_pr__nfet_01v8 instances:   6
  Class: sky130_fd_pr__pfet_01v8_hvt instances:   6
Circuit contains 13 nets.

Circuit was modified by parallel/series device merging.
New circuit summary:

Contents of circuit 1:  Circuit: 'sky130_fd_sc_hd__o22a_2'
Circuit sky130_fd_sc_hd__o22a_2 contains 10 device instances.
  Class: sky130_fd_pr__nfet_01v8 instances:   5
  Class: sky130_fd_pr__pfet_01v8_hvt instances:   5
Circuit contains 13 nets.
Contents of circuit 2:  Circuit: 'sky130_fd_sc_hd__o22a_2'
Circuit sky130_fd_sc_hd__o22a_2 contains 10 device instances.
  Class: sky130_fd_pr__nfet_01v8 instances:   5
  Class: sky130_fd_pr__pfet_01v8_hvt instances:   5
Circuit contains 13 nets.

Circuit 1 contains 10 devices, Circuit 2 contains 10 devices.
Circuit 1 contains 13 nets,    Circuit 2 contains 13 nets.


Contents of circuit 1:  Circuit: 'sky130_fd_sc_hd__clkbuf_2'
Circuit sky130_fd_sc_hd__clkbuf_2 contains 6 device instances.
  Class: sky130_fd_pr__nfet_01v8 instances:   3
  Class: sky130_fd_pr__pfet_01v8_hvt instances:   3
Circuit contains 7 nets.
Contents of circuit 2:  Circuit: 'sky130_fd_sc_hd__clkbuf_2'
Circuit sky130_fd_sc_hd__clkbuf_2 contains 6 device instances.
  Class: sky130_fd_pr__nfet_01v8 instances:   3
  Class: sky130_fd_pr__pfet_01v8_hvt instances:   3
Circuit contains 7 nets.

Circuit was modified by parallel/series device merging.
New circuit summary:

Contents of circuit 1:  Circuit: 'sky130_fd_sc_hd__clkbuf_2'
Circuit sky130_fd_sc_hd__clkbuf_2 contains 4 device instances.
  Class: sky130_fd_pr__nfet_01v8 instances:   2
  Class: sky130_fd_pr__pfet_01v8_hvt instances:   2
Circuit contains 7 nets.
Contents of circuit 2:  Circuit: 'sky130_fd_sc_hd__clkbuf_2'
Circuit sky130_fd_sc_hd__clkbuf_2 contains 4 device instances.
  Class: sky130_fd_pr__nfet_01v8 instances:   2
  Class: sky130_fd_pr__pfet_01v8_hvt instances:   2
Circuit contains 7 nets.

Circuit 1 contains 4 devices, Circuit 2 contains 4 devices.
Circuit 1 contains 7 nets,    Circuit 2 contains 7 nets.


Contents of circuit 1:  Circuit: 'sky130_fd_sc_hd__a22o_2'
Circuit sky130_fd_sc_hd__a22o_2 contains 12 device instances.
  Class: sky130_fd_pr__nfet_01v8 instances:   6
  Class: sky130_fd_pr__pfet_01v8_hvt instances:   6
Circuit contains 13 nets.
Contents of circuit 2:  Circuit: 'sky130_fd_sc_hd__a22o_2'
Circuit sky130_fd_sc_hd__a22o_2 contains 12 device instances.
  Class: sky130_fd_pr__nfet_01v8 instances:   6
  Class: sky130_fd_pr__pfet_01v8_hvt instances:   6
Circuit contains 13 nets.

Circuit was modified by parallel/series device merging.
New circuit summary:

Contents of circuit 1:  Circuit: 'sky130_fd_sc_hd__a22o_2'
Circuit sky130_fd_sc_hd__a22o_2 contains 10 device instances.
  Class: sky130_fd_pr__nfet_01v8 instances:   5
  Class: sky130_fd_pr__pfet_01v8_hvt instances:   5
Circuit contains 13 nets.
Contents of circuit 2:  Circuit: 'sky130_fd_sc_hd__a22o_2'
Circuit sky130_fd_sc_hd__a22o_2 contains 10 device instances.
  Class: sky130_fd_pr__nfet_01v8 instances:   5
  Class: sky130_fd_pr__pfet_01v8_hvt instances:   5
Circuit contains 13 nets.

Circuit 1 contains 10 devices, Circuit 2 contains 10 devices.
Circuit 1 contains 13 nets,    Circuit 2 contains 13 nets.


Contents of circuit 1:  Circuit: 'sky130_fd_sc_hd__o211ai_2'
Circuit sky130_fd_sc_hd__o211ai_2 contains 16 device instances.
  Class: sky130_fd_pr__nfet_01v8 instances:   8
  Class: sky130_fd_pr__pfet_01v8_hvt instances:   8
Circuit contains 12 nets.
Contents of circuit 2:  Circuit: 'sky130_fd_sc_hd__o211ai_2'
Circuit sky130_fd_sc_hd__o211ai_2 contains 16 device instances.
  Class: sky130_fd_pr__nfet_01v8 instances:   8
  Class: sky130_fd_pr__pfet_01v8_hvt instances:   8
Circuit contains 12 nets.

Circuit was modified by parallel/series device merging.
New circuit summary:

Contents of circuit 1:  Circuit: 'sky130_fd_sc_hd__o211ai_2'
Circuit sky130_fd_sc_hd__o211ai_2 contains 8 device instances.
  Class: sky130_fd_pr__nfet_01v8 instances:   4
  Class: sky130_fd_pr__pfet_01v8_hvt instances:   4
Circuit contains 12 nets.
Contents of circuit 2:  Circuit: 'sky130_fd_sc_hd__o211ai_2'
Circuit sky130_fd_sc_hd__o211ai_2 contains 8 device instances.
  Class: sky130_fd_pr__nfet_01v8 instances:   4
  Class: sky130_fd_pr__pfet_01v8_hvt instances:   4
Circuit contains 12 nets.

Circuit 1 contains 8 devices, Circuit 2 contains 8 devices.
Circuit 1 contains 12 nets,    Circuit 2 contains 12 nets.


Contents of circuit 1:  Circuit: 'sky130_fd_sc_hd__or2b_2'
Circuit sky130_fd_sc_hd__or2b_2 contains 10 device instances.
  Class: sky130_fd_pr__nfet_01v8 instances:   5
  Class: sky130_fd_pr__pfet_01v8_hvt instances:   5
Circuit contains 10 nets.
Contents of circuit 2:  Circuit: 'sky130_fd_sc_hd__or2b_2'
Circuit sky130_fd_sc_hd__or2b_2 contains 10 device instances.
  Class: sky130_fd_pr__nfet_01v8 instances:   5
  Class: sky130_fd_pr__pfet_01v8_hvt instances:   5
Circuit contains 10 nets.

Circuit was modified by parallel/series device merging.
New circuit summary:

Contents of circuit 1:  Circuit: 'sky130_fd_sc_hd__or2b_2'
Circuit sky130_fd_sc_hd__or2b_2 contains 8 device instances.
  Class: sky130_fd_pr__nfet_01v8 instances:   4
  Class: sky130_fd_pr__pfet_01v8_hvt instances:   4
Circuit contains 10 nets.
Contents of circuit 2:  Circuit: 'sky130_fd_sc_hd__or2b_2'
Circuit sky130_fd_sc_hd__or2b_2 contains 8 device instances.
  Class: sky130_fd_pr__nfet_01v8 instances:   4
  Class: sky130_fd_pr__pfet_01v8_hvt instances:   4
Circuit contains 10 nets.

Circuit 1 contains 8 devices, Circuit 2 contains 8 devices.
Circuit 1 contains 10 nets,    Circuit 2 contains 10 nets.


Contents of circuit 1:  Circuit: 'sky130_fd_sc_hd__a31o_2'
Circuit sky130_fd_sc_hd__a31o_2 contains 12 device instances.
  Class: sky130_fd_pr__nfet_01v8 instances:   6
  Class: sky130_fd_pr__pfet_01v8_hvt instances:   6
Circuit contains 13 nets.
Contents of circuit 2:  Circuit: 'sky130_fd_sc_hd__a31o_2'
Circuit sky130_fd_sc_hd__a31o_2 contains 12 device instances.
  Class: sky130_fd_pr__nfet_01v8 instances:   6
  Class: sky130_fd_pr__pfet_01v8_hvt instances:   6
Circuit contains 13 nets.

Circuit was modified by parallel/series device merging.
New circuit summary:

Contents of circuit 1:  Circuit: 'sky130_fd_sc_hd__a31o_2'
Circuit sky130_fd_sc_hd__a31o_2 contains 10 device instances.
  Class: sky130_fd_pr__nfet_01v8 instances:   5
  Class: sky130_fd_pr__pfet_01v8_hvt instances:   5
Circuit contains 13 nets.
Contents of circuit 2:  Circuit: 'sky130_fd_sc_hd__a31o_2'
Circuit sky130_fd_sc_hd__a31o_2 contains 10 device instances.
  Class: sky130_fd_pr__nfet_01v8 instances:   5
  Class: sky130_fd_pr__pfet_01v8_hvt instances:   5
Circuit contains 13 nets.

Circuit 1 contains 10 devices, Circuit 2 contains 10 devices.
Circuit 1 contains 13 nets,    Circuit 2 contains 13 nets.


Contents of circuit 1:  Circuit: 'sky130_fd_sc_hd__or3_2'
Circuit sky130_fd_sc_hd__or3_2 contains 10 device instances.
  Class: sky130_fd_pr__nfet_01v8 instances:   5
  Class: sky130_fd_pr__pfet_01v8_hvt instances:   5
Circuit contains 11 nets.
Contents of circuit 2:  Circuit: 'sky130_fd_sc_hd__or3_2'
Circuit sky130_fd_sc_hd__or3_2 contains 10 device instances.
  Class: sky130_fd_pr__nfet_01v8 instances:   5
  Class: sky130_fd_pr__pfet_01v8_hvt instances:   5
Circuit contains 11 nets.

Circuit was modified by parallel/series device merging.
New circuit summary:

Contents of circuit 1:  Circuit: 'sky130_fd_sc_hd__or3_2'
Circuit sky130_fd_sc_hd__or3_2 contains 8 device instances.
  Class: sky130_fd_pr__nfet_01v8 instances:   4
  Class: sky130_fd_pr__pfet_01v8_hvt instances:   4
Circuit contains 11 nets.
Contents of circuit 2:  Circuit: 'sky130_fd_sc_hd__or3_2'
Circuit sky130_fd_sc_hd__or3_2 contains 8 device instances.
  Class: sky130_fd_pr__nfet_01v8 instances:   4
  Class: sky130_fd_pr__pfet_01v8_hvt instances:   4
Circuit contains 11 nets.

Circuit 1 contains 8 devices, Circuit 2 contains 8 devices.
Circuit 1 contains 11 nets,    Circuit 2 contains 11 nets.


Contents of circuit 1:  Circuit: 'sky130_fd_sc_hd__buf_4'
Circuit sky130_fd_sc_hd__buf_4 contains 10 device instances.
  Class: sky130_fd_pr__nfet_01v8 instances:   5
  Class: sky130_fd_pr__pfet_01v8_hvt instances:   5
Circuit contains 7 nets.
Contents of circuit 2:  Circuit: 'sky130_fd_sc_hd__buf_4'
Circuit sky130_fd_sc_hd__buf_4 contains 10 device instances.
  Class: sky130_fd_pr__nfet_01v8 instances:   5
  Class: sky130_fd_pr__pfet_01v8_hvt instances:   5
Circuit contains 7 nets.

Circuit was modified by parallel/series device merging.
New circuit summary:

Contents of circuit 1:  Circuit: 'sky130_fd_sc_hd__buf_4'
Circuit sky130_fd_sc_hd__buf_4 contains 4 device instances.
  Class: sky130_fd_pr__nfet_01v8 instances:   2
  Class: sky130_fd_pr__pfet_01v8_hvt instances:   2
Circuit contains 7 nets.
Contents of circuit 2:  Circuit: 'sky130_fd_sc_hd__buf_4'
Circuit sky130_fd_sc_hd__buf_4 contains 4 device instances.
  Class: sky130_fd_pr__nfet_01v8 instances:   2
  Class: sky130_fd_pr__pfet_01v8_hvt instances:   2
Circuit contains 7 nets.

Circuit 1 contains 4 devices, Circuit 2 contains 4 devices.
Circuit 1 contains 7 nets,    Circuit 2 contains 7 nets.


Contents of circuit 1:  Circuit: 'sky130_fd_sc_hd__a21o_2'
Circuit sky130_fd_sc_hd__a21o_2 contains 10 device instances.
  Class: sky130_fd_pr__nfet_01v8 instances:   5
  Class: sky130_fd_pr__pfet_01v8_hvt instances:   5
Circuit contains 11 nets.
Contents of circuit 2:  Circuit: 'sky130_fd_sc_hd__a21o_2'
Circuit sky130_fd_sc_hd__a21o_2 contains 10 device instances.
  Class: sky130_fd_pr__nfet_01v8 instances:   5
  Class: sky130_fd_pr__pfet_01v8_hvt instances:   5
Circuit contains 11 nets.

Circuit was modified by parallel/series device merging.
New circuit summary:

Contents of circuit 1:  Circuit: 'sky130_fd_sc_hd__a21o_2'
Circuit sky130_fd_sc_hd__a21o_2 contains 8 device instances.
  Class: sky130_fd_pr__nfet_01v8 instances:   4
  Class: sky130_fd_pr__pfet_01v8_hvt instances:   4
Circuit contains 11 nets.
Contents of circuit 2:  Circuit: 'sky130_fd_sc_hd__a21o_2'
Circuit sky130_fd_sc_hd__a21o_2 contains 8 device instances.
  Class: sky130_fd_pr__nfet_01v8 instances:   4
  Class: sky130_fd_pr__pfet_01v8_hvt instances:   4
Circuit contains 11 nets.

Circuit 1 contains 8 devices, Circuit 2 contains 8 devices.
Circuit 1 contains 11 nets,    Circuit 2 contains 11 nets.


Contents of circuit 1:  Circuit: 'sky130_fd_sc_hd__a31oi_2'
Circuit sky130_fd_sc_hd__a31oi_2 contains 16 device instances.
  Class: sky130_fd_pr__nfet_01v8 instances:   8
  Class: sky130_fd_pr__pfet_01v8_hvt instances:   8
Circuit contains 12 nets.
Contents of circuit 2:  Circuit: 'sky130_fd_sc_hd__a31oi_2'
Circuit sky130_fd_sc_hd__a31oi_2 contains 16 device instances.
  Class: sky130_fd_pr__nfet_01v8 instances:   8
  Class: sky130_fd_pr__pfet_01v8_hvt instances:   8
Circuit contains 12 nets.

Circuit was modified by parallel/series device merging.
New circuit summary:

Contents of circuit 1:  Circuit: 'sky130_fd_sc_hd__a31oi_2'
Circuit sky130_fd_sc_hd__a31oi_2 contains 8 device instances.
  Class: sky130_fd_pr__nfet_01v8 instances:   4
  Class: sky130_fd_pr__pfet_01v8_hvt instances:   4
Circuit contains 12 nets.
Contents of circuit 2:  Circuit: 'sky130_fd_sc_hd__a31oi_2'
Circuit sky130_fd_sc_hd__a31oi_2 contains 8 device instances.
  Class: sky130_fd_pr__nfet_01v8 instances:   4
  Class: sky130_fd_pr__pfet_01v8_hvt instances:   4
Circuit contains 12 nets.

Circuit 1 contains 8 devices, Circuit 2 contains 8 devices.
Circuit 1 contains 12 nets,    Circuit 2 contains 12 nets.


Contents of circuit 1:  Circuit: 'sky130_fd_sc_hd__or4_2'
Circuit sky130_fd_sc_hd__or4_2 contains 12 device instances.
  Class: sky130_fd_pr__nfet_01v8 instances:   6
  Class: sky130_fd_pr__pfet_01v8_hvt instances:   6
Circuit contains 13 nets.
Contents of circuit 2:  Circuit: 'sky130_fd_sc_hd__or4_2'
Circuit sky130_fd_sc_hd__or4_2 contains 12 device instances.
  Class: sky130_fd_pr__nfet_01v8 instances:   6
  Class: sky130_fd_pr__pfet_01v8_hvt instances:   6
Circuit contains 13 nets.

Circuit was modified by parallel/series device merging.
New circuit summary:

Contents of circuit 1:  Circuit: 'sky130_fd_sc_hd__or4_2'
Circuit sky130_fd_sc_hd__or4_2 contains 10 device instances.
  Class: sky130_fd_pr__nfet_01v8 instances:   5
  Class: sky130_fd_pr__pfet_01v8_hvt instances:   5
Circuit contains 13 nets.
Contents of circuit 2:  Circuit: 'sky130_fd_sc_hd__or4_2'
Circuit sky130_fd_sc_hd__or4_2 contains 10 device instances.
  Class: sky130_fd_pr__nfet_01v8 instances:   5
  Class: sky130_fd_pr__pfet_01v8_hvt instances:   5
Circuit contains 13 nets.

Circuit 1 contains 10 devices, Circuit 2 contains 10 devices.
Circuit 1 contains 13 nets,    Circuit 2 contains 13 nets.


Contents of circuit 1:  Circuit: 'sky130_fd_sc_hd__a21oi_2'
Circuit sky130_fd_sc_hd__a21oi_2 contains 12 device instances.
  Class: sky130_fd_pr__nfet_01v8 instances:   6
  Class: sky130_fd_pr__pfet_01v8_hvt instances:   6
Circuit contains 11 nets.
Contents of circuit 2:  Circuit: 'sky130_fd_sc_hd__a21oi_2'
Circuit sky130_fd_sc_hd__a21oi_2 contains 12 device instances.
  Class: sky130_fd_pr__nfet_01v8 instances:   6
  Class: sky130_fd_pr__pfet_01v8_hvt instances:   6
Circuit contains 11 nets.

Circuit was modified by parallel/series device merging.
New circuit summary:

Contents of circuit 1:  Circuit: 'sky130_fd_sc_hd__a21oi_2'
Circuit sky130_fd_sc_hd__a21oi_2 contains 8 device instances.
  Class: sky130_fd_pr__nfet_01v8 instances:   5
  Class: sky130_fd_pr__pfet_01v8_hvt instances:   3
Circuit contains 11 nets.
Contents of circuit 2:  Circuit: 'sky130_fd_sc_hd__a21oi_2'
Circuit sky130_fd_sc_hd__a21oi_2 contains 8 device instances.
  Class: sky130_fd_pr__nfet_01v8 instances:   5
  Class: sky130_fd_pr__pfet_01v8_hvt instances:   3
Circuit contains 11 nets.

Circuit 1 contains 8 devices, Circuit 2 contains 8 devices.
Circuit 1 contains 11 nets,    Circuit 2 contains 11 nets.


Contents of circuit 1:  Circuit: 'sky130_fd_sc_hd__clkbuf_8'
Circuit sky130_fd_sc_hd__clkbuf_8 contains 20 device instances.
  Class: sky130_fd_pr__nfet_01v8 instances:  10
  Class: sky130_fd_pr__pfet_01v8_hvt instances:  10
Circuit contains 7 nets.
Contents of circuit 2:  Circuit: 'sky130_fd_sc_hd__clkbuf_8'
Circuit sky130_fd_sc_hd__clkbuf_8 contains 20 device instances.
  Class: sky130_fd_pr__nfet_01v8 instances:  10
  Class: sky130_fd_pr__pfet_01v8_hvt instances:  10
Circuit contains 7 nets.

Circuit was modified by parallel/series device merging.
New circuit summary:

Contents of circuit 1:  Circuit: 'sky130_fd_sc_hd__clkbuf_8'
Circuit sky130_fd_sc_hd__clkbuf_8 contains 4 device instances.
  Class: sky130_fd_pr__nfet_01v8 instances:   2
  Class: sky130_fd_pr__pfet_01v8_hvt instances:   2
Circuit contains 7 nets.
Contents of circuit 2:  Circuit: 'sky130_fd_sc_hd__clkbuf_8'
Circuit sky130_fd_sc_hd__clkbuf_8 contains 4 device instances.
  Class: sky130_fd_pr__nfet_01v8 instances:   2
  Class: sky130_fd_pr__pfet_01v8_hvt instances:   2
Circuit contains 7 nets.

Circuit 1 contains 4 devices, Circuit 2 contains 4 devices.
Circuit 1 contains 7 nets,    Circuit 2 contains 7 nets.


Contents of circuit 1:  Circuit: 'sky130_fd_sc_hd__nor2b_2'
Circuit sky130_fd_sc_hd__nor2b_2 contains 10 device instances.
  Class: sky130_fd_pr__nfet_01v8 instances:   5
  Class: sky130_fd_pr__pfet_01v8_hvt instances:   5
Circuit contains 9 nets.
Contents of circuit 2:  Circuit: 'sky130_fd_sc_hd__nor2b_2'
Circuit sky130_fd_sc_hd__nor2b_2 contains 10 device instances.
  Class: sky130_fd_pr__nfet_01v8 instances:   5
  Class: sky130_fd_pr__pfet_01v8_hvt instances:   5
Circuit contains 9 nets.

Circuit was modified by parallel/series device merging.
New circuit summary:

Contents of circuit 1:  Circuit: 'sky130_fd_sc_hd__nor2b_2'
Circuit sky130_fd_sc_hd__nor2b_2 contains 6 device instances.
  Class: sky130_fd_pr__nfet_01v8 instances:   3
  Class: sky130_fd_pr__pfet_01v8_hvt instances:   3
Circuit contains 9 nets.
Contents of circuit 2:  Circuit: 'sky130_fd_sc_hd__nor2b_2'
Circuit sky130_fd_sc_hd__nor2b_2 contains 6 device instances.
  Class: sky130_fd_pr__nfet_01v8 instances:   3
  Class: sky130_fd_pr__pfet_01v8_hvt instances:   3
Circuit contains 9 nets.

Circuit 1 contains 6 devices, Circuit 2 contains 6 devices.
Circuit 1 contains 9 nets,    Circuit 2 contains 9 nets.


Contents of circuit 1:  Circuit: 'sky130_fd_sc_hd__nand2_2'
Circuit sky130_fd_sc_hd__nand2_2 contains 8 device instances.
  Class: sky130_fd_pr__nfet_01v8 instances:   4
  Class: sky130_fd_pr__pfet_01v8_hvt instances:   4
Circuit contains 8 nets.
Contents of circuit 2:  Circuit: 'sky130_fd_sc_hd__nand2_2'
Circuit sky130_fd_sc_hd__nand2_2 contains 8 device instances.
  Class: sky130_fd_pr__nfet_01v8 instances:   4
  Class: sky130_fd_pr__pfet_01v8_hvt instances:   4
Circuit contains 8 nets.

Circuit was modified by parallel/series device merging.
New circuit summary:

Contents of circuit 1:  Circuit: 'sky130_fd_sc_hd__nand2_2'
Circuit sky130_fd_sc_hd__nand2_2 contains 4 device instances.
  Class: sky130_fd_pr__nfet_01v8 instances:   2
  Class: sky130_fd_pr__pfet_01v8_hvt instances:   2
Circuit contains 8 nets.
Contents of circuit 2:  Circuit: 'sky130_fd_sc_hd__nand2_2'
Circuit sky130_fd_sc_hd__nand2_2 contains 4 device instances.
  Class: sky130_fd_pr__nfet_01v8 instances:   2
  Class: sky130_fd_pr__pfet_01v8_hvt instances:   2
Circuit contains 8 nets.

Circuit 1 contains 4 devices, Circuit 2 contains 4 devices.
Circuit 1 contains 8 nets,    Circuit 2 contains 8 nets.


Contents of circuit 1:  Circuit: 'sky130_fd_sc_hd__nand3_2'
Circuit sky130_fd_sc_hd__nand3_2 contains 12 device instances.
  Class: sky130_fd_pr__nfet_01v8 instances:   6
  Class: sky130_fd_pr__pfet_01v8_hvt instances:   6
Circuit contains 10 nets.
Contents of circuit 2:  Circuit: 'sky130_fd_sc_hd__nand3_2'
Circuit sky130_fd_sc_hd__nand3_2 contains 12 device instances.
  Class: sky130_fd_pr__nfet_01v8 instances:   6
  Class: sky130_fd_pr__pfet_01v8_hvt instances:   6
Circuit contains 10 nets.

Circuit was modified by parallel/series device merging.
New circuit summary:

Contents of circuit 1:  Circuit: 'sky130_fd_sc_hd__nand3_2'
Circuit sky130_fd_sc_hd__nand3_2 contains 6 device instances.
  Class: sky130_fd_pr__nfet_01v8 instances:   3
  Class: sky130_fd_pr__pfet_01v8_hvt instances:   3
Circuit contains 10 nets.
Contents of circuit 2:  Circuit: 'sky130_fd_sc_hd__nand3_2'
Circuit sky130_fd_sc_hd__nand3_2 contains 6 device instances.
  Class: sky130_fd_pr__nfet_01v8 instances:   3
  Class: sky130_fd_pr__pfet_01v8_hvt instances:   3
Circuit contains 10 nets.

Circuit 1 contains 6 devices, Circuit 2 contains 6 devices.
Circuit 1 contains 10 nets,    Circuit 2 contains 10 nets.


Contents of circuit 1:  Circuit: 'sky130_fd_sc_hd__a2bb2o_2'
Circuit sky130_fd_sc_hd__a2bb2o_2 contains 14 device instances.
  Class: sky130_fd_pr__nfet_01v8 instances:   7
  Class: sky130_fd_pr__pfet_01v8_hvt instances:   7
Circuit contains 14 nets.
Contents of circuit 2:  Circuit: 'sky130_fd_sc_hd__a2bb2o_2'
Circuit sky130_fd_sc_hd__a2bb2o_2 contains 14 device instances.
  Class: sky130_fd_pr__nfet_01v8 instances:   7
  Class: sky130_fd_pr__pfet_01v8_hvt instances:   7
Circuit contains 14 nets.

Circuit was modified by parallel/series device merging.
New circuit summary:

Contents of circuit 1:  Circuit: 'sky130_fd_sc_hd__a2bb2o_2'
Circuit sky130_fd_sc_hd__a2bb2o_2 contains 12 device instances.
  Class: sky130_fd_pr__nfet_01v8 instances:   6
  Class: sky130_fd_pr__pfet_01v8_hvt instances:   6
Circuit contains 14 nets.
Contents of circuit 2:  Circuit: 'sky130_fd_sc_hd__a2bb2o_2'
Circuit sky130_fd_sc_hd__a2bb2o_2 contains 12 device instances.
  Class: sky130_fd_pr__nfet_01v8 instances:   6
  Class: sky130_fd_pr__pfet_01v8_hvt instances:   6
Circuit contains 14 nets.

Circuit 1 contains 12 devices, Circuit 2 contains 12 devices.
Circuit 1 contains 14 nets,    Circuit 2 contains 14 nets.


Contents of circuit 1:  Circuit: 'sky130_fd_sc_hd__clkbuf_4'
Circuit sky130_fd_sc_hd__clkbuf_4 contains 10 device instances.
  Class: sky130_fd_pr__nfet_01v8 instances:   5
  Class: sky130_fd_pr__pfet_01v8_hvt instances:   5
Circuit contains 7 nets.
Contents of circuit 2:  Circuit: 'sky130_fd_sc_hd__clkbuf_4'
Circuit sky130_fd_sc_hd__clkbuf_4 contains 10 device instances.
  Class: sky130_fd_pr__nfet_01v8 instances:   5
  Class: sky130_fd_pr__pfet_01v8_hvt instances:   5
Circuit contains 7 nets.

Circuit was modified by parallel/series device merging.
New circuit summary:

Contents of circuit 1:  Circuit: 'sky130_fd_sc_hd__clkbuf_4'
Circuit sky130_fd_sc_hd__clkbuf_4 contains 4 device instances.
  Class: sky130_fd_pr__nfet_01v8 instances:   2
  Class: sky130_fd_pr__pfet_01v8_hvt instances:   2
Circuit contains 7 nets.
Contents of circuit 2:  Circuit: 'sky130_fd_sc_hd__clkbuf_4'
Circuit sky130_fd_sc_hd__clkbuf_4 contains 4 device instances.
  Class: sky130_fd_pr__nfet_01v8 instances:   2
  Class: sky130_fd_pr__pfet_01v8_hvt instances:   2
Circuit contains 7 nets.

Circuit 1 contains 4 devices, Circuit 2 contains 4 devices.
Circuit 1 contains 7 nets,    Circuit 2 contains 7 nets.


Contents of circuit 1:  Circuit: 'sky130_fd_sc_hd__or2_2'
Circuit sky130_fd_sc_hd__or2_2 contains 8 device instances.
  Class: sky130_fd_pr__nfet_01v8 instances:   4
  Class: sky130_fd_pr__pfet_01v8_hvt instances:   4
Circuit contains 9 nets.
Contents of circuit 2:  Circuit: 'sky130_fd_sc_hd__or2_2'
Circuit sky130_fd_sc_hd__or2_2 contains 8 device instances.
  Class: sky130_fd_pr__nfet_01v8 instances:   4
  Class: sky130_fd_pr__pfet_01v8_hvt instances:   4
Circuit contains 9 nets.

Circuit was modified by parallel/series device merging.
New circuit summary:

Contents of circuit 1:  Circuit: 'sky130_fd_sc_hd__or2_2'
Circuit sky130_fd_sc_hd__or2_2 contains 6 device instances.
  Class: sky130_fd_pr__nfet_01v8 instances:   3
  Class: sky130_fd_pr__pfet_01v8_hvt instances:   3
Circuit contains 9 nets.
Contents of circuit 2:  Circuit: 'sky130_fd_sc_hd__or2_2'
Circuit sky130_fd_sc_hd__or2_2 contains 6 device instances.
  Class: sky130_fd_pr__nfet_01v8 instances:   3
  Class: sky130_fd_pr__pfet_01v8_hvt instances:   3
Circuit contains 9 nets.

Circuit 1 contains 6 devices, Circuit 2 contains 6 devices.
Circuit 1 contains 9 nets,    Circuit 2 contains 9 nets.


Contents of circuit 1:  Circuit: 'sky130_fd_sc_hd__and4b_2'
Circuit sky130_fd_sc_hd__and4b_2 contains 14 device instances.
  Class: sky130_fd_pr__nfet_01v8 instances:   7
  Class: sky130_fd_pr__pfet_01v8_hvt instances:   7
Circuit contains 14 nets.
Contents of circuit 2:  Circuit: 'sky130_fd_sc_hd__and4b_2'
Circuit sky130_fd_sc_hd__and4b_2 contains 14 device instances.
  Class: sky130_fd_pr__nfet_01v8 instances:   7
  Class: sky130_fd_pr__pfet_01v8_hvt instances:   7
Circuit contains 14 nets.

Circuit was modified by parallel/series device merging.
New circuit summary:

Contents of circuit 1:  Circuit: 'sky130_fd_sc_hd__and4b_2'
Circuit sky130_fd_sc_hd__and4b_2 contains 12 device instances.
  Class: sky130_fd_pr__nfet_01v8 instances:   6
  Class: sky130_fd_pr__pfet_01v8_hvt instances:   6
Circuit contains 14 nets.
Contents of circuit 2:  Circuit: 'sky130_fd_sc_hd__and4b_2'
Circuit sky130_fd_sc_hd__and4b_2 contains 12 device instances.
  Class: sky130_fd_pr__nfet_01v8 instances:   6
  Class: sky130_fd_pr__pfet_01v8_hvt instances:   6
Circuit contains 14 nets.

Circuit 1 contains 12 devices, Circuit 2 contains 12 devices.
Circuit 1 contains 14 nets,    Circuit 2 contains 14 nets.


Contents of circuit 1:  Circuit: 'sky130_fd_sc_hd__o2bb2a_2'
Circuit sky130_fd_sc_hd__o2bb2a_2 contains 14 device instances.
  Class: sky130_fd_pr__nfet_01v8 instances:   7
  Class: sky130_fd_pr__pfet_01v8_hvt instances:   7
Circuit contains 14 nets.
Contents of circuit 2:  Circuit: 'sky130_fd_sc_hd__o2bb2a_2'
Circuit sky130_fd_sc_hd__o2bb2a_2 contains 14 device instances.
  Class: sky130_fd_pr__nfet_01v8 instances:   7
  Class: sky130_fd_pr__pfet_01v8_hvt instances:   7
Circuit contains 14 nets.

Circuit was modified by parallel/series device merging.
New circuit summary:

Contents of circuit 1:  Circuit: 'sky130_fd_sc_hd__o2bb2a_2'
Circuit sky130_fd_sc_hd__o2bb2a_2 contains 12 device instances.
  Class: sky130_fd_pr__nfet_01v8 instances:   6
  Class: sky130_fd_pr__pfet_01v8_hvt instances:   6
Circuit contains 14 nets.
Contents of circuit 2:  Circuit: 'sky130_fd_sc_hd__o2bb2a_2'
Circuit sky130_fd_sc_hd__o2bb2a_2 contains 12 device instances.
  Class: sky130_fd_pr__nfet_01v8 instances:   6
  Class: sky130_fd_pr__pfet_01v8_hvt instances:   6
Circuit contains 14 nets.

Circuit 1 contains 12 devices, Circuit 2 contains 12 devices.
Circuit 1 contains 14 nets,    Circuit 2 contains 14 nets.


Contents of circuit 1:  Circuit: 'sky130_fd_sc_hd__o31a_2'
Circuit sky130_fd_sc_hd__o31a_2 contains 12 device instances.
  Class: sky130_fd_pr__nfet_01v8 instances:   6
  Class: sky130_fd_pr__pfet_01v8_hvt instances:   6
Circuit contains 13 nets.
Contents of circuit 2:  Circuit: 'sky130_fd_sc_hd__o31a_2'
Circuit sky130_fd_sc_hd__o31a_2 contains 12 device instances.
  Class: sky130_fd_pr__nfet_01v8 instances:   6
  Class: sky130_fd_pr__pfet_01v8_hvt instances:   6
Circuit contains 13 nets.

Circuit was modified by parallel/series device merging.
New circuit summary:

Contents of circuit 1:  Circuit: 'sky130_fd_sc_hd__o31a_2'
Circuit sky130_fd_sc_hd__o31a_2 contains 10 device instances.
  Class: sky130_fd_pr__nfet_01v8 instances:   5
  Class: sky130_fd_pr__pfet_01v8_hvt instances:   5
Circuit contains 13 nets.
Contents of circuit 2:  Circuit: 'sky130_fd_sc_hd__o31a_2'
Circuit sky130_fd_sc_hd__o31a_2 contains 10 device instances.
  Class: sky130_fd_pr__nfet_01v8 instances:   5
  Class: sky130_fd_pr__pfet_01v8_hvt instances:   5
Circuit contains 13 nets.

Circuit 1 contains 10 devices, Circuit 2 contains 10 devices.
Circuit 1 contains 13 nets,    Circuit 2 contains 13 nets.


Contents of circuit 1:  Circuit: 'sky130_fd_sc_hd__and4_2'
Circuit sky130_fd_sc_hd__and4_2 contains 12 device instances.
  Class: sky130_fd_pr__nfet_01v8 instances:   6
  Class: sky130_fd_pr__pfet_01v8_hvt instances:   6
Circuit contains 13 nets.
Contents of circuit 2:  Circuit: 'sky130_fd_sc_hd__and4_2'
Circuit sky130_fd_sc_hd__and4_2 contains 12 device instances.
  Class: sky130_fd_pr__nfet_01v8 instances:   6
  Class: sky130_fd_pr__pfet_01v8_hvt instances:   6
Circuit contains 13 nets.

Circuit was modified by parallel/series device merging.
New circuit summary:

Contents of circuit 1:  Circuit: 'sky130_fd_sc_hd__and4_2'
Circuit sky130_fd_sc_hd__and4_2 contains 10 device instances.
  Class: sky130_fd_pr__nfet_01v8 instances:   5
  Class: sky130_fd_pr__pfet_01v8_hvt instances:   5
Circuit contains 13 nets.
Contents of circuit 2:  Circuit: 'sky130_fd_sc_hd__and4_2'
Circuit sky130_fd_sc_hd__and4_2 contains 10 device instances.
  Class: sky130_fd_pr__nfet_01v8 instances:   5
  Class: sky130_fd_pr__pfet_01v8_hvt instances:   5
Circuit contains 13 nets.

Circuit 1 contains 10 devices, Circuit 2 contains 10 devices.
Circuit 1 contains 13 nets,    Circuit 2 contains 13 nets.


Contents of circuit 1:  Circuit: 'sky130_fd_sc_hd__o221ai_2'
Circuit sky130_fd_sc_hd__o221ai_2 contains 20 device instances.
  Class: sky130_fd_pr__nfet_01v8 instances:  10
  Class: sky130_fd_pr__pfet_01v8_hvt instances:  10
Circuit contains 14 nets.
Contents of circuit 2:  Circuit: 'sky130_fd_sc_hd__o221ai_2'
Circuit sky130_fd_sc_hd__o221ai_2 contains 20 device instances.
  Class: sky130_fd_pr__nfet_01v8 instances:  10
  Class: sky130_fd_pr__pfet_01v8_hvt instances:  10
Circuit contains 14 nets.

Circuit was modified by parallel/series device merging.
New circuit summary:

Contents of circuit 1:  Circuit: 'sky130_fd_sc_hd__o221ai_2'
Circuit sky130_fd_sc_hd__o221ai_2 contains 10 device instances.
  Class: sky130_fd_pr__nfet_01v8 instances:   5
  Class: sky130_fd_pr__pfet_01v8_hvt instances:   5
Circuit contains 14 nets.
Contents of circuit 2:  Circuit: 'sky130_fd_sc_hd__o221ai_2'
Circuit sky130_fd_sc_hd__o221ai_2 contains 10 device instances.
  Class: sky130_fd_pr__nfet_01v8 instances:   5
  Class: sky130_fd_pr__pfet_01v8_hvt instances:   5
Circuit contains 14 nets.

Circuit 1 contains 10 devices, Circuit 2 contains 10 devices.
Circuit 1 contains 14 nets,    Circuit 2 contains 14 nets.


Contents of circuit 1:  Circuit: 'sky130_fd_sc_hd__and3_2'
Circuit sky130_fd_sc_hd__and3_2 contains 10 device instances.
  Class: sky130_fd_pr__nfet_01v8 instances:   5
  Class: sky130_fd_pr__pfet_01v8_hvt instances:   5
Circuit contains 11 nets.
Contents of circuit 2:  Circuit: 'sky130_fd_sc_hd__and3_2'
Circuit sky130_fd_sc_hd__and3_2 contains 10 device instances.
  Class: sky130_fd_pr__nfet_01v8 instances:   5
  Class: sky130_fd_pr__pfet_01v8_hvt instances:   5
Circuit contains 11 nets.

Circuit was modified by parallel/series device merging.
New circuit summary:

Contents of circuit 1:  Circuit: 'sky130_fd_sc_hd__and3_2'
Circuit sky130_fd_sc_hd__and3_2 contains 8 device instances.
  Class: sky130_fd_pr__nfet_01v8 instances:   4
  Class: sky130_fd_pr__pfet_01v8_hvt instances:   4
Circuit contains 11 nets.
Contents of circuit 2:  Circuit: 'sky130_fd_sc_hd__and3_2'
Circuit sky130_fd_sc_hd__and3_2 contains 8 device instances.
  Class: sky130_fd_pr__nfet_01v8 instances:   4
  Class: sky130_fd_pr__pfet_01v8_hvt instances:   4
Circuit contains 11 nets.

Circuit 1 contains 8 devices, Circuit 2 contains 8 devices.
Circuit 1 contains 11 nets,    Circuit 2 contains 11 nets.


Contents of circuit 1:  Circuit: 'sky130_fd_sc_hd__and3b_2'
Circuit sky130_fd_sc_hd__and3b_2 contains 12 device instances.
  Class: sky130_fd_pr__nfet_01v8 instances:   6
  Class: sky130_fd_pr__pfet_01v8_hvt instances:   6
Circuit contains 12 nets.
Contents of circuit 2:  Circuit: 'sky130_fd_sc_hd__and3b_2'
Circuit sky130_fd_sc_hd__and3b_2 contains 12 device instances.
  Class: sky130_fd_pr__nfet_01v8 instances:   6
  Class: sky130_fd_pr__pfet_01v8_hvt instances:   6
Circuit contains 12 nets.

Circuit was modified by parallel/series device merging.
New circuit summary:

Contents of circuit 1:  Circuit: 'sky130_fd_sc_hd__and3b_2'
Circuit sky130_fd_sc_hd__and3b_2 contains 10 device instances.
  Class: sky130_fd_pr__nfet_01v8 instances:   5
  Class: sky130_fd_pr__pfet_01v8_hvt instances:   5
Circuit contains 12 nets.
Contents of circuit 2:  Circuit: 'sky130_fd_sc_hd__and3b_2'
Circuit sky130_fd_sc_hd__and3b_2 contains 10 device instances.
  Class: sky130_fd_pr__nfet_01v8 instances:   5
  Class: sky130_fd_pr__pfet_01v8_hvt instances:   5
Circuit contains 12 nets.

Circuit 1 contains 10 devices, Circuit 2 contains 10 devices.
Circuit 1 contains 12 nets,    Circuit 2 contains 12 nets.


Contents of circuit 1:  Circuit: 'sky130_fd_sc_hd__clkbuf_16'
Circuit sky130_fd_sc_hd__clkbuf_16 contains 40 device instances.
  Class: sky130_fd_pr__nfet_01v8 instances:  20
  Class: sky130_fd_pr__pfet_01v8_hvt instances:  20
Circuit contains 7 nets.
Contents of circuit 2:  Circuit: 'sky130_fd_sc_hd__clkbuf_16'
Circuit sky130_fd_sc_hd__clkbuf_16 contains 40 device instances.
  Class: sky130_fd_pr__nfet_01v8 instances:  20
  Class: sky130_fd_pr__pfet_01v8_hvt instances:  20
Circuit contains 7 nets.

Circuit was modified by parallel/series device merging.
New circuit summary:

Contents of circuit 1:  Circuit: 'sky130_fd_sc_hd__clkbuf_16'
Circuit sky130_fd_sc_hd__clkbuf_16 contains 4 device instances.
  Class: sky130_fd_pr__nfet_01v8 instances:   2
  Class: sky130_fd_pr__pfet_01v8_hvt instances:   2
Circuit contains 7 nets.
Contents of circuit 2:  Circuit: 'sky130_fd_sc_hd__clkbuf_16'
Circuit sky130_fd_sc_hd__clkbuf_16 contains 4 device instances.
  Class: sky130_fd_pr__nfet_01v8 instances:   2
  Class: sky130_fd_pr__pfet_01v8_hvt instances:   2
Circuit contains 7 nets.

Circuit 1 contains 4 devices, Circuit 2 contains 4 devices.
Circuit 1 contains 7 nets,    Circuit 2 contains 7 nets.


Contents of circuit 1:  Circuit: 'sky130_fd_sc_hd__inv_2'
Circuit sky130_fd_sc_hd__inv_2 contains 4 device instances.
  Class: sky130_fd_pr__nfet_01v8 instances:   2
  Class: sky130_fd_pr__pfet_01v8_hvt instances:   2
Circuit contains 6 nets.
Contents of circuit 2:  Circuit: 'sky130_fd_sc_hd__inv_2'
Circuit sky130_fd_sc_hd__inv_2 contains 4 device instances.
  Class: sky130_fd_pr__nfet_01v8 instances:   2
  Class: sky130_fd_pr__pfet_01v8_hvt instances:   2
Circuit contains 6 nets.

Circuit was modified by parallel/series device merging.
New circuit summary:

Contents of circuit 1:  Circuit: 'sky130_fd_sc_hd__inv_2'
Circuit sky130_fd_sc_hd__inv_2 contains 2 device instances.
  Class: sky130_fd_pr__nfet_01v8 instances:   1
  Class: sky130_fd_pr__pfet_01v8_hvt instances:   1
Circuit contains 6 nets.
Contents of circuit 2:  Circuit: 'sky130_fd_sc_hd__inv_2'
Circuit sky130_fd_sc_hd__inv_2 contains 2 device instances.
  Class: sky130_fd_pr__nfet_01v8 instances:   1
  Class: sky130_fd_pr__pfet_01v8_hvt instances:   1
Circuit contains 6 nets.

Circuit 1 contains 2 devices, Circuit 2 contains 2 devices.
Circuit 1 contains 6 nets,    Circuit 2 contains 6 nets.


Contents of circuit 1:  Circuit: 'sky130_fd_sc_hd__and2_2'
Circuit sky130_fd_sc_hd__and2_2 contains 8 device instances.
  Class: sky130_fd_pr__nfet_01v8 instances:   4
  Class: sky130_fd_pr__pfet_01v8_hvt instances:   4
Circuit contains 9 nets.
Contents of circuit 2:  Circuit: 'sky130_fd_sc_hd__and2_2'
Circuit sky130_fd_sc_hd__and2_2 contains 8 device instances.
  Class: sky130_fd_pr__nfet_01v8 instances:   4
  Class: sky130_fd_pr__pfet_01v8_hvt instances:   4
Circuit contains 9 nets.

Circuit was modified by parallel/series device merging.
New circuit summary:

Contents of circuit 1:  Circuit: 'sky130_fd_sc_hd__and2_2'
Circuit sky130_fd_sc_hd__and2_2 contains 6 device instances.
  Class: sky130_fd_pr__nfet_01v8 instances:   3
  Class: sky130_fd_pr__pfet_01v8_hvt instances:   3
Circuit contains 9 nets.
Contents of circuit 2:  Circuit: 'sky130_fd_sc_hd__and2_2'
Circuit sky130_fd_sc_hd__and2_2 contains 6 device instances.
  Class: sky130_fd_pr__nfet_01v8 instances:   3
  Class: sky130_fd_pr__pfet_01v8_hvt instances:   3
Circuit contains 9 nets.

Circuit 1 contains 6 devices, Circuit 2 contains 6 devices.
Circuit 1 contains 9 nets,    Circuit 2 contains 9 nets.


Contents of circuit 1:  Circuit: 'sky130_fd_sc_hd__a221oi_2'
Circuit sky130_fd_sc_hd__a221oi_2 contains 20 device instances.
  Class: sky130_fd_pr__nfet_01v8 instances:  10
  Class: sky130_fd_pr__pfet_01v8_hvt instances:  10
Circuit contains 14 nets.
Contents of circuit 2:  Circuit: 'sky130_fd_sc_hd__a221oi_2'
Circuit sky130_fd_sc_hd__a221oi_2 contains 20 device instances.
  Class: sky130_fd_pr__nfet_01v8 instances:  10
  Class: sky130_fd_pr__pfet_01v8_hvt instances:  10
Circuit contains 14 nets.

Circuit was modified by parallel/series device merging.
New circuit summary:

Contents of circuit 1:  Circuit: 'sky130_fd_sc_hd__a221oi_2'
Circuit sky130_fd_sc_hd__a221oi_2 contains 10 device instances.
  Class: sky130_fd_pr__nfet_01v8 instances:   5
  Class: sky130_fd_pr__pfet_01v8_hvt instances:   5
Circuit contains 14 nets.
Contents of circuit 2:  Circuit: 'sky130_fd_sc_hd__a221oi_2'
Circuit sky130_fd_sc_hd__a221oi_2 contains 10 device instances.
  Class: sky130_fd_pr__nfet_01v8 instances:   5
  Class: sky130_fd_pr__pfet_01v8_hvt instances:   5
Circuit contains 14 nets.

Circuit 1 contains 10 devices, Circuit 2 contains 10 devices.
Circuit 1 contains 14 nets,    Circuit 2 contains 14 nets.


Contents of circuit 1:  Circuit: 'sky130_fd_sc_hd__a41o_2'
Circuit sky130_fd_sc_hd__a41o_2 contains 14 device instances.
  Class: sky130_fd_pr__nfet_01v8 instances:   7
  Class: sky130_fd_pr__pfet_01v8_hvt instances:   7
Circuit contains 15 nets.
Contents of circuit 2:  Circuit: 'sky130_fd_sc_hd__a41o_2'
Circuit sky130_fd_sc_hd__a41o_2 contains 14 device instances.
  Class: sky130_fd_pr__nfet_01v8 instances:   7
  Class: sky130_fd_pr__pfet_01v8_hvt instances:   7
Circuit contains 15 nets.

Circuit was modified by parallel/series device merging.
New circuit summary:

Contents of circuit 1:  Circuit: 'sky130_fd_sc_hd__a41o_2'
Circuit sky130_fd_sc_hd__a41o_2 contains 12 device instances.
  Class: sky130_fd_pr__nfet_01v8 instances:   6
  Class: sky130_fd_pr__pfet_01v8_hvt instances:   6
Circuit contains 15 nets.
Contents of circuit 2:  Circuit: 'sky130_fd_sc_hd__a41o_2'
Circuit sky130_fd_sc_hd__a41o_2 contains 12 device instances.
  Class: sky130_fd_pr__nfet_01v8 instances:   6
  Class: sky130_fd_pr__pfet_01v8_hvt instances:   6
Circuit contains 15 nets.

Circuit 1 contains 12 devices, Circuit 2 contains 12 devices.
Circuit 1 contains 15 nets,    Circuit 2 contains 15 nets.


Contents of circuit 1:  Circuit: 'sky130_fd_sc_hd__a21bo_2'
Circuit sky130_fd_sc_hd__a21bo_2 contains 12 device instances.
  Class: sky130_fd_pr__nfet_01v8 instances:   6
  Class: sky130_fd_pr__pfet_01v8_hvt instances:   6
Circuit contains 12 nets.
Contents of circuit 2:  Circuit: 'sky130_fd_sc_hd__a21bo_2'
Circuit sky130_fd_sc_hd__a21bo_2 contains 12 device instances.
  Class: sky130_fd_pr__nfet_01v8 instances:   6
  Class: sky130_fd_pr__pfet_01v8_hvt instances:   6
Circuit contains 12 nets.

Circuit was modified by parallel/series device merging.
New circuit summary:

Contents of circuit 1:  Circuit: 'sky130_fd_sc_hd__a21bo_2'
Circuit sky130_fd_sc_hd__a21bo_2 contains 10 device instances.
  Class: sky130_fd_pr__nfet_01v8 instances:   5
  Class: sky130_fd_pr__pfet_01v8_hvt instances:   5
Circuit contains 12 nets.
Contents of circuit 2:  Circuit: 'sky130_fd_sc_hd__a21bo_2'
Circuit sky130_fd_sc_hd__a21bo_2 contains 10 device instances.
  Class: sky130_fd_pr__nfet_01v8 instances:   5
  Class: sky130_fd_pr__pfet_01v8_hvt instances:   5
Circuit contains 12 nets.

Circuit 1 contains 10 devices, Circuit 2 contains 10 devices.
Circuit 1 contains 12 nets,    Circuit 2 contains 12 nets.


Contents of circuit 1:  Circuit: 'sky130_fd_sc_hd__nor3_4'
Circuit sky130_fd_sc_hd__nor3_4 contains 24 device instances.
  Class: sky130_fd_pr__nfet_01v8 instances:  12
  Class: sky130_fd_pr__pfet_01v8_hvt instances:  12
Circuit contains 10 nets.
Contents of circuit 2:  Circuit: 'sky130_fd_sc_hd__nor3_4'
Circuit sky130_fd_sc_hd__nor3_4 contains 24 device instances.
  Class: sky130_fd_pr__nfet_01v8 instances:  12
  Class: sky130_fd_pr__pfet_01v8_hvt instances:  12
Circuit contains 10 nets.

Circuit was modified by parallel/series device merging.
New circuit summary:

Contents of circuit 1:  Circuit: 'sky130_fd_sc_hd__nor3_4'
Circuit sky130_fd_sc_hd__nor3_4 contains 6 device instances.
  Class: sky130_fd_pr__nfet_01v8 instances:   3
  Class: sky130_fd_pr__pfet_01v8_hvt instances:   3
Circuit contains 10 nets.
Contents of circuit 2:  Circuit: 'sky130_fd_sc_hd__nor3_4'
Circuit sky130_fd_sc_hd__nor3_4 contains 6 device instances.
  Class: sky130_fd_pr__nfet_01v8 instances:   3
  Class: sky130_fd_pr__pfet_01v8_hvt instances:   3
Circuit contains 10 nets.

Circuit 1 contains 6 devices, Circuit 2 contains 6 devices.
Circuit 1 contains 10 nets,    Circuit 2 contains 10 nets.


Contents of circuit 1:  Circuit: 'sky130_fd_sc_hd__o2bb2ai_2'
Circuit sky130_fd_sc_hd__o2bb2ai_2 contains 20 device instances.
  Class: sky130_fd_pr__nfet_01v8 instances:  10
  Class: sky130_fd_pr__pfet_01v8_hvt instances:  10
Circuit contains 13 nets.
Contents of circuit 2:  Circuit: 'sky130_fd_sc_hd__o2bb2ai_2'
Circuit sky130_fd_sc_hd__o2bb2ai_2 contains 20 device instances.
  Class: sky130_fd_pr__nfet_01v8 instances:  10
  Class: sky130_fd_pr__pfet_01v8_hvt instances:  10
Circuit contains 13 nets.

Circuit was modified by parallel/series device merging.
New circuit summary:

Contents of circuit 1:  Circuit: 'sky130_fd_sc_hd__o2bb2ai_2'
Circuit sky130_fd_sc_hd__o2bb2ai_2 contains 10 device instances.
  Class: sky130_fd_pr__nfet_01v8 instances:   5
  Class: sky130_fd_pr__pfet_01v8_hvt instances:   5
Circuit contains 13 nets.
Contents of circuit 2:  Circuit: 'sky130_fd_sc_hd__o2bb2ai_2'
Circuit sky130_fd_sc_hd__o2bb2ai_2 contains 10 device instances.
  Class: sky130_fd_pr__nfet_01v8 instances:   5
  Class: sky130_fd_pr__pfet_01v8_hvt instances:   5
Circuit contains 13 nets.

Circuit 1 contains 10 devices, Circuit 2 contains 10 devices.
Circuit 1 contains 13 nets,    Circuit 2 contains 13 nets.


Contents of circuit 1:  Circuit: 'sky130_fd_sc_hd__o311ai_2'
Circuit sky130_fd_sc_hd__o311ai_2 contains 20 device instances.
  Class: sky130_fd_pr__nfet_01v8 instances:  10
  Class: sky130_fd_pr__pfet_01v8_hvt instances:  10
Circuit contains 14 nets.
Contents of circuit 2:  Circuit: 'sky130_fd_sc_hd__o311ai_2'
Circuit sky130_fd_sc_hd__o311ai_2 contains 20 device instances.
  Class: sky130_fd_pr__nfet_01v8 instances:  10
  Class: sky130_fd_pr__pfet_01v8_hvt instances:  10
Circuit contains 14 nets.

Circuit was modified by parallel/series device merging.
New circuit summary:

Contents of circuit 1:  Circuit: 'sky130_fd_sc_hd__o311ai_2'
Circuit sky130_fd_sc_hd__o311ai_2 contains 10 device instances.
  Class: sky130_fd_pr__nfet_01v8 instances:   5
  Class: sky130_fd_pr__pfet_01v8_hvt instances:   5
Circuit contains 14 nets.
Contents of circuit 2:  Circuit: 'sky130_fd_sc_hd__o311ai_2'
Circuit sky130_fd_sc_hd__o311ai_2 contains 10 device instances.
  Class: sky130_fd_pr__nfet_01v8 instances:   5
  Class: sky130_fd_pr__pfet_01v8_hvt instances:   5
Circuit contains 14 nets.

Circuit 1 contains 10 devices, Circuit 2 contains 10 devices.
Circuit 1 contains 14 nets,    Circuit 2 contains 14 nets.


Contents of circuit 1:  Circuit: 'sky130_fd_sc_hd__or3b_2'
Circuit sky130_fd_sc_hd__or3b_2 contains 12 device instances.
  Class: sky130_fd_pr__nfet_01v8 instances:   6
  Class: sky130_fd_pr__pfet_01v8_hvt instances:   6
Circuit contains 12 nets.
Contents of circuit 2:  Circuit: 'sky130_fd_sc_hd__or3b_2'
Circuit sky130_fd_sc_hd__or3b_2 contains 12 device instances.
  Class: sky130_fd_pr__nfet_01v8 instances:   6
  Class: sky130_fd_pr__pfet_01v8_hvt instances:   6
Circuit contains 12 nets.

Circuit was modified by parallel/series device merging.
New circuit summary:

Contents of circuit 1:  Circuit: 'sky130_fd_sc_hd__or3b_2'
Circuit sky130_fd_sc_hd__or3b_2 contains 10 device instances.
  Class: sky130_fd_pr__nfet_01v8 instances:   5
  Class: sky130_fd_pr__pfet_01v8_hvt instances:   5
Circuit contains 12 nets.
Contents of circuit 2:  Circuit: 'sky130_fd_sc_hd__or3b_2'
Circuit sky130_fd_sc_hd__or3b_2 contains 10 device instances.
  Class: sky130_fd_pr__nfet_01v8 instances:   5
  Class: sky130_fd_pr__pfet_01v8_hvt instances:   5
Circuit contains 12 nets.

Circuit 1 contains 10 devices, Circuit 2 contains 10 devices.
Circuit 1 contains 12 nets,    Circuit 2 contains 12 nets.


Contents of circuit 1:  Circuit: 'sky130_fd_sc_hd__o21a_2'
Circuit sky130_fd_sc_hd__o21a_2 contains 10 device instances.
  Class: sky130_fd_pr__nfet_01v8 instances:   5
  Class: sky130_fd_pr__pfet_01v8_hvt instances:   5
Circuit contains 11 nets.
Contents of circuit 2:  Circuit: 'sky130_fd_sc_hd__o21a_2'
Circuit sky130_fd_sc_hd__o21a_2 contains 10 device instances.
  Class: sky130_fd_pr__nfet_01v8 instances:   5
  Class: sky130_fd_pr__pfet_01v8_hvt instances:   5
Circuit contains 11 nets.

Circuit was modified by parallel/series device merging.
New circuit summary:

Contents of circuit 1:  Circuit: 'sky130_fd_sc_hd__o21a_2'
Circuit sky130_fd_sc_hd__o21a_2 contains 8 device instances.
  Class: sky130_fd_pr__nfet_01v8 instances:   4
  Class: sky130_fd_pr__pfet_01v8_hvt instances:   4
Circuit contains 11 nets.
Contents of circuit 2:  Circuit: 'sky130_fd_sc_hd__o21a_2'
Circuit sky130_fd_sc_hd__o21a_2 contains 8 device instances.
  Class: sky130_fd_pr__nfet_01v8 instances:   4
  Class: sky130_fd_pr__pfet_01v8_hvt instances:   4
Circuit contains 11 nets.

Circuit 1 contains 8 devices, Circuit 2 contains 8 devices.
Circuit 1 contains 11 nets,    Circuit 2 contains 11 nets.


Contents of circuit 1:  Circuit: 'sky130_fd_sc_hd__or4b_4'
Circuit sky130_fd_sc_hd__or4b_4 contains 18 device instances.
  Class: sky130_fd_pr__nfet_01v8 instances:   9
  Class: sky130_fd_pr__pfet_01v8_hvt instances:   9
Circuit contains 14 nets.
Contents of circuit 2:  Circuit: 'sky130_fd_sc_hd__or4b_4'
Circuit sky130_fd_sc_hd__or4b_4 contains 18 device instances.
  Class: sky130_fd_pr__nfet_01v8 instances:   9
  Class: sky130_fd_pr__pfet_01v8_hvt instances:   9
Circuit contains 14 nets.

Circuit was modified by parallel/series device merging.
New circuit summary:

Contents of circuit 1:  Circuit: 'sky130_fd_sc_hd__or4b_4'
Circuit sky130_fd_sc_hd__or4b_4 contains 12 device instances.
  Class: sky130_fd_pr__nfet_01v8 instances:   6
  Class: sky130_fd_pr__pfet_01v8_hvt instances:   6
Circuit contains 14 nets.
Contents of circuit 2:  Circuit: 'sky130_fd_sc_hd__or4b_4'
Circuit sky130_fd_sc_hd__or4b_4 contains 12 device instances.
  Class: sky130_fd_pr__nfet_01v8 instances:   6
  Class: sky130_fd_pr__pfet_01v8_hvt instances:   6
Circuit contains 14 nets.

Circuit 1 contains 12 devices, Circuit 2 contains 12 devices.
Circuit 1 contains 14 nets,    Circuit 2 contains 14 nets.


Contents of circuit 1:  Circuit: 'sky130_fd_sc_hd__xor2_2'
Circuit sky130_fd_sc_hd__xor2_2 contains 20 device instances.
  Class: sky130_fd_pr__nfet_01v8 instances:  10
  Class: sky130_fd_pr__pfet_01v8_hvt instances:  10
Circuit contains 11 nets.
Contents of circuit 2:  Circuit: 'sky130_fd_sc_hd__xor2_2'
Circuit sky130_fd_sc_hd__xor2_2 contains 20 device instances.
  Class: sky130_fd_pr__nfet_01v8 instances:  10
  Class: sky130_fd_pr__pfet_01v8_hvt instances:  10
Circuit contains 11 nets.

Circuit was modified by parallel/series device merging.
New circuit summary:

Contents of circuit 1:  Circuit: 'sky130_fd_sc_hd__xor2_2'
Circuit sky130_fd_sc_hd__xor2_2 contains 10 device instances.
  Class: sky130_fd_pr__nfet_01v8 instances:   5
  Class: sky130_fd_pr__pfet_01v8_hvt instances:   5
Circuit contains 11 nets.
Contents of circuit 2:  Circuit: 'sky130_fd_sc_hd__xor2_2'
Circuit sky130_fd_sc_hd__xor2_2 contains 10 device instances.
  Class: sky130_fd_pr__nfet_01v8 instances:   5
  Class: sky130_fd_pr__pfet_01v8_hvt instances:   5
Circuit contains 11 nets.

Circuit 1 contains 10 devices, Circuit 2 contains 10 devices.
Circuit 1 contains 11 nets,    Circuit 2 contains 11 nets.


Contents of circuit 1:  Circuit: 'sky130_fd_sc_hd__clkinvlp_4'
Circuit sky130_fd_sc_hd__clkinvlp_4 contains 8 device instances.
  Class: sky130_fd_pr__nfet_01v8 instances:   4
  Class: sky130_fd_pr__pfet_01v8_hvt instances:   4
Circuit contains 8 nets.
Contents of circuit 2:  Circuit: 'sky130_fd_sc_hd__clkinvlp_4'
Circuit sky130_fd_sc_hd__clkinvlp_4 contains 8 device instances.
  Class: sky130_fd_pr__nfet_01v8 instances:   4
  Class: sky130_fd_pr__pfet_01v8_hvt instances:   4
Circuit contains 8 nets.

Circuit was modified by parallel/series device merging.
New circuit summary:

Contents of circuit 1:  Circuit: 'sky130_fd_sc_hd__clkinvlp_4'
Circuit sky130_fd_sc_hd__clkinvlp_4 contains 5 device instances.
  Class: sky130_fd_pr__nfet_01v8 instances:   4
  Class: sky130_fd_pr__pfet_01v8_hvt instances:   1
Circuit contains 8 nets.
Contents of circuit 2:  Circuit: 'sky130_fd_sc_hd__clkinvlp_4'
Circuit sky130_fd_sc_hd__clkinvlp_4 contains 5 device instances.
  Class: sky130_fd_pr__nfet_01v8 instances:   4
  Class: sky130_fd_pr__pfet_01v8_hvt instances:   1
Circuit contains 8 nets.

Circuit 1 contains 5 devices, Circuit 2 contains 5 devices.
Circuit 1 contains 8 nets,    Circuit 2 contains 8 nets.


Contents of circuit 1:  Circuit: 'sky130_fd_sc_hd__o311a_2'
Circuit sky130_fd_sc_hd__o311a_2 contains 14 device instances.
  Class: sky130_fd_pr__nfet_01v8 instances:   7
  Class: sky130_fd_pr__pfet_01v8_hvt instances:   7
Circuit contains 15 nets.
Contents of circuit 2:  Circuit: 'sky130_fd_sc_hd__o311a_2'
Circuit sky130_fd_sc_hd__o311a_2 contains 14 device instances.
  Class: sky130_fd_pr__nfet_01v8 instances:   7
  Class: sky130_fd_pr__pfet_01v8_hvt instances:   7
Circuit contains 15 nets.

Circuit was modified by parallel/series device merging.
New circuit summary:

Contents of circuit 1:  Circuit: 'sky130_fd_sc_hd__o311a_2'
Circuit sky130_fd_sc_hd__o311a_2 contains 12 device instances.
  Class: sky130_fd_pr__nfet_01v8 instances:   6
  Class: sky130_fd_pr__pfet_01v8_hvt instances:   6
Circuit contains 15 nets.
Contents of circuit 2:  Circuit: 'sky130_fd_sc_hd__o311a_2'
Circuit sky130_fd_sc_hd__o311a_2 contains 12 device instances.
  Class: sky130_fd_pr__nfet_01v8 instances:   6
  Class: sky130_fd_pr__pfet_01v8_hvt instances:   6
Circuit contains 15 nets.

Circuit 1 contains 12 devices, Circuit 2 contains 12 devices.
Circuit 1 contains 15 nets,    Circuit 2 contains 15 nets.


Contents of circuit 1:  Circuit: 'sky130_fd_sc_hd__a311o_2'
Circuit sky130_fd_sc_hd__a311o_2 contains 14 device instances.
  Class: sky130_fd_pr__nfet_01v8 instances:   7
  Class: sky130_fd_pr__pfet_01v8_hvt instances:   7
Circuit contains 15 nets.
Contents of circuit 2:  Circuit: 'sky130_fd_sc_hd__a311o_2'
Circuit sky130_fd_sc_hd__a311o_2 contains 14 device instances.
  Class: sky130_fd_pr__nfet_01v8 instances:   7
  Class: sky130_fd_pr__pfet_01v8_hvt instances:   7
Circuit contains 15 nets.

Circuit was modified by parallel/series device merging.
New circuit summary:

Contents of circuit 1:  Circuit: 'sky130_fd_sc_hd__a311o_2'
Circuit sky130_fd_sc_hd__a311o_2 contains 12 device instances.
  Class: sky130_fd_pr__nfet_01v8 instances:   6
  Class: sky130_fd_pr__pfet_01v8_hvt instances:   6
Circuit contains 15 nets.
Contents of circuit 2:  Circuit: 'sky130_fd_sc_hd__a311o_2'
Circuit sky130_fd_sc_hd__a311o_2 contains 12 device instances.
  Class: sky130_fd_pr__nfet_01v8 instances:   6
  Class: sky130_fd_pr__pfet_01v8_hvt instances:   6
Circuit contains 15 nets.

Circuit 1 contains 12 devices, Circuit 2 contains 12 devices.
Circuit 1 contains 15 nets,    Circuit 2 contains 15 nets.


Contents of circuit 1:  Circuit: 'sky130_fd_sc_hd__a221o_2'
Circuit sky130_fd_sc_hd__a221o_2 contains 14 device instances.
  Class: sky130_fd_pr__nfet_01v8 instances:   7
  Class: sky130_fd_pr__pfet_01v8_hvt instances:   7
Circuit contains 15 nets.
Contents of circuit 2:  Circuit: 'sky130_fd_sc_hd__a221o_2'
Circuit sky130_fd_sc_hd__a221o_2 contains 14 device instances.
  Class: sky130_fd_pr__nfet_01v8 instances:   7
  Class: sky130_fd_pr__pfet_01v8_hvt instances:   7
Circuit contains 15 nets.

Circuit was modified by parallel/series device merging.
New circuit summary:

Contents of circuit 1:  Circuit: 'sky130_fd_sc_hd__a221o_2'
Circuit sky130_fd_sc_hd__a221o_2 contains 12 device instances.
  Class: sky130_fd_pr__nfet_01v8 instances:   6
  Class: sky130_fd_pr__pfet_01v8_hvt instances:   6
Circuit contains 15 nets.
Contents of circuit 2:  Circuit: 'sky130_fd_sc_hd__a221o_2'
Circuit sky130_fd_sc_hd__a221o_2 contains 12 device instances.
  Class: sky130_fd_pr__nfet_01v8 instances:   6
  Class: sky130_fd_pr__pfet_01v8_hvt instances:   6
Circuit contains 15 nets.

Circuit 1 contains 12 devices, Circuit 2 contains 12 devices.
Circuit 1 contains 15 nets,    Circuit 2 contains 15 nets.


Contents of circuit 1:  Circuit: 'sky130_fd_sc_hd__or4b_2'
Circuit sky130_fd_sc_hd__or4b_2 contains 14 device instances.
  Class: sky130_fd_pr__nfet_01v8 instances:   7
  Class: sky130_fd_pr__pfet_01v8_hvt instances:   7
Circuit contains 14 nets.
Contents of circuit 2:  Circuit: 'sky130_fd_sc_hd__or4b_2'
Circuit sky130_fd_sc_hd__or4b_2 contains 14 device instances.
  Class: sky130_fd_pr__nfet_01v8 instances:   7
  Class: sky130_fd_pr__pfet_01v8_hvt instances:   7
Circuit contains 14 nets.

Circuit was modified by parallel/series device merging.
New circuit summary:

Contents of circuit 1:  Circuit: 'sky130_fd_sc_hd__or4b_2'
Circuit sky130_fd_sc_hd__or4b_2 contains 12 device instances.
  Class: sky130_fd_pr__nfet_01v8 instances:   6
  Class: sky130_fd_pr__pfet_01v8_hvt instances:   6
Circuit contains 14 nets.
Contents of circuit 2:  Circuit: 'sky130_fd_sc_hd__or4b_2'
Circuit sky130_fd_sc_hd__or4b_2 contains 12 device instances.
  Class: sky130_fd_pr__nfet_01v8 instances:   6
  Class: sky130_fd_pr__pfet_01v8_hvt instances:   6
Circuit contains 14 nets.

Circuit 1 contains 12 devices, Circuit 2 contains 12 devices.
Circuit 1 contains 14 nets,    Circuit 2 contains 14 nets.


Contents of circuit 1:  Circuit: 'sky130_fd_sc_hd__o221a_2'
Circuit sky130_fd_sc_hd__o221a_2 contains 14 device instances.
  Class: sky130_fd_pr__nfet_01v8 instances:   7
  Class: sky130_fd_pr__pfet_01v8_hvt instances:   7
Circuit contains 15 nets.
Contents of circuit 2:  Circuit: 'sky130_fd_sc_hd__o221a_2'
Circuit sky130_fd_sc_hd__o221a_2 contains 14 device instances.
  Class: sky130_fd_pr__nfet_01v8 instances:   7
  Class: sky130_fd_pr__pfet_01v8_hvt instances:   7
Circuit contains 15 nets.

Circuit was modified by parallel/series device merging.
New circuit summary:

Contents of circuit 1:  Circuit: 'sky130_fd_sc_hd__o221a_2'
Circuit sky130_fd_sc_hd__o221a_2 contains 12 device instances.
  Class: sky130_fd_pr__nfet_01v8 instances:   6
  Class: sky130_fd_pr__pfet_01v8_hvt instances:   6
Circuit contains 15 nets.
Contents of circuit 2:  Circuit: 'sky130_fd_sc_hd__o221a_2'
Circuit sky130_fd_sc_hd__o221a_2 contains 12 device instances.
  Class: sky130_fd_pr__nfet_01v8 instances:   6
  Class: sky130_fd_pr__pfet_01v8_hvt instances:   6
Circuit contains 15 nets.

Circuit 1 contains 12 devices, Circuit 2 contains 12 devices.
Circuit 1 contains 15 nets,    Circuit 2 contains 15 nets.


Contents of circuit 1:  Circuit: 'sky130_fd_sc_hd__and4bb_2'
Circuit sky130_fd_sc_hd__and4bb_2 contains 16 device instances.
  Class: sky130_fd_pr__nfet_01v8 instances:   8
  Class: sky130_fd_pr__pfet_01v8_hvt instances:   8
Circuit contains 15 nets.
Contents of circuit 2:  Circuit: 'sky130_fd_sc_hd__and4bb_2'
Circuit sky130_fd_sc_hd__and4bb_2 contains 16 device instances.
  Class: sky130_fd_pr__nfet_01v8 instances:   8
  Class: sky130_fd_pr__pfet_01v8_hvt instances:   8
Circuit contains 15 nets.

Circuit was modified by parallel/series device merging.
New circuit summary:

Contents of circuit 1:  Circuit: 'sky130_fd_sc_hd__and4bb_2'
Circuit sky130_fd_sc_hd__and4bb_2 contains 14 device instances.
  Class: sky130_fd_pr__nfet_01v8 instances:   7
  Class: sky130_fd_pr__pfet_01v8_hvt instances:   7
Circuit contains 15 nets.
Contents of circuit 2:  Circuit: 'sky130_fd_sc_hd__and4bb_2'
Circuit sky130_fd_sc_hd__and4bb_2 contains 14 device instances.
  Class: sky130_fd_pr__nfet_01v8 instances:   7
  Class: sky130_fd_pr__pfet_01v8_hvt instances:   7
Circuit contains 15 nets.

Circuit 1 contains 14 devices, Circuit 2 contains 14 devices.
Circuit 1 contains 15 nets,    Circuit 2 contains 15 nets.


Contents of circuit 1:  Circuit: 'sky130_fd_sc_hd__nor3b_4'
Circuit sky130_fd_sc_hd__nor3b_4 contains 26 device instances.
  Class: sky130_fd_pr__nfet_01v8 instances:  13
  Class: sky130_fd_pr__pfet_01v8_hvt instances:  13
Circuit contains 11 nets.
Contents of circuit 2:  Circuit: 'sky130_fd_sc_hd__nor3b_4'
Circuit sky130_fd_sc_hd__nor3b_4 contains 26 device instances.
  Class: sky130_fd_pr__nfet_01v8 instances:  13
  Class: sky130_fd_pr__pfet_01v8_hvt instances:  13
Circuit contains 11 nets.

Circuit was modified by parallel/series device merging.
New circuit summary:

Contents of circuit 1:  Circuit: 'sky130_fd_sc_hd__nor3b_4'
Circuit sky130_fd_sc_hd__nor3b_4 contains 8 device instances.
  Class: sky130_fd_pr__nfet_01v8 instances:   4
  Class: sky130_fd_pr__pfet_01v8_hvt instances:   4
Circuit contains 11 nets.
Contents of circuit 2:  Circuit: 'sky130_fd_sc_hd__nor3b_4'
Circuit sky130_fd_sc_hd__nor3b_4 contains 8 device instances.
  Class: sky130_fd_pr__nfet_01v8 instances:   4
  Class: sky130_fd_pr__pfet_01v8_hvt instances:   4
Circuit contains 11 nets.

Circuit 1 contains 8 devices, Circuit 2 contains 8 devices.
Circuit 1 contains 11 nets,    Circuit 2 contains 11 nets.


Contents of circuit 1:  Circuit: 'sky130_fd_sc_hd__a22oi_2'
Circuit sky130_fd_sc_hd__a22oi_2 contains 16 device instances.
  Class: sky130_fd_pr__nfet_01v8 instances:   8
  Class: sky130_fd_pr__pfet_01v8_hvt instances:   8
Circuit contains 12 nets.
Contents of circuit 2:  Circuit: 'sky130_fd_sc_hd__a22oi_2'
Circuit sky130_fd_sc_hd__a22oi_2 contains 16 device instances.
  Class: sky130_fd_pr__nfet_01v8 instances:   8
  Class: sky130_fd_pr__pfet_01v8_hvt instances:   8
Circuit contains 12 nets.

Circuit was modified by parallel/series device merging.
New circuit summary:

Contents of circuit 1:  Circuit: 'sky130_fd_sc_hd__a22oi_2'
Circuit sky130_fd_sc_hd__a22oi_2 contains 8 device instances.
  Class: sky130_fd_pr__nfet_01v8 instances:   4
  Class: sky130_fd_pr__pfet_01v8_hvt instances:   4
Circuit contains 12 nets.
Contents of circuit 2:  Circuit: 'sky130_fd_sc_hd__a22oi_2'
Circuit sky130_fd_sc_hd__a22oi_2 contains 8 device instances.
  Class: sky130_fd_pr__nfet_01v8 instances:   4
  Class: sky130_fd_pr__pfet_01v8_hvt instances:   4
Circuit contains 12 nets.

Circuit 1 contains 8 devices, Circuit 2 contains 8 devices.
Circuit 1 contains 12 nets,    Circuit 2 contains 12 nets.


Contents of circuit 1:  Circuit: 'sky130_fd_sc_hd__o21bai_2'
Circuit sky130_fd_sc_hd__o21bai_2 contains 14 device instances.
  Class: sky130_fd_pr__nfet_01v8 instances:   7
  Class: sky130_fd_pr__pfet_01v8_hvt instances:   7
Circuit contains 11 nets.
Contents of circuit 2:  Circuit: 'sky130_fd_sc_hd__o21bai_2'
Circuit sky130_fd_sc_hd__o21bai_2 contains 14 device instances.
  Class: sky130_fd_pr__nfet_01v8 instances:   7
  Class: sky130_fd_pr__pfet_01v8_hvt instances:   7
Circuit contains 11 nets.

Circuit was modified by parallel/series device merging.
New circuit summary:

Contents of circuit 1:  Circuit: 'sky130_fd_sc_hd__o21bai_2'
Circuit sky130_fd_sc_hd__o21bai_2 contains 8 device instances.
  Class: sky130_fd_pr__nfet_01v8 instances:   4
  Class: sky130_fd_pr__pfet_01v8_hvt instances:   4
Circuit contains 11 nets.
Contents of circuit 2:  Circuit: 'sky130_fd_sc_hd__o21bai_2'
Circuit sky130_fd_sc_hd__o21bai_2 contains 8 device instances.
  Class: sky130_fd_pr__nfet_01v8 instances:   4
  Class: sky130_fd_pr__pfet_01v8_hvt instances:   4
Circuit contains 11 nets.

Circuit 1 contains 8 devices, Circuit 2 contains 8 devices.
Circuit 1 contains 11 nets,    Circuit 2 contains 11 nets.


Contents of circuit 1:  Circuit: 'sky130_fd_sc_hd__dfxtp_4'
Circuit sky130_fd_sc_hd__dfxtp_4 contains 30 device instances.
  Class: sky130_fd_pr__nfet_01v8 instances:  11
  Class: sky130_fd_pr__pfet_01v8_hvt instances:  15
  Class: sky130_fd_pr__special_nfet_01v8 instances:   4
Circuit contains 18 nets.
Contents of circuit 2:  Circuit: 'sky130_fd_sc_hd__dfxtp_4'
Circuit sky130_fd_sc_hd__dfxtp_4 contains 30 device instances.
  Class: sky130_fd_pr__nfet_01v8 instances:  11
  Class: sky130_fd_pr__pfet_01v8_hvt instances:  15
  Class: sky130_fd_pr__special_nfet_01v8 instances:   4
Circuit contains 18 nets.

Circuit was modified by parallel/series device merging.
New circuit summary:

Contents of circuit 1:  Circuit: 'sky130_fd_sc_hd__dfxtp_4'
Circuit sky130_fd_sc_hd__dfxtp_4 contains 24 device instances.
  Class: sky130_fd_pr__nfet_01v8 instances:   8
  Class: sky130_fd_pr__pfet_01v8_hvt instances:  12
  Class: sky130_fd_pr__special_nfet_01v8 instances:   4
Circuit contains 18 nets.
Contents of circuit 2:  Circuit: 'sky130_fd_sc_hd__dfxtp_4'
Circuit sky130_fd_sc_hd__dfxtp_4 contains 24 device instances.
  Class: sky130_fd_pr__nfet_01v8 instances:   8
  Class: sky130_fd_pr__pfet_01v8_hvt instances:  12
  Class: sky130_fd_pr__special_nfet_01v8 instances:   4
Circuit contains 18 nets.

Circuit 1 contains 24 devices, Circuit 2 contains 24 devices.
Circuit 1 contains 18 nets,    Circuit 2 contains 18 nets.


Contents of circuit 1:  Circuit: 'sky130_fd_sc_hd__nand4_4'
Circuit sky130_fd_sc_hd__nand4_4 contains 32 device instances.
  Class: sky130_fd_pr__nfet_01v8 instances:  16
  Class: sky130_fd_pr__pfet_01v8_hvt instances:  16
Circuit contains 12 nets.
Contents of circuit 2:  Circuit: 'sky130_fd_sc_hd__nand4_4'
Circuit sky130_fd_sc_hd__nand4_4 contains 32 device instances.
  Class: sky130_fd_pr__nfet_01v8 instances:  16
  Class: sky130_fd_pr__pfet_01v8_hvt instances:  16
Circuit contains 12 nets.

Circuit was modified by parallel/series device merging.
New circuit summary:

Contents of circuit 1:  Circuit: 'sky130_fd_sc_hd__nand4_4'
Circuit sky130_fd_sc_hd__nand4_4 contains 8 device instances.
  Class: sky130_fd_pr__nfet_01v8 instances:   4
  Class: sky130_fd_pr__pfet_01v8_hvt instances:   4
Circuit contains 12 nets.
Contents of circuit 2:  Circuit: 'sky130_fd_sc_hd__nand4_4'
Circuit sky130_fd_sc_hd__nand4_4 contains 8 device instances.
  Class: sky130_fd_pr__nfet_01v8 instances:   4
  Class: sky130_fd_pr__pfet_01v8_hvt instances:   4
Circuit contains 12 nets.

Circuit 1 contains 8 devices, Circuit 2 contains 8 devices.
Circuit 1 contains 12 nets,    Circuit 2 contains 12 nets.


Contents of circuit 1:  Circuit: 'sky130_fd_sc_hd__nor3_2'
Circuit sky130_fd_sc_hd__nor3_2 contains 12 device instances.
  Class: sky130_fd_pr__nfet_01v8 instances:   6
  Class: sky130_fd_pr__pfet_01v8_hvt instances:   6
Circuit contains 10 nets.
Contents of circuit 2:  Circuit: 'sky130_fd_sc_hd__nor3_2'
Circuit sky130_fd_sc_hd__nor3_2 contains 12 device instances.
  Class: sky130_fd_pr__nfet_01v8 instances:   6
  Class: sky130_fd_pr__pfet_01v8_hvt instances:   6
Circuit contains 10 nets.

Circuit was modified by parallel/series device merging.
New circuit summary:

Contents of circuit 1:  Circuit: 'sky130_fd_sc_hd__nor3_2'
Circuit sky130_fd_sc_hd__nor3_2 contains 6 device instances.
  Class: sky130_fd_pr__nfet_01v8 instances:   3
  Class: sky130_fd_pr__pfet_01v8_hvt instances:   3
Circuit contains 10 nets.
Contents of circuit 2:  Circuit: 'sky130_fd_sc_hd__nor3_2'
Circuit sky130_fd_sc_hd__nor3_2 contains 6 device instances.
  Class: sky130_fd_pr__nfet_01v8 instances:   3
  Class: sky130_fd_pr__pfet_01v8_hvt instances:   3
Circuit contains 10 nets.

Circuit 1 contains 6 devices, Circuit 2 contains 6 devices.
Circuit 1 contains 10 nets,    Circuit 2 contains 10 nets.


Contents of circuit 1:  Circuit: 'sky130_fd_sc_hd__a211oi_2'
Circuit sky130_fd_sc_hd__a211oi_2 contains 16 device instances.
  Class: sky130_fd_pr__nfet_01v8 instances:   8
  Class: sky130_fd_pr__pfet_01v8_hvt instances:   8
Circuit contains 12 nets.
Contents of circuit 2:  Circuit: 'sky130_fd_sc_hd__a211oi_2'
Circuit sky130_fd_sc_hd__a211oi_2 contains 16 device instances.
  Class: sky130_fd_pr__nfet_01v8 instances:   8
  Class: sky130_fd_pr__pfet_01v8_hvt instances:   8
Circuit contains 12 nets.

Circuit was modified by parallel/series device merging.
New circuit summary:

Contents of circuit 1:  Circuit: 'sky130_fd_sc_hd__a211oi_2'
Circuit sky130_fd_sc_hd__a211oi_2 contains 8 device instances.
  Class: sky130_fd_pr__nfet_01v8 instances:   4
  Class: sky130_fd_pr__pfet_01v8_hvt instances:   4
Circuit contains 12 nets.
Contents of circuit 2:  Circuit: 'sky130_fd_sc_hd__a211oi_2'
Circuit sky130_fd_sc_hd__a211oi_2 contains 8 device instances.
  Class: sky130_fd_pr__nfet_01v8 instances:   4
  Class: sky130_fd_pr__pfet_01v8_hvt instances:   4
Circuit contains 12 nets.

Circuit 1 contains 8 devices, Circuit 2 contains 8 devices.
Circuit 1 contains 12 nets,    Circuit 2 contains 12 nets.


Contents of circuit 1:  Circuit: 'sky130_fd_sc_hd__bufinv_16'
Circuit sky130_fd_sc_hd__bufinv_16 contains 50 device instances.
  Class: sky130_fd_pr__nfet_01v8 instances:  25
  Class: sky130_fd_pr__pfet_01v8_hvt instances:  25
Circuit contains 8 nets.
Contents of circuit 2:  Circuit: 'sky130_fd_sc_hd__bufinv_16'
Circuit sky130_fd_sc_hd__bufinv_16 contains 50 device instances.
  Class: sky130_fd_pr__nfet_01v8 instances:  25
  Class: sky130_fd_pr__pfet_01v8_hvt instances:  25
Circuit contains 8 nets.

Circuit was modified by parallel/series device merging.
New circuit summary:

Contents of circuit 1:  Circuit: 'sky130_fd_sc_hd__bufinv_16'
Circuit sky130_fd_sc_hd__bufinv_16 contains 6 device instances.
  Class: sky130_fd_pr__nfet_01v8 instances:   3
  Class: sky130_fd_pr__pfet_01v8_hvt instances:   3
Circuit contains 8 nets.
Contents of circuit 2:  Circuit: 'sky130_fd_sc_hd__bufinv_16'
Circuit sky130_fd_sc_hd__bufinv_16 contains 6 device instances.
  Class: sky130_fd_pr__nfet_01v8 instances:   3
  Class: sky130_fd_pr__pfet_01v8_hvt instances:   3
Circuit contains 8 nets.

Circuit 1 contains 6 devices, Circuit 2 contains 6 devices.
Circuit 1 contains 8 nets,    Circuit 2 contains 8 nets.


Contents of circuit 1:  Circuit: 'sky130_fd_sc_hd__xnor2_2'
Circuit sky130_fd_sc_hd__xnor2_2 contains 20 device instances.
  Class: sky130_fd_pr__nfet_01v8 instances:  10
  Class: sky130_fd_pr__pfet_01v8_hvt instances:  10
Circuit contains 11 nets.
Contents of circuit 2:  Circuit: 'sky130_fd_sc_hd__xnor2_2'
Circuit sky130_fd_sc_hd__xnor2_2 contains 20 device instances.
  Class: sky130_fd_pr__nfet_01v8 instances:  10
  Class: sky130_fd_pr__pfet_01v8_hvt instances:  10
Circuit contains 11 nets.

Circuit was modified by parallel/series device merging.
New circuit summary:

Contents of circuit 1:  Circuit: 'sky130_fd_sc_hd__xnor2_2'
Circuit sky130_fd_sc_hd__xnor2_2 contains 10 device instances.
  Class: sky130_fd_pr__nfet_01v8 instances:   5
  Class: sky130_fd_pr__pfet_01v8_hvt instances:   5
Circuit contains 11 nets.
Contents of circuit 2:  Circuit: 'sky130_fd_sc_hd__xnor2_2'
Circuit sky130_fd_sc_hd__xnor2_2 contains 10 device instances.
  Class: sky130_fd_pr__nfet_01v8 instances:   5
  Class: sky130_fd_pr__pfet_01v8_hvt instances:   5
Circuit contains 11 nets.

Circuit 1 contains 10 devices, Circuit 2 contains 10 devices.
Circuit 1 contains 11 nets,    Circuit 2 contains 11 nets.


Contents of circuit 1:  Circuit: 'sky130_fd_sc_hd__nand4_2'
Circuit sky130_fd_sc_hd__nand4_2 contains 16 device instances.
  Class: sky130_fd_pr__nfet_01v8 instances:   8
  Class: sky130_fd_pr__pfet_01v8_hvt instances:   8
Circuit contains 12 nets.
Contents of circuit 2:  Circuit: 'sky130_fd_sc_hd__nand4_2'
Circuit sky130_fd_sc_hd__nand4_2 contains 16 device instances.
  Class: sky130_fd_pr__nfet_01v8 instances:   8
  Class: sky130_fd_pr__pfet_01v8_hvt instances:   8
Circuit contains 12 nets.

Circuit was modified by parallel/series device merging.
New circuit summary:

Contents of circuit 1:  Circuit: 'sky130_fd_sc_hd__nand4_2'
Circuit sky130_fd_sc_hd__nand4_2 contains 8 device instances.
  Class: sky130_fd_pr__nfet_01v8 instances:   4
  Class: sky130_fd_pr__pfet_01v8_hvt instances:   4
Circuit contains 12 nets.
Contents of circuit 2:  Circuit: 'sky130_fd_sc_hd__nand4_2'
Circuit sky130_fd_sc_hd__nand4_2 contains 8 device instances.
  Class: sky130_fd_pr__nfet_01v8 instances:   4
  Class: sky130_fd_pr__pfet_01v8_hvt instances:   4
Circuit contains 12 nets.

Circuit 1 contains 8 devices, Circuit 2 contains 8 devices.
Circuit 1 contains 12 nets,    Circuit 2 contains 12 nets.


Contents of circuit 1:  Circuit: 'sky130_fd_sc_hd__o41a_2'
Circuit sky130_fd_sc_hd__o41a_2 contains 14 device instances.
  Class: sky130_fd_pr__nfet_01v8 instances:   7
  Class: sky130_fd_pr__pfet_01v8_hvt instances:   7
Circuit contains 15 nets.
Contents of circuit 2:  Circuit: 'sky130_fd_sc_hd__o41a_2'
Circuit sky130_fd_sc_hd__o41a_2 contains 14 device instances.
  Class: sky130_fd_pr__nfet_01v8 instances:   7
  Class: sky130_fd_pr__pfet_01v8_hvt instances:   7
Circuit contains 15 nets.

Circuit was modified by parallel/series device merging.
New circuit summary:

Contents of circuit 1:  Circuit: 'sky130_fd_sc_hd__o41a_2'
Circuit sky130_fd_sc_hd__o41a_2 contains 12 device instances.
  Class: sky130_fd_pr__nfet_01v8 instances:   6
  Class: sky130_fd_pr__pfet_01v8_hvt instances:   6
Circuit contains 15 nets.
Contents of circuit 2:  Circuit: 'sky130_fd_sc_hd__o41a_2'
Circuit sky130_fd_sc_hd__o41a_2 contains 12 device instances.
  Class: sky130_fd_pr__nfet_01v8 instances:   6
  Class: sky130_fd_pr__pfet_01v8_hvt instances:   6
Circuit contains 15 nets.

Circuit 1 contains 12 devices, Circuit 2 contains 12 devices.
Circuit 1 contains 15 nets,    Circuit 2 contains 15 nets.


Contents of circuit 1:  Circuit: 'sky130_fd_sc_hd__nor2_4'
Circuit sky130_fd_sc_hd__nor2_4 contains 16 device instances.
  Class: sky130_fd_pr__nfet_01v8 instances:   8
  Class: sky130_fd_pr__pfet_01v8_hvt instances:   8
Circuit contains 8 nets.
Contents of circuit 2:  Circuit: 'sky130_fd_sc_hd__nor2_4'
Circuit sky130_fd_sc_hd__nor2_4 contains 16 device instances.
  Class: sky130_fd_pr__nfet_01v8 instances:   8
  Class: sky130_fd_pr__pfet_01v8_hvt instances:   8
Circuit contains 8 nets.

Circuit was modified by parallel/series device merging.
New circuit summary:

Contents of circuit 1:  Circuit: 'sky130_fd_sc_hd__nor2_4'
Circuit sky130_fd_sc_hd__nor2_4 contains 4 device instances.
  Class: sky130_fd_pr__nfet_01v8 instances:   2
  Class: sky130_fd_pr__pfet_01v8_hvt instances:   2
Circuit contains 8 nets.
Contents of circuit 2:  Circuit: 'sky130_fd_sc_hd__nor2_4'
Circuit sky130_fd_sc_hd__nor2_4 contains 4 device instances.
  Class: sky130_fd_pr__nfet_01v8 instances:   2
  Class: sky130_fd_pr__pfet_01v8_hvt instances:   2
Circuit contains 8 nets.

Circuit 1 contains 4 devices, Circuit 2 contains 4 devices.
Circuit 1 contains 8 nets,    Circuit 2 contains 8 nets.


Contents of circuit 1:  Circuit: 'sky130_fd_sc_hd__buf_12'
Circuit sky130_fd_sc_hd__buf_12 contains 32 device instances.
  Class: sky130_fd_pr__nfet_01v8 instances:  16
  Class: sky130_fd_pr__pfet_01v8_hvt instances:  16
Circuit contains 7 nets.
Contents of circuit 2:  Circuit: 'sky130_fd_sc_hd__buf_12'
Circuit sky130_fd_sc_hd__buf_12 contains 32 device instances.
  Class: sky130_fd_pr__nfet_01v8 instances:  16
  Class: sky130_fd_pr__pfet_01v8_hvt instances:  16
Circuit contains 7 nets.

Circuit was modified by parallel/series device merging.
New circuit summary:

Contents of circuit 1:  Circuit: 'sky130_fd_sc_hd__buf_12'
Circuit sky130_fd_sc_hd__buf_12 contains 4 device instances.
  Class: sky130_fd_pr__nfet_01v8 instances:   2
  Class: sky130_fd_pr__pfet_01v8_hvt instances:   2
Circuit contains 7 nets.
Contents of circuit 2:  Circuit: 'sky130_fd_sc_hd__buf_12'
Circuit sky130_fd_sc_hd__buf_12 contains 4 device instances.
  Class: sky130_fd_pr__nfet_01v8 instances:   2
  Class: sky130_fd_pr__pfet_01v8_hvt instances:   2
Circuit contains 7 nets.

Circuit 1 contains 4 devices, Circuit 2 contains 4 devices.
Circuit 1 contains 7 nets,    Circuit 2 contains 7 nets.


Contents of circuit 1:  Circuit: 'sky130_fd_sc_hd__conb_1'
Circuit sky130_fd_sc_hd__conb_1 contains 2 device instances.
  Class: sky130_fd_pr__res_generic_po instances:   2
Circuit contains 4 nets, and 2 disconnected pins.
Contents of circuit 2:  Circuit: 'sky130_fd_sc_hd__conb_1'
Circuit sky130_fd_sc_hd__conb_1 contains 2 device instances.
  Class: sky130_fd_pr__res_generic_po instances:   2
Circuit contains 4 nets, and 2 disconnected pins.

Circuit 1 contains 2 devices, Circuit 2 contains 2 devices.
Circuit 1 contains 4 nets,    Circuit 2 contains 4 nets.


Contents of circuit 1:  Circuit: 'sky130_fd_sc_hd__or3b_4'
Circuit sky130_fd_sc_hd__or3b_4 contains 16 device instances.
  Class: sky130_fd_pr__nfet_01v8 instances:   8
  Class: sky130_fd_pr__pfet_01v8_hvt instances:   8
Circuit contains 12 nets.
Contents of circuit 2:  Circuit: 'sky130_fd_sc_hd__or3b_4'
Circuit sky130_fd_sc_hd__or3b_4 contains 16 device instances.
  Class: sky130_fd_pr__nfet_01v8 instances:   8
  Class: sky130_fd_pr__pfet_01v8_hvt instances:   8
Circuit contains 12 nets.

Circuit was modified by parallel/series device merging.
New circuit summary:

Contents of circuit 1:  Circuit: 'sky130_fd_sc_hd__or3b_4'
Circuit sky130_fd_sc_hd__or3b_4 contains 10 device instances.
  Class: sky130_fd_pr__nfet_01v8 instances:   5
  Class: sky130_fd_pr__pfet_01v8_hvt instances:   5
Circuit contains 12 nets.
Contents of circuit 2:  Circuit: 'sky130_fd_sc_hd__or3b_4'
Circuit sky130_fd_sc_hd__or3b_4 contains 10 device instances.
  Class: sky130_fd_pr__nfet_01v8 instances:   5
  Class: sky130_fd_pr__pfet_01v8_hvt instances:   5
Circuit contains 12 nets.

Circuit 1 contains 10 devices, Circuit 2 contains 10 devices.
Circuit 1 contains 12 nets,    Circuit 2 contains 12 nets.


Contents of circuit 1:  Circuit: 'sky130_fd_sc_hd__buf_8'
Circuit sky130_fd_sc_hd__buf_8 contains 22 device instances.
  Class: sky130_fd_pr__nfet_01v8 instances:  11
  Class: sky130_fd_pr__pfet_01v8_hvt instances:  11
Circuit contains 7 nets.
Contents of circuit 2:  Circuit: 'sky130_fd_sc_hd__buf_8'
Circuit sky130_fd_sc_hd__buf_8 contains 22 device instances.
  Class: sky130_fd_pr__nfet_01v8 instances:  11
  Class: sky130_fd_pr__pfet_01v8_hvt instances:  11
Circuit contains 7 nets.

Circuit was modified by parallel/series device merging.
New circuit summary:

Contents of circuit 1:  Circuit: 'sky130_fd_sc_hd__buf_8'
Circuit sky130_fd_sc_hd__buf_8 contains 4 device instances.
  Class: sky130_fd_pr__nfet_01v8 instances:   2
  Class: sky130_fd_pr__pfet_01v8_hvt instances:   2
Circuit contains 7 nets.
Contents of circuit 2:  Circuit: 'sky130_fd_sc_hd__buf_8'
Circuit sky130_fd_sc_hd__buf_8 contains 4 device instances.
  Class: sky130_fd_pr__nfet_01v8 instances:   2
  Class: sky130_fd_pr__pfet_01v8_hvt instances:   2
Circuit contains 7 nets.

Circuit 1 contains 4 devices, Circuit 2 contains 4 devices.
Circuit 1 contains 7 nets,    Circuit 2 contains 7 nets.


Contents of circuit 1:  Circuit: 'sky130_fd_sc_hd__clkinv_2'
Circuit sky130_fd_sc_hd__clkinv_2 contains 5 device instances.
  Class: sky130_fd_pr__nfet_01v8 instances:   2
  Class: sky130_fd_pr__pfet_01v8_hvt instances:   3
Circuit contains 6 nets.
Contents of circuit 2:  Circuit: 'sky130_fd_sc_hd__clkinv_2'
Circuit sky130_fd_sc_hd__clkinv_2 contains 5 device instances.
  Class: sky130_fd_pr__nfet_01v8 instances:   2
  Class: sky130_fd_pr__pfet_01v8_hvt instances:   3
Circuit contains 6 nets.

Circuit was modified by parallel/series device merging.
New circuit summary:

Contents of circuit 1:  Circuit: 'sky130_fd_sc_hd__clkinv_2'
Circuit sky130_fd_sc_hd__clkinv_2 contains 2 device instances.
  Class: sky130_fd_pr__nfet_01v8 instances:   1
  Class: sky130_fd_pr__pfet_01v8_hvt instances:   1
Circuit contains 6 nets.
Contents of circuit 2:  Circuit: 'sky130_fd_sc_hd__clkinv_2'
Circuit sky130_fd_sc_hd__clkinv_2 contains 2 device instances.
  Class: sky130_fd_pr__nfet_01v8 instances:   1
  Class: sky130_fd_pr__pfet_01v8_hvt instances:   1
Circuit contains 6 nets.

Circuit 1 contains 2 devices, Circuit 2 contains 2 devices.
Circuit 1 contains 6 nets,    Circuit 2 contains 6 nets.


Contents of circuit 1:  Circuit: 'sky130_fd_sc_hd__o2111ai_2'
Circuit sky130_fd_sc_hd__o2111ai_2 contains 20 device instances.
  Class: sky130_fd_pr__nfet_01v8 instances:  10
  Class: sky130_fd_pr__pfet_01v8_hvt instances:  10
Circuit contains 14 nets.
Contents of circuit 2:  Circuit: 'sky130_fd_sc_hd__o2111ai_2'
Circuit sky130_fd_sc_hd__o2111ai_2 contains 20 device instances.
  Class: sky130_fd_pr__nfet_01v8 instances:  10
  Class: sky130_fd_pr__pfet_01v8_hvt instances:  10
Circuit contains 14 nets.

Circuit was modified by parallel/series device merging.
New circuit summary:

Contents of circuit 1:  Circuit: 'sky130_fd_sc_hd__o2111ai_2'
Circuit sky130_fd_sc_hd__o2111ai_2 contains 10 device instances.
  Class: sky130_fd_pr__nfet_01v8 instances:   5
  Class: sky130_fd_pr__pfet_01v8_hvt instances:   5
Circuit contains 14 nets.
Contents of circuit 2:  Circuit: 'sky130_fd_sc_hd__o2111ai_2'
Circuit sky130_fd_sc_hd__o2111ai_2 contains 10 device instances.
  Class: sky130_fd_pr__nfet_01v8 instances:   5
  Class: sky130_fd_pr__pfet_01v8_hvt instances:   5
Circuit contains 14 nets.

Circuit 1 contains 10 devices, Circuit 2 contains 10 devices.
Circuit 1 contains 14 nets,    Circuit 2 contains 14 nets.


Contents of circuit 1:  Circuit: 'sky130_fd_sc_hd__a21boi_2'
Circuit sky130_fd_sc_hd__a21boi_2 contains 14 device instances.
  Class: sky130_fd_pr__nfet_01v8 instances:   7
  Class: sky130_fd_pr__pfet_01v8_hvt instances:   7
Circuit contains 12 nets.
Contents of circuit 2:  Circuit: 'sky130_fd_sc_hd__a21boi_2'
Circuit sky130_fd_sc_hd__a21boi_2 contains 14 device instances.
  Class: sky130_fd_pr__nfet_01v8 instances:   7
  Class: sky130_fd_pr__pfet_01v8_hvt instances:   7
Circuit contains 12 nets.

Circuit was modified by parallel/series device merging.
New circuit summary:

Contents of circuit 1:  Circuit: 'sky130_fd_sc_hd__a21boi_2'
Circuit sky130_fd_sc_hd__a21boi_2 contains 10 device instances.
  Class: sky130_fd_pr__nfet_01v8 instances:   6
  Class: sky130_fd_pr__pfet_01v8_hvt instances:   4
Circuit contains 12 nets.
Contents of circuit 2:  Circuit: 'sky130_fd_sc_hd__a21boi_2'
Circuit sky130_fd_sc_hd__a21boi_2 contains 10 device instances.
  Class: sky130_fd_pr__nfet_01v8 instances:   6
  Class: sky130_fd_pr__pfet_01v8_hvt instances:   4
Circuit contains 12 nets.

Circuit 1 contains 10 devices, Circuit 2 contains 10 devices.
Circuit 1 contains 12 nets,    Circuit 2 contains 12 nets.


Contents of circuit 1:  Circuit: 'sky130_fd_sc_hd__a2bb2oi_2'
Circuit sky130_fd_sc_hd__a2bb2oi_2 contains 20 device instances.
  Class: sky130_fd_pr__nfet_01v8 instances:  10
  Class: sky130_fd_pr__pfet_01v8_hvt instances:  10
Circuit contains 13 nets.
Contents of circuit 2:  Circuit: 'sky130_fd_sc_hd__a2bb2oi_2'
Circuit sky130_fd_sc_hd__a2bb2oi_2 contains 20 device instances.
  Class: sky130_fd_pr__nfet_01v8 instances:  10
  Class: sky130_fd_pr__pfet_01v8_hvt instances:  10
Circuit contains 13 nets.

Circuit was modified by parallel/series device merging.
New circuit summary:

Contents of circuit 1:  Circuit: 'sky130_fd_sc_hd__a2bb2oi_2'
Circuit sky130_fd_sc_hd__a2bb2oi_2 contains 10 device instances.
  Class: sky130_fd_pr__nfet_01v8 instances:   5
  Class: sky130_fd_pr__pfet_01v8_hvt instances:   5
Circuit contains 13 nets.
Contents of circuit 2:  Circuit: 'sky130_fd_sc_hd__a2bb2oi_2'
Circuit sky130_fd_sc_hd__a2bb2oi_2 contains 10 device instances.
  Class: sky130_fd_pr__nfet_01v8 instances:   5
  Class: sky130_fd_pr__pfet_01v8_hvt instances:   5
Circuit contains 13 nets.

Circuit 1 contains 10 devices, Circuit 2 contains 10 devices.
Circuit 1 contains 13 nets,    Circuit 2 contains 13 nets.


Contents of circuit 1:  Circuit: 'sky130_fd_sc_hd__a2111o_2'
Circuit sky130_fd_sc_hd__a2111o_2 contains 14 device instances.
  Class: sky130_fd_pr__nfet_01v8 instances:   7
  Class: sky130_fd_pr__pfet_01v8_hvt instances:   7
Circuit contains 15 nets.
Contents of circuit 2:  Circuit: 'sky130_fd_sc_hd__a2111o_2'
Circuit sky130_fd_sc_hd__a2111o_2 contains 14 device instances.
  Class: sky130_fd_pr__nfet_01v8 instances:   7
  Class: sky130_fd_pr__pfet_01v8_hvt instances:   7
Circuit contains 15 nets.

Circuit was modified by parallel/series device merging.
New circuit summary:

Contents of circuit 1:  Circuit: 'sky130_fd_sc_hd__a2111o_2'
Circuit sky130_fd_sc_hd__a2111o_2 contains 12 device instances.
  Class: sky130_fd_pr__nfet_01v8 instances:   6
  Class: sky130_fd_pr__pfet_01v8_hvt instances:   6
Circuit contains 15 nets.
Contents of circuit 2:  Circuit: 'sky130_fd_sc_hd__a2111o_2'
Circuit sky130_fd_sc_hd__a2111o_2 contains 12 device instances.
  Class: sky130_fd_pr__nfet_01v8 instances:   6
  Class: sky130_fd_pr__pfet_01v8_hvt instances:   6
Circuit contains 15 nets.

Circuit 1 contains 12 devices, Circuit 2 contains 12 devices.
Circuit 1 contains 15 nets,    Circuit 2 contains 15 nets.


Contents of circuit 1:  Circuit: 'sky130_fd_sc_hd__a311oi_2'
Circuit sky130_fd_sc_hd__a311oi_2 contains 20 device instances.
  Class: sky130_fd_pr__nfet_01v8 instances:  10
  Class: sky130_fd_pr__pfet_01v8_hvt instances:  10
Circuit contains 14 nets.
Contents of circuit 2:  Circuit: 'sky130_fd_sc_hd__a311oi_2'
Circuit sky130_fd_sc_hd__a311oi_2 contains 20 device instances.
  Class: sky130_fd_pr__nfet_01v8 instances:  10
  Class: sky130_fd_pr__pfet_01v8_hvt instances:  10
Circuit contains 14 nets.

Circuit was modified by parallel/series device merging.
New circuit summary:

Contents of circuit 1:  Circuit: 'sky130_fd_sc_hd__a311oi_2'
Circuit sky130_fd_sc_hd__a311oi_2 contains 10 device instances.
  Class: sky130_fd_pr__nfet_01v8 instances:   5
  Class: sky130_fd_pr__pfet_01v8_hvt instances:   5
Circuit contains 14 nets.
Contents of circuit 2:  Circuit: 'sky130_fd_sc_hd__a311oi_2'
Circuit sky130_fd_sc_hd__a311oi_2 contains 10 device instances.
  Class: sky130_fd_pr__nfet_01v8 instances:   5
  Class: sky130_fd_pr__pfet_01v8_hvt instances:   5
Circuit contains 14 nets.

Circuit 1 contains 10 devices, Circuit 2 contains 10 devices.
Circuit 1 contains 14 nets,    Circuit 2 contains 14 nets.


Contents of circuit 1:  Circuit: 'sky130_fd_sc_hd__nand2b_2'
Circuit sky130_fd_sc_hd__nand2b_2 contains 10 device instances.
  Class: sky130_fd_pr__nfet_01v8 instances:   5
  Class: sky130_fd_pr__pfet_01v8_hvt instances:   5
Circuit contains 9 nets.
Contents of circuit 2:  Circuit: 'sky130_fd_sc_hd__nand2b_2'
Circuit sky130_fd_sc_hd__nand2b_2 contains 10 device instances.
  Class: sky130_fd_pr__nfet_01v8 instances:   5
  Class: sky130_fd_pr__pfet_01v8_hvt instances:   5
Circuit contains 9 nets.

Circuit was modified by parallel/series device merging.
New circuit summary:

Contents of circuit 1:  Circuit: 'sky130_fd_sc_hd__nand2b_2'
Circuit sky130_fd_sc_hd__nand2b_2 contains 6 device instances.
  Class: sky130_fd_pr__nfet_01v8 instances:   3
  Class: sky130_fd_pr__pfet_01v8_hvt instances:   3
Circuit contains 9 nets.
Contents of circuit 2:  Circuit: 'sky130_fd_sc_hd__nand2b_2'
Circuit sky130_fd_sc_hd__nand2b_2 contains 6 device instances.
  Class: sky130_fd_pr__nfet_01v8 instances:   3
  Class: sky130_fd_pr__pfet_01v8_hvt instances:   3
Circuit contains 9 nets.

Circuit 1 contains 6 devices, Circuit 2 contains 6 devices.
Circuit 1 contains 9 nets,    Circuit 2 contains 9 nets.


Contents of circuit 1:  Circuit: 'sky130_fd_sc_hd__inv_6'
Circuit sky130_fd_sc_hd__inv_6 contains 12 device instances.
  Class: sky130_fd_pr__nfet_01v8 instances:   6
  Class: sky130_fd_pr__pfet_01v8_hvt instances:   6
Circuit contains 6 nets.
Contents of circuit 2:  Circuit: 'sky130_fd_sc_hd__inv_6'
Circuit sky130_fd_sc_hd__inv_6 contains 12 device instances.
  Class: sky130_fd_pr__nfet_01v8 instances:   6
  Class: sky130_fd_pr__pfet_01v8_hvt instances:   6
Circuit contains 6 nets.

Circuit was modified by parallel/series device merging.
New circuit summary:

Contents of circuit 1:  Circuit: 'sky130_fd_sc_hd__inv_6'
Circuit sky130_fd_sc_hd__inv_6 contains 2 device instances.
  Class: sky130_fd_pr__nfet_01v8 instances:   1
  Class: sky130_fd_pr__pfet_01v8_hvt instances:   1
Circuit contains 6 nets.
Contents of circuit 2:  Circuit: 'sky130_fd_sc_hd__inv_6'
Circuit sky130_fd_sc_hd__inv_6 contains 2 device instances.
  Class: sky130_fd_pr__nfet_01v8 instances:   1
  Class: sky130_fd_pr__pfet_01v8_hvt instances:   1
Circuit contains 6 nets.

Circuit 1 contains 2 devices, Circuit 2 contains 2 devices.
Circuit 1 contains 6 nets,    Circuit 2 contains 6 nets.


Contents of circuit 1:  Circuit: 'sky130_fd_sc_hd__and4_4'
Circuit sky130_fd_sc_hd__and4_4 contains 16 device instances.
  Class: sky130_fd_pr__nfet_01v8 instances:   8
  Class: sky130_fd_pr__pfet_01v8_hvt instances:   8
Circuit contains 13 nets.
Contents of circuit 2:  Circuit: 'sky130_fd_sc_hd__and4_4'
Circuit sky130_fd_sc_hd__and4_4 contains 16 device instances.
  Class: sky130_fd_pr__nfet_01v8 instances:   8
  Class: sky130_fd_pr__pfet_01v8_hvt instances:   8
Circuit contains 13 nets.

Circuit was modified by parallel/series device merging.
New circuit summary:

Contents of circuit 1:  Circuit: 'sky130_fd_sc_hd__and4_4'
Circuit sky130_fd_sc_hd__and4_4 contains 10 device instances.
  Class: sky130_fd_pr__nfet_01v8 instances:   5
  Class: sky130_fd_pr__pfet_01v8_hvt instances:   5
Circuit contains 13 nets.
Contents of circuit 2:  Circuit: 'sky130_fd_sc_hd__and4_4'
Circuit sky130_fd_sc_hd__and4_4 contains 10 device instances.
  Class: sky130_fd_pr__nfet_01v8 instances:   5
  Class: sky130_fd_pr__pfet_01v8_hvt instances:   5
Circuit contains 13 nets.

Circuit 1 contains 10 devices, Circuit 2 contains 10 devices.
Circuit 1 contains 13 nets,    Circuit 2 contains 13 nets.


Contents of circuit 1:  Circuit: 'sky130_fd_sc_hd__o21bai_4'
Circuit sky130_fd_sc_hd__o21bai_4 contains 26 device instances.
  Class: sky130_fd_pr__nfet_01v8 instances:  13
  Class: sky130_fd_pr__pfet_01v8_hvt instances:  13
Circuit contains 11 nets.
Contents of circuit 2:  Circuit: 'sky130_fd_sc_hd__o21bai_4'
Circuit sky130_fd_sc_hd__o21bai_4 contains 26 device instances.
  Class: sky130_fd_pr__nfet_01v8 instances:  13
  Class: sky130_fd_pr__pfet_01v8_hvt instances:  13
Circuit contains 11 nets.

Circuit was modified by parallel/series device merging.
New circuit summary:

Contents of circuit 1:  Circuit: 'sky130_fd_sc_hd__o21bai_4'
Circuit sky130_fd_sc_hd__o21bai_4 contains 8 device instances.
  Class: sky130_fd_pr__nfet_01v8 instances:   4
  Class: sky130_fd_pr__pfet_01v8_hvt instances:   4
Circuit contains 11 nets.
Contents of circuit 2:  Circuit: 'sky130_fd_sc_hd__o21bai_4'
Circuit sky130_fd_sc_hd__o21bai_4 contains 8 device instances.
  Class: sky130_fd_pr__nfet_01v8 instances:   4
  Class: sky130_fd_pr__pfet_01v8_hvt instances:   4
Circuit contains 11 nets.

Circuit 1 contains 8 devices, Circuit 2 contains 8 devices.
Circuit 1 contains 11 nets,    Circuit 2 contains 11 nets.


Contents of circuit 1:  Circuit: 'sky130_fd_sc_hd__o22ai_2'
Circuit sky130_fd_sc_hd__o22ai_2 contains 16 device instances.
  Class: sky130_fd_pr__nfet_01v8 instances:   8
  Class: sky130_fd_pr__pfet_01v8_hvt instances:   8
Circuit contains 12 nets.
Contents of circuit 2:  Circuit: 'sky130_fd_sc_hd__o22ai_2'
Circuit sky130_fd_sc_hd__o22ai_2 contains 16 device instances.
  Class: sky130_fd_pr__nfet_01v8 instances:   8
  Class: sky130_fd_pr__pfet_01v8_hvt instances:   8
Circuit contains 12 nets.

Circuit was modified by parallel/series device merging.
New circuit summary:

Contents of circuit 1:  Circuit: 'sky130_fd_sc_hd__o22ai_2'
Circuit sky130_fd_sc_hd__o22ai_2 contains 8 device instances.
  Class: sky130_fd_pr__nfet_01v8 instances:   4
  Class: sky130_fd_pr__pfet_01v8_hvt instances:   4
Circuit contains 12 nets.
Contents of circuit 2:  Circuit: 'sky130_fd_sc_hd__o22ai_2'
Circuit sky130_fd_sc_hd__o22ai_2 contains 8 device instances.
  Class: sky130_fd_pr__nfet_01v8 instances:   4
  Class: sky130_fd_pr__pfet_01v8_hvt instances:   4
Circuit contains 12 nets.

Circuit 1 contains 8 devices, Circuit 2 contains 8 devices.
Circuit 1 contains 12 nets,    Circuit 2 contains 12 nets.


Contents of circuit 1:  Circuit: 'sky130_fd_sc_hd__nor4_2'
Circuit sky130_fd_sc_hd__nor4_2 contains 16 device instances.
  Class: sky130_fd_pr__nfet_01v8 instances:   8
  Class: sky130_fd_pr__pfet_01v8_hvt instances:   8
Circuit contains 12 nets.
Contents of circuit 2:  Circuit: 'sky130_fd_sc_hd__nor4_2'
Circuit sky130_fd_sc_hd__nor4_2 contains 16 device instances.
  Class: sky130_fd_pr__nfet_01v8 instances:   8
  Class: sky130_fd_pr__pfet_01v8_hvt instances:   8
Circuit contains 12 nets.

Circuit was modified by parallel/series device merging.
New circuit summary:

Contents of circuit 1:  Circuit: 'sky130_fd_sc_hd__nor4_2'
Circuit sky130_fd_sc_hd__nor4_2 contains 8 device instances.
  Class: sky130_fd_pr__nfet_01v8 instances:   4
  Class: sky130_fd_pr__pfet_01v8_hvt instances:   4
Circuit contains 12 nets.
Contents of circuit 2:  Circuit: 'sky130_fd_sc_hd__nor4_2'
Circuit sky130_fd_sc_hd__nor4_2 contains 8 device instances.
  Class: sky130_fd_pr__nfet_01v8 instances:   4
  Class: sky130_fd_pr__pfet_01v8_hvt instances:   4
Circuit contains 12 nets.

Circuit 1 contains 8 devices, Circuit 2 contains 8 devices.
Circuit 1 contains 12 nets,    Circuit 2 contains 12 nets.


Contents of circuit 1:  Circuit: 'sky130_fd_sc_hd__o211a_4'
Circuit sky130_fd_sc_hd__o211a_4 contains 24 device instances.
  Class: sky130_fd_pr__nfet_01v8 instances:  12
  Class: sky130_fd_pr__pfet_01v8_hvt instances:  12
Circuit contains 15 nets.
Contents of circuit 2:  Circuit: 'sky130_fd_sc_hd__o211a_4'
Circuit sky130_fd_sc_hd__o211a_4 contains 24 device instances.
  Class: sky130_fd_pr__nfet_01v8 instances:  12
  Class: sky130_fd_pr__pfet_01v8_hvt instances:  12
Circuit contains 15 nets.

Circuit was modified by parallel/series device merging.
New circuit summary:

Contents of circuit 1:  Circuit: 'sky130_fd_sc_hd__o211a_4'
Circuit sky130_fd_sc_hd__o211a_4 contains 14 device instances.
  Class: sky130_fd_pr__nfet_01v8 instances:   7
  Class: sky130_fd_pr__pfet_01v8_hvt instances:   7
Circuit contains 15 nets.
Contents of circuit 2:  Circuit: 'sky130_fd_sc_hd__o211a_4'
Circuit sky130_fd_sc_hd__o211a_4 contains 14 device instances.
  Class: sky130_fd_pr__nfet_01v8 instances:   7
  Class: sky130_fd_pr__pfet_01v8_hvt instances:   7
Circuit contains 15 nets.

Circuit 1 contains 14 devices, Circuit 2 contains 14 devices.
Circuit 1 contains 15 nets,    Circuit 2 contains 15 nets.


Contents of circuit 1:  Circuit: 'sky130_fd_sc_hd__a2111oi_2'
Circuit sky130_fd_sc_hd__a2111oi_2 contains 20 device instances.
  Class: sky130_fd_pr__nfet_01v8 instances:  10
  Class: sky130_fd_pr__pfet_01v8_hvt instances:  10
Circuit contains 16 nets.
Contents of circuit 2:  Circuit: 'sky130_fd_sc_hd__a2111oi_2'
Circuit sky130_fd_sc_hd__a2111oi_2 contains 20 device instances.
  Class: sky130_fd_pr__nfet_01v8 instances:  10
  Class: sky130_fd_pr__pfet_01v8_hvt instances:  10
Circuit contains 16 nets.

Circuit was modified by parallel/series device merging.
New circuit summary:

Contents of circuit 1:  Circuit: 'sky130_fd_sc_hd__a2111oi_2'
Circuit sky130_fd_sc_hd__a2111oi_2 contains 14 device instances.
  Class: sky130_fd_pr__nfet_01v8 instances:   7
  Class: sky130_fd_pr__pfet_01v8_hvt instances:   7
Circuit contains 16 nets.
Contents of circuit 2:  Circuit: 'sky130_fd_sc_hd__a2111oi_2'
Circuit sky130_fd_sc_hd__a2111oi_2 contains 14 device instances.
  Class: sky130_fd_pr__nfet_01v8 instances:   7
  Class: sky130_fd_pr__pfet_01v8_hvt instances:   7
Circuit contains 16 nets.

Circuit 1 contains 14 devices, Circuit 2 contains 14 devices.
Circuit 1 contains 16 nets,    Circuit 2 contains 16 nets.


Contents of circuit 1:  Circuit: 'sky130_fd_sc_hd__a41oi_2'
Circuit sky130_fd_sc_hd__a41oi_2 contains 20 device instances.
  Class: sky130_fd_pr__nfet_01v8 instances:  10
  Class: sky130_fd_pr__pfet_01v8_hvt instances:  10
Circuit contains 14 nets.
Contents of circuit 2:  Circuit: 'sky130_fd_sc_hd__a41oi_2'
Circuit sky130_fd_sc_hd__a41oi_2 contains 20 device instances.
  Class: sky130_fd_pr__nfet_01v8 instances:  10
  Class: sky130_fd_pr__pfet_01v8_hvt instances:  10
Circuit contains 14 nets.

Circuit was modified by parallel/series device merging.
New circuit summary:

Contents of circuit 1:  Circuit: 'sky130_fd_sc_hd__a41oi_2'
Circuit sky130_fd_sc_hd__a41oi_2 contains 10 device instances.
  Class: sky130_fd_pr__nfet_01v8 instances:   5
  Class: sky130_fd_pr__pfet_01v8_hvt instances:   5
Circuit contains 14 nets.
Contents of circuit 2:  Circuit: 'sky130_fd_sc_hd__a41oi_2'
Circuit sky130_fd_sc_hd__a41oi_2 contains 10 device instances.
  Class: sky130_fd_pr__nfet_01v8 instances:   5
  Class: sky130_fd_pr__pfet_01v8_hvt instances:   5
Circuit contains 14 nets.

Circuit 1 contains 10 devices, Circuit 2 contains 10 devices.
Circuit 1 contains 14 nets,    Circuit 2 contains 14 nets.


Contents of circuit 1:  Circuit: 'sky130_fd_sc_hd__clkinv_4'
Circuit sky130_fd_sc_hd__clkinv_4 contains 10 device instances.
  Class: sky130_fd_pr__nfet_01v8 instances:   4
  Class: sky130_fd_pr__pfet_01v8_hvt instances:   6
Circuit contains 6 nets.
Contents of circuit 2:  Circuit: 'sky130_fd_sc_hd__clkinv_4'
Circuit sky130_fd_sc_hd__clkinv_4 contains 10 device instances.
  Class: sky130_fd_pr__nfet_01v8 instances:   4
  Class: sky130_fd_pr__pfet_01v8_hvt instances:   6
Circuit contains 6 nets.

Circuit was modified by parallel/series device merging.
New circuit summary:

Contents of circuit 1:  Circuit: 'sky130_fd_sc_hd__clkinv_4'
Circuit sky130_fd_sc_hd__clkinv_4 contains 2 device instances.
  Class: sky130_fd_pr__nfet_01v8 instances:   1
  Class: sky130_fd_pr__pfet_01v8_hvt instances:   1
Circuit contains 6 nets.
Contents of circuit 2:  Circuit: 'sky130_fd_sc_hd__clkinv_4'
Circuit sky130_fd_sc_hd__clkinv_4 contains 2 device instances.
  Class: sky130_fd_pr__nfet_01v8 instances:   1
  Class: sky130_fd_pr__pfet_01v8_hvt instances:   1
Circuit contains 6 nets.

Circuit 1 contains 2 devices, Circuit 2 contains 2 devices.
Circuit 1 contains 6 nets,    Circuit 2 contains 6 nets.


Contents of circuit 1:  Circuit: 'sky130_fd_sc_hd__o21ai_4'
Circuit sky130_fd_sc_hd__o21ai_4 contains 24 device instances.
  Class: sky130_fd_pr__nfet_01v8 instances:  12
  Class: sky130_fd_pr__pfet_01v8_hvt instances:  12
Circuit contains 10 nets.
Contents of circuit 2:  Circuit: 'sky130_fd_sc_hd__o21ai_4'
Circuit sky130_fd_sc_hd__o21ai_4 contains 24 device instances.
  Class: sky130_fd_pr__nfet_01v8 instances:  12
  Class: sky130_fd_pr__pfet_01v8_hvt instances:  12
Circuit contains 10 nets.

Circuit was modified by parallel/series device merging.
New circuit summary:

Contents of circuit 1:  Circuit: 'sky130_fd_sc_hd__o21ai_4'
Circuit sky130_fd_sc_hd__o21ai_4 contains 6 device instances.
  Class: sky130_fd_pr__nfet_01v8 instances:   3
  Class: sky130_fd_pr__pfet_01v8_hvt instances:   3
Circuit contains 10 nets.
Contents of circuit 2:  Circuit: 'sky130_fd_sc_hd__o21ai_4'
Circuit sky130_fd_sc_hd__o21ai_4 contains 6 device instances.
  Class: sky130_fd_pr__nfet_01v8 instances:   3
  Class: sky130_fd_pr__pfet_01v8_hvt instances:   3
Circuit contains 10 nets.

Circuit 1 contains 6 devices, Circuit 2 contains 6 devices.
Circuit 1 contains 10 nets,    Circuit 2 contains 10 nets.


Contents of circuit 1:  Circuit: 'sky130_fd_sc_hd__o32ai_2'
Circuit sky130_fd_sc_hd__o32ai_2 contains 20 device instances.
  Class: sky130_fd_pr__nfet_01v8 instances:  10
  Class: sky130_fd_pr__pfet_01v8_hvt instances:  10
Circuit contains 14 nets.
Contents of circuit 2:  Circuit: 'sky130_fd_sc_hd__o32ai_2'
Circuit sky130_fd_sc_hd__o32ai_2 contains 20 device instances.
  Class: sky130_fd_pr__nfet_01v8 instances:  10
  Class: sky130_fd_pr__pfet_01v8_hvt instances:  10
Circuit contains 14 nets.

Circuit was modified by parallel/series device merging.
New circuit summary:

Contents of circuit 1:  Circuit: 'sky130_fd_sc_hd__o32ai_2'
Circuit sky130_fd_sc_hd__o32ai_2 contains 10 device instances.
  Class: sky130_fd_pr__nfet_01v8 instances:   5
  Class: sky130_fd_pr__pfet_01v8_hvt instances:   5
Circuit contains 14 nets.
Contents of circuit 2:  Circuit: 'sky130_fd_sc_hd__o32ai_2'
Circuit sky130_fd_sc_hd__o32ai_2 contains 10 device instances.
  Class: sky130_fd_pr__nfet_01v8 instances:   5
  Class: sky130_fd_pr__pfet_01v8_hvt instances:   5
Circuit contains 14 nets.

Circuit 1 contains 10 devices, Circuit 2 contains 10 devices.
Circuit 1 contains 14 nets,    Circuit 2 contains 14 nets.


Contents of circuit 1:  Circuit: 'sky130_fd_sc_hd__a32oi_2'
Circuit sky130_fd_sc_hd__a32oi_2 contains 20 device instances.
  Class: sky130_fd_pr__nfet_01v8 instances:  10
  Class: sky130_fd_pr__pfet_01v8_hvt instances:  10
Circuit contains 14 nets.
Contents of circuit 2:  Circuit: 'sky130_fd_sc_hd__a32oi_2'
Circuit sky130_fd_sc_hd__a32oi_2 contains 20 device instances.
  Class: sky130_fd_pr__nfet_01v8 instances:  10
  Class: sky130_fd_pr__pfet_01v8_hvt instances:  10
Circuit contains 14 nets.

Circuit was modified by parallel/series device merging.
New circuit summary:

Contents of circuit 1:  Circuit: 'sky130_fd_sc_hd__a32oi_2'
Circuit sky130_fd_sc_hd__a32oi_2 contains 10 device instances.
  Class: sky130_fd_pr__nfet_01v8 instances:   5
  Class: sky130_fd_pr__pfet_01v8_hvt instances:   5
Circuit contains 14 nets.
Contents of circuit 2:  Circuit: 'sky130_fd_sc_hd__a32oi_2'
Circuit sky130_fd_sc_hd__a32oi_2 contains 10 device instances.
  Class: sky130_fd_pr__nfet_01v8 instances:   5
  Class: sky130_fd_pr__pfet_01v8_hvt instances:   5
Circuit contains 14 nets.

Circuit 1 contains 10 devices, Circuit 2 contains 10 devices.
Circuit 1 contains 14 nets,    Circuit 2 contains 14 nets.


Contents of circuit 1:  Circuit: 'sky130_fd_sc_hd__o31ai_4'
Circuit sky130_fd_sc_hd__o31ai_4 contains 32 device instances.
  Class: sky130_fd_pr__nfet_01v8 instances:  16
  Class: sky130_fd_pr__pfet_01v8_hvt instances:  16
Circuit contains 12 nets.
Contents of circuit 2:  Circuit: 'sky130_fd_sc_hd__o31ai_4'
Circuit sky130_fd_sc_hd__o31ai_4 contains 32 device instances.
  Class: sky130_fd_pr__nfet_01v8 instances:  16
  Class: sky130_fd_pr__pfet_01v8_hvt instances:  16
Circuit contains 12 nets.

Circuit was modified by parallel/series device merging.
New circuit summary:

Contents of circuit 1:  Circuit: 'sky130_fd_sc_hd__o31ai_4'
Circuit sky130_fd_sc_hd__o31ai_4 contains 8 device instances.
  Class: sky130_fd_pr__nfet_01v8 instances:   4
  Class: sky130_fd_pr__pfet_01v8_hvt instances:   4
Circuit contains 12 nets.
Contents of circuit 2:  Circuit: 'sky130_fd_sc_hd__o31ai_4'
Circuit sky130_fd_sc_hd__o31ai_4 contains 8 device instances.
  Class: sky130_fd_pr__nfet_01v8 instances:   4
  Class: sky130_fd_pr__pfet_01v8_hvt instances:   4
Circuit contains 12 nets.

Circuit 1 contains 8 devices, Circuit 2 contains 8 devices.
Circuit 1 contains 12 nets,    Circuit 2 contains 12 nets.


Contents of circuit 1:  Circuit: 'sky130_fd_sc_hd__mux2_4'
Circuit sky130_fd_sc_hd__mux2_4 contains 18 device instances.
  Class: sky130_fd_pr__nfet_01v8 instances:   9
  Class: sky130_fd_pr__pfet_01v8_hvt instances:   9
Circuit contains 14 nets.
Contents of circuit 2:  Circuit: 'sky130_fd_sc_hd__mux2_4'
Circuit sky130_fd_sc_hd__mux2_4 contains 18 device instances.
  Class: sky130_fd_pr__nfet_01v8 instances:   9
  Class: sky130_fd_pr__pfet_01v8_hvt instances:   9
Circuit contains 14 nets.

Circuit was modified by parallel/series device merging.
New circuit summary:

Contents of circuit 1:  Circuit: 'sky130_fd_sc_hd__mux2_4'
Circuit sky130_fd_sc_hd__mux2_4 contains 12 device instances.
  Class: sky130_fd_pr__nfet_01v8 instances:   6
  Class: sky130_fd_pr__pfet_01v8_hvt instances:   6
Circuit contains 14 nets.
Contents of circuit 2:  Circuit: 'sky130_fd_sc_hd__mux2_4'
Circuit sky130_fd_sc_hd__mux2_4 contains 12 device instances.
  Class: sky130_fd_pr__nfet_01v8 instances:   6
  Class: sky130_fd_pr__pfet_01v8_hvt instances:   6
Circuit contains 14 nets.

Circuit 1 contains 12 devices, Circuit 2 contains 12 devices.
Circuit 1 contains 14 nets,    Circuit 2 contains 14 nets.


Contents of circuit 1:  Circuit: 'sky130_fd_sc_hd__and3_4'
Circuit sky130_fd_sc_hd__and3_4 contains 14 device instances.
  Class: sky130_fd_pr__nfet_01v8 instances:   7
  Class: sky130_fd_pr__pfet_01v8_hvt instances:   7
Circuit contains 11 nets.
Contents of circuit 2:  Circuit: 'sky130_fd_sc_hd__and3_4'
Circuit sky130_fd_sc_hd__and3_4 contains 14 device instances.
  Class: sky130_fd_pr__nfet_01v8 instances:   7
  Class: sky130_fd_pr__pfet_01v8_hvt instances:   7
Circuit contains 11 nets.

Circuit was modified by parallel/series device merging.
New circuit summary:

Contents of circuit 1:  Circuit: 'sky130_fd_sc_hd__and3_4'
Circuit sky130_fd_sc_hd__and3_4 contains 8 device instances.
  Class: sky130_fd_pr__nfet_01v8 instances:   4
  Class: sky130_fd_pr__pfet_01v8_hvt instances:   4
Circuit contains 11 nets.
Contents of circuit 2:  Circuit: 'sky130_fd_sc_hd__and3_4'
Circuit sky130_fd_sc_hd__and3_4 contains 8 device instances.
  Class: sky130_fd_pr__nfet_01v8 instances:   4
  Class: sky130_fd_pr__pfet_01v8_hvt instances:   4
Circuit contains 11 nets.

Circuit 1 contains 8 devices, Circuit 2 contains 8 devices.
Circuit 1 contains 11 nets,    Circuit 2 contains 11 nets.


Contents of circuit 1:  Circuit: 'sky130_fd_sc_hd__mux2_2'
Circuit sky130_fd_sc_hd__mux2_2 contains 14 device instances.
  Class: sky130_fd_pr__nfet_01v8 instances:   7
  Class: sky130_fd_pr__pfet_01v8_hvt instances:   7
Circuit contains 14 nets.
Contents of circuit 2:  Circuit: 'sky130_fd_sc_hd__mux2_2'
Circuit sky130_fd_sc_hd__mux2_2 contains 14 device instances.
  Class: sky130_fd_pr__nfet_01v8 instances:   7
  Class: sky130_fd_pr__pfet_01v8_hvt instances:   7
Circuit contains 14 nets.

Circuit was modified by parallel/series device merging.
New circuit summary:

Contents of circuit 1:  Circuit: 'sky130_fd_sc_hd__mux2_2'
Circuit sky130_fd_sc_hd__mux2_2 contains 12 device instances.
  Class: sky130_fd_pr__nfet_01v8 instances:   6
  Class: sky130_fd_pr__pfet_01v8_hvt instances:   6
Circuit contains 14 nets.
Contents of circuit 2:  Circuit: 'sky130_fd_sc_hd__mux2_2'
Circuit sky130_fd_sc_hd__mux2_2 contains 12 device instances.
  Class: sky130_fd_pr__nfet_01v8 instances:   6
  Class: sky130_fd_pr__pfet_01v8_hvt instances:   6
Circuit contains 14 nets.

Circuit 1 contains 12 devices, Circuit 2 contains 12 devices.
Circuit 1 contains 14 nets,    Circuit 2 contains 14 nets.


Contents of circuit 1:  Circuit: 'sky130_fd_sc_hd__or4bb_4'
Circuit sky130_fd_sc_hd__or4bb_4 contains 20 device instances.
  Class: sky130_fd_pr__nfet_01v8 instances:  10
  Class: sky130_fd_pr__pfet_01v8_hvt instances:  10
Circuit contains 15 nets.
Contents of circuit 2:  Circuit: 'sky130_fd_sc_hd__or4bb_4'
Circuit sky130_fd_sc_hd__or4bb_4 contains 20 device instances.
  Class: sky130_fd_pr__nfet_01v8 instances:  10
  Class: sky130_fd_pr__pfet_01v8_hvt instances:  10
Circuit contains 15 nets.

Circuit was modified by parallel/series device merging.
New circuit summary:

Contents of circuit 1:  Circuit: 'sky130_fd_sc_hd__or4bb_4'
Circuit sky130_fd_sc_hd__or4bb_4 contains 14 device instances.
  Class: sky130_fd_pr__nfet_01v8 instances:   7
  Class: sky130_fd_pr__pfet_01v8_hvt instances:   7
Circuit contains 15 nets.
Contents of circuit 2:  Circuit: 'sky130_fd_sc_hd__or4bb_4'
Circuit sky130_fd_sc_hd__or4bb_4 contains 14 device instances.
  Class: sky130_fd_pr__nfet_01v8 instances:   7
  Class: sky130_fd_pr__pfet_01v8_hvt instances:   7
Circuit contains 15 nets.

Circuit 1 contains 14 devices, Circuit 2 contains 14 devices.
Circuit 1 contains 15 nets,    Circuit 2 contains 15 nets.


Contents of circuit 1:  Circuit: 'sky130_fd_sc_hd__a31oi_4'
Circuit sky130_fd_sc_hd__a31oi_4 contains 32 device instances.
  Class: sky130_fd_pr__nfet_01v8 instances:  16
  Class: sky130_fd_pr__pfet_01v8_hvt instances:  16
Circuit contains 12 nets.
Contents of circuit 2:  Circuit: 'sky130_fd_sc_hd__a31oi_4'
Circuit sky130_fd_sc_hd__a31oi_4 contains 32 device instances.
  Class: sky130_fd_pr__nfet_01v8 instances:  16
  Class: sky130_fd_pr__pfet_01v8_hvt instances:  16
Circuit contains 12 nets.

Circuit was modified by parallel/series device merging.
New circuit summary:

Contents of circuit 1:  Circuit: 'sky130_fd_sc_hd__a31oi_4'
Circuit sky130_fd_sc_hd__a31oi_4 contains 8 device instances.
  Class: sky130_fd_pr__nfet_01v8 instances:   4
  Class: sky130_fd_pr__pfet_01v8_hvt instances:   4
Circuit contains 12 nets.
Contents of circuit 2:  Circuit: 'sky130_fd_sc_hd__a31oi_4'
Circuit sky130_fd_sc_hd__a31oi_4 contains 8 device instances.
  Class: sky130_fd_pr__nfet_01v8 instances:   4
  Class: sky130_fd_pr__pfet_01v8_hvt instances:   4
Circuit contains 12 nets.

Circuit 1 contains 8 devices, Circuit 2 contains 8 devices.
Circuit 1 contains 12 nets,    Circuit 2 contains 12 nets.


Contents of circuit 1:  Circuit: 'sky130_fd_sc_hd__o2111a_2'
Circuit sky130_fd_sc_hd__o2111a_2 contains 14 device instances.
  Class: sky130_fd_pr__nfet_01v8 instances:   7
  Class: sky130_fd_pr__pfet_01v8_hvt instances:   7
Circuit contains 15 nets.
Contents of circuit 2:  Circuit: 'sky130_fd_sc_hd__o2111a_2'
Circuit sky130_fd_sc_hd__o2111a_2 contains 14 device instances.
  Class: sky130_fd_pr__nfet_01v8 instances:   7
  Class: sky130_fd_pr__pfet_01v8_hvt instances:   7
Circuit contains 15 nets.

Circuit was modified by parallel/series device merging.
New circuit summary:

Contents of circuit 1:  Circuit: 'sky130_fd_sc_hd__o2111a_2'
Circuit sky130_fd_sc_hd__o2111a_2 contains 12 device instances.
  Class: sky130_fd_pr__nfet_01v8 instances:   6
  Class: sky130_fd_pr__pfet_01v8_hvt instances:   6
Circuit contains 15 nets.
Contents of circuit 2:  Circuit: 'sky130_fd_sc_hd__o2111a_2'
Circuit sky130_fd_sc_hd__o2111a_2 contains 12 device instances.
  Class: sky130_fd_pr__nfet_01v8 instances:   6
  Class: sky130_fd_pr__pfet_01v8_hvt instances:   6
Circuit contains 15 nets.

Circuit 1 contains 12 devices, Circuit 2 contains 12 devices.
Circuit 1 contains 15 nets,    Circuit 2 contains 15 nets.


Contents of circuit 1:  Circuit: 'sky130_fd_sc_hd__a22o_4'
Circuit sky130_fd_sc_hd__a22o_4 contains 24 device instances.
  Class: sky130_fd_pr__nfet_01v8 instances:  12
  Class: sky130_fd_pr__pfet_01v8_hvt instances:  12
Circuit contains 13 nets.
Contents of circuit 2:  Circuit: 'sky130_fd_sc_hd__a22o_4'
Circuit sky130_fd_sc_hd__a22o_4 contains 24 device instances.
  Class: sky130_fd_pr__nfet_01v8 instances:  12
  Class: sky130_fd_pr__pfet_01v8_hvt instances:  12
Circuit contains 13 nets.

Circuit was modified by parallel/series device merging.
New circuit summary:

Contents of circuit 1:  Circuit: 'sky130_fd_sc_hd__a22o_4'
Circuit sky130_fd_sc_hd__a22o_4 contains 10 device instances.
  Class: sky130_fd_pr__nfet_01v8 instances:   5
  Class: sky130_fd_pr__pfet_01v8_hvt instances:   5
Circuit contains 13 nets.
Contents of circuit 2:  Circuit: 'sky130_fd_sc_hd__a22o_4'
Circuit sky130_fd_sc_hd__a22o_4 contains 10 device instances.
  Class: sky130_fd_pr__nfet_01v8 instances:   5
  Class: sky130_fd_pr__pfet_01v8_hvt instances:   5
Circuit contains 13 nets.

Circuit 1 contains 10 devices, Circuit 2 contains 10 devices.
Circuit 1 contains 13 nets,    Circuit 2 contains 13 nets.


Contents of circuit 1:  Circuit: 'sky130_fd_sc_hd__nand3b_2'
Circuit sky130_fd_sc_hd__nand3b_2 contains 14 device instances.
  Class: sky130_fd_pr__nfet_01v8 instances:   7
  Class: sky130_fd_pr__pfet_01v8_hvt instances:   7
Circuit contains 11 nets.
Contents of circuit 2:  Circuit: 'sky130_fd_sc_hd__nand3b_2'
Circuit sky130_fd_sc_hd__nand3b_2 contains 14 device instances.
  Class: sky130_fd_pr__nfet_01v8 instances:   7
  Class: sky130_fd_pr__pfet_01v8_hvt instances:   7
Circuit contains 11 nets.

Circuit was modified by parallel/series device merging.
New circuit summary:

Contents of circuit 1:  Circuit: 'sky130_fd_sc_hd__nand3b_2'
Circuit sky130_fd_sc_hd__nand3b_2 contains 8 device instances.
  Class: sky130_fd_pr__nfet_01v8 instances:   4
  Class: sky130_fd_pr__pfet_01v8_hvt instances:   4
Circuit contains 11 nets.
Contents of circuit 2:  Circuit: 'sky130_fd_sc_hd__nand3b_2'
Circuit sky130_fd_sc_hd__nand3b_2 contains 8 device instances.
  Class: sky130_fd_pr__nfet_01v8 instances:   4
  Class: sky130_fd_pr__pfet_01v8_hvt instances:   4
Circuit contains 11 nets.

Circuit 1 contains 8 devices, Circuit 2 contains 8 devices.
Circuit 1 contains 11 nets,    Circuit 2 contains 11 nets.


Contents of circuit 1:  Circuit: 'sky130_fd_sc_hd__or4_4'
Circuit sky130_fd_sc_hd__or4_4 contains 16 device instances.
  Class: sky130_fd_pr__nfet_01v8 instances:   8
  Class: sky130_fd_pr__pfet_01v8_hvt instances:   8
Circuit contains 13 nets.
Contents of circuit 2:  Circuit: 'sky130_fd_sc_hd__or4_4'
Circuit sky130_fd_sc_hd__or4_4 contains 16 device instances.
  Class: sky130_fd_pr__nfet_01v8 instances:   8
  Class: sky130_fd_pr__pfet_01v8_hvt instances:   8
Circuit contains 13 nets.

Circuit was modified by parallel/series device merging.
New circuit summary:

Contents of circuit 1:  Circuit: 'sky130_fd_sc_hd__or4_4'
Circuit sky130_fd_sc_hd__or4_4 contains 10 device instances.
  Class: sky130_fd_pr__nfet_01v8 instances:   5
  Class: sky130_fd_pr__pfet_01v8_hvt instances:   5
Circuit contains 13 nets.
Contents of circuit 2:  Circuit: 'sky130_fd_sc_hd__or4_4'
Circuit sky130_fd_sc_hd__or4_4 contains 10 device instances.
  Class: sky130_fd_pr__nfet_01v8 instances:   5
  Class: sky130_fd_pr__pfet_01v8_hvt instances:   5
Circuit contains 13 nets.

Circuit 1 contains 10 devices, Circuit 2 contains 10 devices.
Circuit 1 contains 13 nets,    Circuit 2 contains 13 nets.


Contents of circuit 1:  Circuit: 'sky130_fd_sc_hd__nor4_4'
Circuit sky130_fd_sc_hd__nor4_4 contains 32 device instances.
  Class: sky130_fd_pr__nfet_01v8 instances:  16
  Class: sky130_fd_pr__pfet_01v8_hvt instances:  16
Circuit contains 12 nets.
Contents of circuit 2:  Circuit: 'sky130_fd_sc_hd__nor4_4'
Circuit sky130_fd_sc_hd__nor4_4 contains 32 device instances.
  Class: sky130_fd_pr__nfet_01v8 instances:  16
  Class: sky130_fd_pr__pfet_01v8_hvt instances:  16
Circuit contains 12 nets.

Circuit was modified by parallel/series device merging.
New circuit summary:

Contents of circuit 1:  Circuit: 'sky130_fd_sc_hd__nor4_4'
Circuit sky130_fd_sc_hd__nor4_4 contains 8 device instances.
  Class: sky130_fd_pr__nfet_01v8 instances:   4
  Class: sky130_fd_pr__pfet_01v8_hvt instances:   4
Circuit contains 12 nets.
Contents of circuit 2:  Circuit: 'sky130_fd_sc_hd__nor4_4'
Circuit sky130_fd_sc_hd__nor4_4 contains 8 device instances.
  Class: sky130_fd_pr__nfet_01v8 instances:   4
  Class: sky130_fd_pr__pfet_01v8_hvt instances:   4
Circuit contains 12 nets.

Circuit 1 contains 8 devices, Circuit 2 contains 8 devices.
Circuit 1 contains 12 nets,    Circuit 2 contains 12 nets.


Contents of circuit 1:  Circuit: 'sky130_fd_sc_hd__nand4b_2'
Circuit sky130_fd_sc_hd__nand4b_2 contains 18 device instances.
  Class: sky130_fd_pr__nfet_01v8 instances:   9
  Class: sky130_fd_pr__pfet_01v8_hvt instances:   9
Circuit contains 13 nets.
Contents of circuit 2:  Circuit: 'sky130_fd_sc_hd__nand4b_2'
Circuit sky130_fd_sc_hd__nand4b_2 contains 18 device instances.
  Class: sky130_fd_pr__nfet_01v8 instances:   9
  Class: sky130_fd_pr__pfet_01v8_hvt instances:   9
Circuit contains 13 nets.

Circuit was modified by parallel/series device merging.
New circuit summary:

Contents of circuit 1:  Circuit: 'sky130_fd_sc_hd__nand4b_2'
Circuit sky130_fd_sc_hd__nand4b_2 contains 10 device instances.
  Class: sky130_fd_pr__nfet_01v8 instances:   5
  Class: sky130_fd_pr__pfet_01v8_hvt instances:   5
Circuit contains 13 nets.
Contents of circuit 2:  Circuit: 'sky130_fd_sc_hd__nand4b_2'
Circuit sky130_fd_sc_hd__nand4b_2 contains 10 device instances.
  Class: sky130_fd_pr__nfet_01v8 instances:   5
  Class: sky130_fd_pr__pfet_01v8_hvt instances:   5
Circuit contains 13 nets.

Circuit 1 contains 10 devices, Circuit 2 contains 10 devices.
Circuit 1 contains 13 nets,    Circuit 2 contains 13 nets.


Contents of circuit 1:  Circuit: 'sky130_fd_sc_hd__a21oi_4'
Circuit sky130_fd_sc_hd__a21oi_4 contains 24 device instances.
  Class: sky130_fd_pr__nfet_01v8 instances:  12
  Class: sky130_fd_pr__pfet_01v8_hvt instances:  12
Circuit contains 10 nets.
Contents of circuit 2:  Circuit: 'sky130_fd_sc_hd__a21oi_4'
Circuit sky130_fd_sc_hd__a21oi_4 contains 24 device instances.
  Class: sky130_fd_pr__nfet_01v8 instances:  12
  Class: sky130_fd_pr__pfet_01v8_hvt instances:  12
Circuit contains 10 nets.

Circuit was modified by parallel/series device merging.
New circuit summary:

Contents of circuit 1:  Circuit: 'sky130_fd_sc_hd__a21oi_4'
Circuit sky130_fd_sc_hd__a21oi_4 contains 6 device instances.
  Class: sky130_fd_pr__nfet_01v8 instances:   3
  Class: sky130_fd_pr__pfet_01v8_hvt instances:   3
Circuit contains 10 nets.
Contents of circuit 2:  Circuit: 'sky130_fd_sc_hd__a21oi_4'
Circuit sky130_fd_sc_hd__a21oi_4 contains 6 device instances.
  Class: sky130_fd_pr__nfet_01v8 instances:   3
  Class: sky130_fd_pr__pfet_01v8_hvt instances:   3
Circuit contains 10 nets.

Circuit 1 contains 6 devices, Circuit 2 contains 6 devices.
Circuit 1 contains 10 nets,    Circuit 2 contains 10 nets.


Contents of circuit 1:  Circuit: 'sky130_fd_sc_hd__or4bb_2'
Circuit sky130_fd_sc_hd__or4bb_2 contains 16 device instances.
  Class: sky130_fd_pr__nfet_01v8 instances:   8
  Class: sky130_fd_pr__pfet_01v8_hvt instances:   8
Circuit contains 15 nets.
Contents of circuit 2:  Circuit: 'sky130_fd_sc_hd__or4bb_2'
Circuit sky130_fd_sc_hd__or4bb_2 contains 16 device instances.
  Class: sky130_fd_pr__nfet_01v8 instances:   8
  Class: sky130_fd_pr__pfet_01v8_hvt instances:   8
Circuit contains 15 nets.

Circuit was modified by parallel/series device merging.
New circuit summary:

Contents of circuit 1:  Circuit: 'sky130_fd_sc_hd__or4bb_2'
Circuit sky130_fd_sc_hd__or4bb_2 contains 14 device instances.
  Class: sky130_fd_pr__nfet_01v8 instances:   7
  Class: sky130_fd_pr__pfet_01v8_hvt instances:   7
Circuit contains 15 nets.
Contents of circuit 2:  Circuit: 'sky130_fd_sc_hd__or4bb_2'
Circuit sky130_fd_sc_hd__or4bb_2 contains 14 device instances.
  Class: sky130_fd_pr__nfet_01v8 instances:   7
  Class: sky130_fd_pr__pfet_01v8_hvt instances:   7
Circuit contains 15 nets.

Circuit 1 contains 14 devices, Circuit 2 contains 14 devices.
Circuit 1 contains 15 nets,    Circuit 2 contains 15 nets.


Contents of circuit 1:  Circuit: 'sky130_fd_sc_hd__o221ai_4'
Circuit sky130_fd_sc_hd__o221ai_4 contains 40 device instances.
  Class: sky130_fd_pr__nfet_01v8 instances:  20
  Class: sky130_fd_pr__pfet_01v8_hvt instances:  20
Circuit contains 14 nets.
Contents of circuit 2:  Circuit: 'sky130_fd_sc_hd__o221ai_4'
Circuit sky130_fd_sc_hd__o221ai_4 contains 40 device instances.
  Class: sky130_fd_pr__nfet_01v8 instances:  20
  Class: sky130_fd_pr__pfet_01v8_hvt instances:  20
Circuit contains 14 nets.

Circuit was modified by parallel/series device merging.
New circuit summary:

Contents of circuit 1:  Circuit: 'sky130_fd_sc_hd__o221ai_4'
Circuit sky130_fd_sc_hd__o221ai_4 contains 10 device instances.
  Class: sky130_fd_pr__nfet_01v8 instances:   5
  Class: sky130_fd_pr__pfet_01v8_hvt instances:   5
Circuit contains 14 nets.
Contents of circuit 2:  Circuit: 'sky130_fd_sc_hd__o221ai_4'
Circuit sky130_fd_sc_hd__o221ai_4 contains 10 device instances.
  Class: sky130_fd_pr__nfet_01v8 instances:   5
  Class: sky130_fd_pr__pfet_01v8_hvt instances:   5
Circuit contains 14 nets.

Circuit 1 contains 10 devices, Circuit 2 contains 10 devices.
Circuit 1 contains 14 nets,    Circuit 2 contains 14 nets.


Contents of circuit 1:  Circuit: 'sky130_fd_sc_hd__nor3b_2'
Circuit sky130_fd_sc_hd__nor3b_2 contains 14 device instances.
  Class: sky130_fd_pr__nfet_01v8 instances:   7
  Class: sky130_fd_pr__pfet_01v8_hvt instances:   7
Circuit contains 11 nets.
Contents of circuit 2:  Circuit: 'sky130_fd_sc_hd__nor3b_2'
Circuit sky130_fd_sc_hd__nor3b_2 contains 14 device instances.
  Class: sky130_fd_pr__nfet_01v8 instances:   7
  Class: sky130_fd_pr__pfet_01v8_hvt instances:   7
Circuit contains 11 nets.

Circuit was modified by parallel/series device merging.
New circuit summary:

Contents of circuit 1:  Circuit: 'sky130_fd_sc_hd__nor3b_2'
Circuit sky130_fd_sc_hd__nor3b_2 contains 8 device instances.
  Class: sky130_fd_pr__nfet_01v8 instances:   4
  Class: sky130_fd_pr__pfet_01v8_hvt instances:   4
Circuit contains 11 nets.
Contents of circuit 2:  Circuit: 'sky130_fd_sc_hd__nor3b_2'
Circuit sky130_fd_sc_hd__nor3b_2 contains 8 device instances.
  Class: sky130_fd_pr__nfet_01v8 instances:   4
  Class: sky130_fd_pr__pfet_01v8_hvt instances:   4
Circuit contains 11 nets.

Circuit 1 contains 8 devices, Circuit 2 contains 8 devices.
Circuit 1 contains 11 nets,    Circuit 2 contains 11 nets.


Contents of circuit 1:  Circuit: 'sky130_fd_sc_hd__o211ai_4'
Circuit sky130_fd_sc_hd__o211ai_4 contains 32 device instances.
  Class: sky130_fd_pr__nfet_01v8 instances:  16
  Class: sky130_fd_pr__pfet_01v8_hvt instances:  16
Circuit contains 14 nets.
Contents of circuit 2:  Circuit: 'sky130_fd_sc_hd__o211ai_4'
Circuit sky130_fd_sc_hd__o211ai_4 contains 32 device instances.
  Class: sky130_fd_pr__nfet_01v8 instances:  16
  Class: sky130_fd_pr__pfet_01v8_hvt instances:  16
Circuit contains 14 nets.

Circuit was modified by parallel/series device merging.
New circuit summary:

Contents of circuit 1:  Circuit: 'sky130_fd_sc_hd__o211ai_4'
Circuit sky130_fd_sc_hd__o211ai_4 contains 12 device instances.
  Class: sky130_fd_pr__nfet_01v8 instances:   8
  Class: sky130_fd_pr__pfet_01v8_hvt instances:   4
Circuit contains 14 nets.
Contents of circuit 2:  Circuit: 'sky130_fd_sc_hd__o211ai_4'
Circuit sky130_fd_sc_hd__o211ai_4 contains 12 device instances.
  Class: sky130_fd_pr__nfet_01v8 instances:   8
  Class: sky130_fd_pr__pfet_01v8_hvt instances:   4
Circuit contains 14 nets.

Circuit 1 contains 12 devices, Circuit 2 contains 12 devices.
Circuit 1 contains 14 nets,    Circuit 2 contains 14 nets.


Contents of circuit 1:  Circuit: 'sky130_fd_sc_hd__a21boi_4'
Circuit sky130_fd_sc_hd__a21boi_4 contains 26 device instances.
  Class: sky130_fd_pr__nfet_01v8 instances:  13
  Class: sky130_fd_pr__pfet_01v8_hvt instances:  13
Circuit contains 11 nets.
Contents of circuit 2:  Circuit: 'sky130_fd_sc_hd__a21boi_4'
Circuit sky130_fd_sc_hd__a21boi_4 contains 26 device instances.
  Class: sky130_fd_pr__nfet_01v8 instances:  13
  Class: sky130_fd_pr__pfet_01v8_hvt instances:  13
Circuit contains 11 nets.

Circuit was modified by parallel/series device merging.
New circuit summary:

Contents of circuit 1:  Circuit: 'sky130_fd_sc_hd__a21boi_4'
Circuit sky130_fd_sc_hd__a21boi_4 contains 8 device instances.
  Class: sky130_fd_pr__nfet_01v8 instances:   4
  Class: sky130_fd_pr__pfet_01v8_hvt instances:   4
Circuit contains 11 nets.
Contents of circuit 2:  Circuit: 'sky130_fd_sc_hd__a21boi_4'
Circuit sky130_fd_sc_hd__a21boi_4 contains 8 device instances.
  Class: sky130_fd_pr__nfet_01v8 instances:   4
  Class: sky130_fd_pr__pfet_01v8_hvt instances:   4
Circuit contains 11 nets.

Circuit 1 contains 8 devices, Circuit 2 contains 8 devices.
Circuit 1 contains 11 nets,    Circuit 2 contains 11 nets.


Contents of circuit 1:  Circuit: 'sky130_fd_sc_hd__nor4b_2'
Circuit sky130_fd_sc_hd__nor4b_2 contains 18 device instances.
  Class: sky130_fd_pr__nfet_01v8 instances:   9
  Class: sky130_fd_pr__pfet_01v8_hvt instances:   9
Circuit contains 13 nets.
Contents of circuit 2:  Circuit: 'sky130_fd_sc_hd__nor4b_2'
Circuit sky130_fd_sc_hd__nor4b_2 contains 18 device instances.
  Class: sky130_fd_pr__nfet_01v8 instances:   9
  Class: sky130_fd_pr__pfet_01v8_hvt instances:   9
Circuit contains 13 nets.

Circuit was modified by parallel/series device merging.
New circuit summary:

Contents of circuit 1:  Circuit: 'sky130_fd_sc_hd__nor4b_2'
Circuit sky130_fd_sc_hd__nor4b_2 contains 10 device instances.
  Class: sky130_fd_pr__nfet_01v8 instances:   5
  Class: sky130_fd_pr__pfet_01v8_hvt instances:   5
Circuit contains 13 nets.
Contents of circuit 2:  Circuit: 'sky130_fd_sc_hd__nor4b_2'
Circuit sky130_fd_sc_hd__nor4b_2 contains 10 device instances.
  Class: sky130_fd_pr__nfet_01v8 instances:   5
  Class: sky130_fd_pr__pfet_01v8_hvt instances:   5
Circuit contains 13 nets.

Circuit 1 contains 10 devices, Circuit 2 contains 10 devices.
Circuit 1 contains 13 nets,    Circuit 2 contains 13 nets.


Contents of circuit 1:  Circuit: 'sky130_fd_sc_hd__o2111ai_4'
Circuit sky130_fd_sc_hd__o2111ai_4 contains 40 device instances.
  Class: sky130_fd_pr__nfet_01v8 instances:  20
  Class: sky130_fd_pr__pfet_01v8_hvt instances:  20
Circuit contains 14 nets.
Contents of circuit 2:  Circuit: 'sky130_fd_sc_hd__o2111ai_4'
Circuit sky130_fd_sc_hd__o2111ai_4 contains 40 device instances.
  Class: sky130_fd_pr__nfet_01v8 instances:  20
  Class: sky130_fd_pr__pfet_01v8_hvt instances:  20
Circuit contains 14 nets.

Circuit was modified by parallel/series device merging.
New circuit summary:

Contents of circuit 1:  Circuit: 'sky130_fd_sc_hd__o2111ai_4'
Circuit sky130_fd_sc_hd__o2111ai_4 contains 10 device instances.
  Class: sky130_fd_pr__nfet_01v8 instances:   5
  Class: sky130_fd_pr__pfet_01v8_hvt instances:   5
Circuit contains 14 nets.
Contents of circuit 2:  Circuit: 'sky130_fd_sc_hd__o2111ai_4'
Circuit sky130_fd_sc_hd__o2111ai_4 contains 10 device instances.
  Class: sky130_fd_pr__nfet_01v8 instances:   5
  Class: sky130_fd_pr__pfet_01v8_hvt instances:   5
Circuit contains 14 nets.

Circuit 1 contains 10 devices, Circuit 2 contains 10 devices.
Circuit 1 contains 14 nets,    Circuit 2 contains 14 nets.


Contents of circuit 1:  Circuit: 'sky130_fd_sc_hd__a21o_4'
Circuit sky130_fd_sc_hd__a21o_4 contains 20 device instances.
  Class: sky130_fd_pr__nfet_01v8 instances:  10
  Class: sky130_fd_pr__pfet_01v8_hvt instances:  10
Circuit contains 12 nets.
Contents of circuit 2:  Circuit: 'sky130_fd_sc_hd__a21o_4'
Circuit sky130_fd_sc_hd__a21o_4 contains 20 device instances.
  Class: sky130_fd_pr__nfet_01v8 instances:  10
  Class: sky130_fd_pr__pfet_01v8_hvt instances:  10
Circuit contains 12 nets.

Circuit was modified by parallel/series device merging.
New circuit summary:

Contents of circuit 1:  Circuit: 'sky130_fd_sc_hd__a21o_4'
Circuit sky130_fd_sc_hd__a21o_4 contains 10 device instances.
  Class: sky130_fd_pr__nfet_01v8 instances:   6
  Class: sky130_fd_pr__pfet_01v8_hvt instances:   4
Circuit contains 12 nets.
Contents of circuit 2:  Circuit: 'sky130_fd_sc_hd__a21o_4'
Circuit sky130_fd_sc_hd__a21o_4 contains 10 device instances.
  Class: sky130_fd_pr__nfet_01v8 instances:   6
  Class: sky130_fd_pr__pfet_01v8_hvt instances:   4
Circuit contains 12 nets.

Circuit 1 contains 10 devices, Circuit 2 contains 10 devices.
Circuit 1 contains 12 nets,    Circuit 2 contains 12 nets.


Contents of circuit 1:  Circuit: 'sky130_fd_sc_hd__or2_4'
Circuit sky130_fd_sc_hd__or2_4 contains 12 device instances.
  Class: sky130_fd_pr__nfet_01v8 instances:   6
  Class: sky130_fd_pr__pfet_01v8_hvt instances:   6
Circuit contains 9 nets.
Contents of circuit 2:  Circuit: 'sky130_fd_sc_hd__or2_4'
Circuit sky130_fd_sc_hd__or2_4 contains 12 device instances.
  Class: sky130_fd_pr__nfet_01v8 instances:   6
  Class: sky130_fd_pr__pfet_01v8_hvt instances:   6
Circuit contains 9 nets.

Circuit was modified by parallel/series device merging.
New circuit summary:

Contents of circuit 1:  Circuit: 'sky130_fd_sc_hd__or2_4'
Circuit sky130_fd_sc_hd__or2_4 contains 6 device instances.
  Class: sky130_fd_pr__nfet_01v8 instances:   3
  Class: sky130_fd_pr__pfet_01v8_hvt instances:   3
Circuit contains 9 nets.
Contents of circuit 2:  Circuit: 'sky130_fd_sc_hd__or2_4'
Circuit sky130_fd_sc_hd__or2_4 contains 6 device instances.
  Class: sky130_fd_pr__nfet_01v8 instances:   3
  Class: sky130_fd_pr__pfet_01v8_hvt instances:   3
Circuit contains 9 nets.

Circuit 1 contains 6 devices, Circuit 2 contains 6 devices.
Circuit 1 contains 9 nets,    Circuit 2 contains 9 nets.


Contents of circuit 1:  Circuit: 'sky130_fd_sc_hd__a211oi_4'
Circuit sky130_fd_sc_hd__a211oi_4 contains 32 device instances.
  Class: sky130_fd_pr__nfet_01v8 instances:  16
  Class: sky130_fd_pr__pfet_01v8_hvt instances:  16
Circuit contains 14 nets.
Contents of circuit 2:  Circuit: 'sky130_fd_sc_hd__a211oi_4'
Circuit sky130_fd_sc_hd__a211oi_4 contains 32 device instances.
  Class: sky130_fd_pr__nfet_01v8 instances:  16
  Class: sky130_fd_pr__pfet_01v8_hvt instances:  16
Circuit contains 14 nets.

Circuit was modified by parallel/series device merging.
New circuit summary:

Contents of circuit 1:  Circuit: 'sky130_fd_sc_hd__a211oi_4'
Circuit sky130_fd_sc_hd__a211oi_4 contains 12 device instances.
  Class: sky130_fd_pr__nfet_01v8 instances:   4
  Class: sky130_fd_pr__pfet_01v8_hvt instances:   8
Circuit contains 14 nets.
Contents of circuit 2:  Circuit: 'sky130_fd_sc_hd__a211oi_4'
Circuit sky130_fd_sc_hd__a211oi_4 contains 12 device instances.
  Class: sky130_fd_pr__nfet_01v8 instances:   4
  Class: sky130_fd_pr__pfet_01v8_hvt instances:   8
Circuit contains 14 nets.

Circuit 1 contains 12 devices, Circuit 2 contains 12 devices.
Circuit 1 contains 14 nets,    Circuit 2 contains 14 nets.


Contents of circuit 1:  Circuit: 'sky130_fd_sc_hd__nor4b_4'
Circuit sky130_fd_sc_hd__nor4b_4 contains 34 device instances.
  Class: sky130_fd_pr__nfet_01v8 instances:  17
  Class: sky130_fd_pr__pfet_01v8_hvt instances:  17
Circuit contains 13 nets.
Contents of circuit 2:  Circuit: 'sky130_fd_sc_hd__nor4b_4'
Circuit sky130_fd_sc_hd__nor4b_4 contains 34 device instances.
  Class: sky130_fd_pr__nfet_01v8 instances:  17
  Class: sky130_fd_pr__pfet_01v8_hvt instances:  17
Circuit contains 13 nets.

Circuit was modified by parallel/series device merging.
New circuit summary:

Contents of circuit 1:  Circuit: 'sky130_fd_sc_hd__nor4b_4'
Circuit sky130_fd_sc_hd__nor4b_4 contains 10 device instances.
  Class: sky130_fd_pr__nfet_01v8 instances:   5
  Class: sky130_fd_pr__pfet_01v8_hvt instances:   5
Circuit contains 13 nets.
Contents of circuit 2:  Circuit: 'sky130_fd_sc_hd__nor4b_4'
Circuit sky130_fd_sc_hd__nor4b_4 contains 10 device instances.
  Class: sky130_fd_pr__nfet_01v8 instances:   5
  Class: sky130_fd_pr__pfet_01v8_hvt instances:   5
Circuit contains 13 nets.

Circuit 1 contains 10 devices, Circuit 2 contains 10 devices.
Circuit 1 contains 13 nets,    Circuit 2 contains 13 nets.


Contents of circuit 1:  Circuit: 'sky130_fd_sc_hd__nand2_8'
Circuit sky130_fd_sc_hd__nand2_8 contains 32 device instances.
  Class: sky130_fd_pr__nfet_01v8 instances:  16
  Class: sky130_fd_pr__pfet_01v8_hvt instances:  16
Circuit contains 8 nets.
Contents of circuit 2:  Circuit: 'sky130_fd_sc_hd__nand2_8'
Circuit sky130_fd_sc_hd__nand2_8 contains 32 device instances.
  Class: sky130_fd_pr__nfet_01v8 instances:  16
  Class: sky130_fd_pr__pfet_01v8_hvt instances:  16
Circuit contains 8 nets.

Circuit was modified by parallel/series device merging.
New circuit summary:

Contents of circuit 1:  Circuit: 'sky130_fd_sc_hd__nand2_8'
Circuit sky130_fd_sc_hd__nand2_8 contains 4 device instances.
  Class: sky130_fd_pr__nfet_01v8 instances:   2
  Class: sky130_fd_pr__pfet_01v8_hvt instances:   2
Circuit contains 8 nets.
Contents of circuit 2:  Circuit: 'sky130_fd_sc_hd__nand2_8'
Circuit sky130_fd_sc_hd__nand2_8 contains 4 device instances.
  Class: sky130_fd_pr__nfet_01v8 instances:   2
  Class: sky130_fd_pr__pfet_01v8_hvt instances:   2
Circuit contains 8 nets.

Circuit 1 contains 4 devices, Circuit 2 contains 4 devices.
Circuit 1 contains 8 nets,    Circuit 2 contains 8 nets.


Contents of circuit 1:  Circuit: 'sky130_fd_sc_hd__a2bb2o_4'
Circuit sky130_fd_sc_hd__a2bb2o_4 contains 28 device instances.
  Class: sky130_fd_pr__nfet_01v8 instances:  14
  Class: sky130_fd_pr__pfet_01v8_hvt instances:  14
Circuit contains 14 nets.
Contents of circuit 2:  Circuit: 'sky130_fd_sc_hd__a2bb2o_4'
Circuit sky130_fd_sc_hd__a2bb2o_4 contains 28 device instances.
  Class: sky130_fd_pr__nfet_01v8 instances:  14
  Class: sky130_fd_pr__pfet_01v8_hvt instances:  14
Circuit contains 14 nets.

Circuit was modified by parallel/series device merging.
New circuit summary:

Contents of circuit 1:  Circuit: 'sky130_fd_sc_hd__a2bb2o_4'
Circuit sky130_fd_sc_hd__a2bb2o_4 contains 12 device instances.
  Class: sky130_fd_pr__nfet_01v8 instances:   6
  Class: sky130_fd_pr__pfet_01v8_hvt instances:   6
Circuit contains 14 nets.
Contents of circuit 2:  Circuit: 'sky130_fd_sc_hd__a2bb2o_4'
Circuit sky130_fd_sc_hd__a2bb2o_4 contains 12 device instances.
  Class: sky130_fd_pr__nfet_01v8 instances:   6
  Class: sky130_fd_pr__pfet_01v8_hvt instances:   6
Circuit contains 14 nets.

Circuit 1 contains 12 devices, Circuit 2 contains 12 devices.
Circuit 1 contains 14 nets,    Circuit 2 contains 14 nets.


Contents of circuit 1:  Circuit: 'sky130_fd_sc_hd__or3_4'
Circuit sky130_fd_sc_hd__or3_4 contains 14 device instances.
  Class: sky130_fd_pr__nfet_01v8 instances:   7
  Class: sky130_fd_pr__pfet_01v8_hvt instances:   7
Circuit contains 11 nets.
Contents of circuit 2:  Circuit: 'sky130_fd_sc_hd__or3_4'
Circuit sky130_fd_sc_hd__or3_4 contains 14 device instances.
  Class: sky130_fd_pr__nfet_01v8 instances:   7
  Class: sky130_fd_pr__pfet_01v8_hvt instances:   7
Circuit contains 11 nets.

Circuit was modified by parallel/series device merging.
New circuit summary:

Contents of circuit 1:  Circuit: 'sky130_fd_sc_hd__or3_4'
Circuit sky130_fd_sc_hd__or3_4 contains 8 device instances.
  Class: sky130_fd_pr__nfet_01v8 instances:   4
  Class: sky130_fd_pr__pfet_01v8_hvt instances:   4
Circuit contains 11 nets.
Contents of circuit 2:  Circuit: 'sky130_fd_sc_hd__or3_4'
Circuit sky130_fd_sc_hd__or3_4 contains 8 device instances.
  Class: sky130_fd_pr__nfet_01v8 instances:   4
  Class: sky130_fd_pr__pfet_01v8_hvt instances:   4
Circuit contains 11 nets.

Circuit 1 contains 8 devices, Circuit 2 contains 8 devices.
Circuit 1 contains 11 nets,    Circuit 2 contains 11 nets.


Contents of circuit 1:  Circuit: 'sky130_fd_sc_hd__o311ai_4'
Circuit sky130_fd_sc_hd__o311ai_4 contains 40 device instances.
  Class: sky130_fd_pr__nfet_01v8 instances:  20
  Class: sky130_fd_pr__pfet_01v8_hvt instances:  20
Circuit contains 14 nets.
Contents of circuit 2:  Circuit: 'sky130_fd_sc_hd__o311ai_4'
Circuit sky130_fd_sc_hd__o311ai_4 contains 40 device instances.
  Class: sky130_fd_pr__nfet_01v8 instances:  20
  Class: sky130_fd_pr__pfet_01v8_hvt instances:  20
Circuit contains 14 nets.

Circuit was modified by parallel/series device merging.
New circuit summary:

Contents of circuit 1:  Circuit: 'sky130_fd_sc_hd__o311ai_4'
Circuit sky130_fd_sc_hd__o311ai_4 contains 10 device instances.
  Class: sky130_fd_pr__nfet_01v8 instances:   5
  Class: sky130_fd_pr__pfet_01v8_hvt instances:   5
Circuit contains 14 nets.
Contents of circuit 2:  Circuit: 'sky130_fd_sc_hd__o311ai_4'
Circuit sky130_fd_sc_hd__o311ai_4 contains 10 device instances.
  Class: sky130_fd_pr__nfet_01v8 instances:   5
  Class: sky130_fd_pr__pfet_01v8_hvt instances:   5
Circuit contains 14 nets.

Circuit 1 contains 10 devices, Circuit 2 contains 10 devices.
Circuit 1 contains 14 nets,    Circuit 2 contains 14 nets.


Contents of circuit 1:  Circuit: 'picorv32'
Circuit picorv32 contains 30793 device instances.
  Class: sky130_fd_sc_hd__bufinv_16 instances:  19
  Class: sky130_fd_sc_hd__o2111ai_2 instances:  10
  Class: sky130_fd_sc_hd__o2111ai_4 instances:   1
  Class: sky130_fd_sc_hd__a41o_2 instances:  33
  Class: sky130_fd_sc_hd__a31o_2 instances: 214
  Class: sky130_fd_sc_hd__a21o_2 instances: 124
  Class: sky130_fd_sc_hd__a21o_4 instances:   1
  Class: sky130_fd_sc_hd__a2bb2oi_2 instances:   3
  Class: sky130_fd_sc_hd__o32ai_2 instances:   4
  Class: sky130_fd_sc_hd__clkbuf_16 instances:  34
  Class: sky130_fd_sc_hd__a32oi_2 instances:   5
  Class: sky130_fd_sc_hd__dfxtp_2 instances: 1590
  Class: sky130_fd_sc_hd__dfxtp_4 instances:   7
  Class: sky130_fd_sc_hd__o31ai_2 instances:  29
  Class: sky130_fd_sc_hd__o31ai_4 instances:   8
  Class: sky130_fd_sc_hd__or4_2 instances:  36
  Class: sky130_fd_sc_hd__or4_4 instances:   7
  Class: sky130_fd_sc_hd__a31oi_2 instances:  24
  Class: sky130_fd_sc_hd__a31oi_4 instances:   1
  Class: sky130_fd_sc_hd__nand4_2 instances:  38
  Class: sky130_fd_sc_hd__buf_2 instances: 1040
  Class: sky130_fd_sc_hd__nand4_4 instances:   7
  Class: sky130_fd_sc_hd__buf_4 instances:  32
  Class: sky130_fd_sc_hd__buf_6 instances:  76
  Class: sky130_fd_sc_hd__buf_8 instances:  10
  Class: sky130_fd_sc_hd__a2bb2o_2 instances:  34
  Class: sky130_fd_sc_hd__a2bb2o_4 instances:   1
  Class: sky130_fd_sc_hd__and3b_2 instances:  50
  Class: sky130_fd_sc_hd__xor2_2 instances:  39
  Class: sky130_fd_sc_hd__o221ai_2 instances:  15
  Class: sky130_fd_sc_hd__o221ai_4 instances:   1
  Class: sky130_fd_sc_hd__mux4_2 instances: 616
  Class: sky130_fd_sc_hd__and4_2 instances:  61
  Class: sky130_fd_sc_hd__and4_4 instances:   2
  Class: sky130_fd_sc_hd__inv_2 instances:  95
  Class: sky130_fd_sc_hd__inv_6 instances:  15
  Class: sky130_fd_sc_hd__clkbuf_2 instances: 2363
  Class: sky130_fd_sc_hd__clkbuf_4 instances:  61
  Class: sky130_fd_sc_hd__clkbuf_8 instances: 269
  Class: sky130_fd_sc_hd__or3_2 instances:  50
  Class: sky130_fd_sc_hd__or3_4 instances:   3
  Class: sky130_fd_sc_hd__nand3_2 instances:  32
  Class: sky130_fd_sc_hd__o21ba_2 instances:  18
  Class: sky130_fd_sc_hd__conb_1 instances: 106
  Class: sky130_fd_sc_hd__and2b_2 instances:  43
  Class: sky130_fd_sc_hd__a21boi_2 instances:  12
  Class: sky130_fd_sc_hd__a21boi_4 instances:   1
  Class: sky130_fd_sc_hd__nand4b_2 instances:   2
  Class: sky130_fd_sc_hd__buf_12 instances:   8
  Class: sky130_fd_sc_hd__a21bo_2 instances:  14
  Class: sky130_fd_sc_hd__a221oi_2 instances:   9
  Class: sky130_fd_sc_hd__clkinv_2 instances:  21
  Class: sky130_fd_sc_hd__clkinv_4 instances:   7
  Class: sky130_fd_sc_hd__and3_2 instances: 131
  Class: sky130_fd_sc_hd__and3_4 instances:   1
  Class: sky130_fd_sc_hd__a2111o_2 instances:   5
  Class: sky130_fd_sc_hd__decap_3 instances: 19498
  Class: sky130_fd_sc_hd__or2_2 instances:  74
  Class: sky130_fd_sc_hd__or2_4 instances:   1
  Class: sky130_fd_sc_hd__a2111oi_2 instances:   2
  Class: sky130_fd_sc_hd__nand2_2 instances: 194
  Class: sky130_fd_sc_hd__nand2_8 instances:   1
  Class: sky130_fd_sc_hd__nor4b_2 instances:   1
  Class: sky130_fd_sc_hd__nor4b_4 instances:   2
  Class: sky130_fd_sc_hd__o311ai_2 instances:   8
  Class: sky130_fd_sc_hd__o311ai_4 instances:   1
  Class: sky130_fd_sc_hd__nand3b_2 instances:   3
  Class: sky130_fd_sc_hd__mux2_1 instances: 1182
  Class: sky130_fd_sc_hd__mux2_2 instances:   6
  Class: sky130_fd_sc_hd__mux2_4 instances:   2
  Class: sky130_fd_sc_hd__o2bb2ai_2 instances:  13
  Class: sky130_fd_sc_hd__a211oi_2 instances:  16
  Class: sky130_fd_sc_hd__and2_2 instances:  88
  Class: sky130_fd_sc_hd__a211oi_4 instances:   1
  Class: sky130_fd_sc_hd__or4b_2 instances:  21
  Class: sky130_fd_sc_hd__or4b_4 instances:   5
  Class: sky130_fd_sc_hd__clkinvlp_4 instances:  18
  Class: sky130_fd_sc_hd__nor4_2 instances:  14
  Class: sky130_fd_sc_hd__nor4_4 instances:   4
  Class: sky130_fd_sc_hd__o32a_2 instances:  57
  Class: sky130_fd_sc_hd__o22a_2 instances:  66
  Class: sky130_fd_sc_hd__xnor2_2 instances:  26
  Class: sky130_fd_sc_hd__nor3b_2 instances:   2
  Class: sky130_fd_sc_hd__nor3b_4 instances:   3
  Class: sky130_fd_sc_hd__o221a_2 instances:  18
  Class: sky130_fd_sc_hd__o21bai_2 instances:  16
  Class: sky130_fd_sc_hd__o21bai_4 instances:   3
  Class: sky130_fd_sc_hd__o211a_2 instances: 186
  Class: sky130_fd_sc_hd__o211a_4 instances:   1
  Class: sky130_fd_sc_hd__nand2b_2 instances:   4
  Class: sky130_fd_sc_hd__diode_2 instances: 494
  Class: sky130_fd_sc_hd__a311oi_2 instances:   7
  Class: sky130_fd_sc_hd__a221o_2 instances:  55
  Class: sky130_fd_sc_hd__a211o_2 instances: 136
  Class: sky130_fd_sc_hd__o2111a_2 instances:   4
  Class: sky130_fd_sc_hd__or3b_2 instances:  18
  Class: sky130_fd_sc_hd__or3b_4 instances:   4
  Class: sky130_fd_sc_hd__or4bb_2 instances:   3
  Class: sky130_fd_sc_hd__nor3_2 instances:  28
  Class: sky130_fd_sc_hd__or4bb_4 instances:   1
  Class: sky130_fd_sc_hd__nor3_4 instances:   6
  Class: sky130_fd_sc_hd__a32o_2 instances:  76
  Class: sky130_fd_sc_hd__o41a_2 instances:   8
  Class: sky130_fd_sc_hd__a22o_2 instances: 153
  Class: sky130_fd_sc_hd__a22o_4 instances:   1
  Class: sky130_fd_sc_hd__o31a_2 instances:  30
  Class: sky130_fd_sc_hd__o2bb2a_2 instances:  49
  Class: sky130_fd_sc_hd__o21a_2 instances:  88
  Class: sky130_fd_sc_hd__a41oi_2 instances:   5
  Class: sky130_fd_sc_hd__o311a_2 instances:  26
  Class: sky130_fd_sc_hd__o22ai_2 instances:  10
  Class: sky130_fd_sc_hd__nor2b_2 instances:   5
  Class: sky130_fd_sc_hd__a22oi_2 instances:  15
  Class: sky130_fd_sc_hd__and4b_2 instances:  15
  Class: sky130_fd_sc_hd__o21ai_2 instances: 123
  Class: sky130_fd_sc_hd__o21ai_4 instances:   2
  Class: sky130_fd_sc_hd__a21oi_2 instances: 144
  Class: sky130_fd_sc_hd__a21oi_4 instances:   2
  Class: sky130_fd_sc_hd__a311o_2 instances:  25
  Class: sky130_fd_sc_hd__o211ai_2 instances:  42
  Class: sky130_fd_sc_hd__o211ai_4 instances:   2
  Class: sky130_fd_sc_hd__or2b_2 instances:  31
  Class: sky130_fd_sc_hd__and4bb_2 instances:  10
  Class: sky130_fd_sc_hd__nor2_2 instances: 195
  Class: sky130_fd_sc_hd__nor2_4 instances:   5
Circuit contains 10944 nets, and 67 disconnected pins.
Contents of circuit 2:  Circuit: 'picorv32'
Circuit picorv32 contains 30793 device instances.
  Class: sky130_fd_sc_hd__bufinv_16 instances:  19
  Class: sky130_fd_sc_hd__o2111ai_2 instances:  10
  Class: sky130_fd_sc_hd__o2111ai_4 instances:   1
  Class: sky130_fd_sc_hd__a41o_2 instances:  33
  Class: sky130_fd_sc_hd__a31o_2 instances: 214
  Class: sky130_fd_sc_hd__a21o_2 instances: 124
  Class: sky130_fd_sc_hd__a21o_4 instances:   1
  Class: sky130_fd_sc_hd__a2bb2oi_2 instances:   3
  Class: sky130_fd_sc_hd__o32ai_2 instances:   4
  Class: sky130_fd_sc_hd__clkbuf_16 instances:  34
  Class: sky130_fd_sc_hd__dfxtp_2 instances: 1590
  Class: sky130_fd_sc_hd__a32oi_2 instances:   5
  Class: sky130_fd_sc_hd__dfxtp_4 instances:   7
  Class: sky130_fd_sc_hd__o31ai_2 instances:  29
  Class: sky130_fd_sc_hd__o31ai_4 instances:   8
  Class: sky130_fd_sc_hd__or4_2 instances:  36
  Class: sky130_fd_sc_hd__or4_4 instances:   7
  Class: sky130_fd_sc_hd__a31oi_2 instances:  24
  Class: sky130_fd_sc_hd__nand4_2 instances:  38
  Class: sky130_fd_sc_hd__buf_2 instances: 1040
  Class: sky130_fd_sc_hd__a31oi_4 instances:   1
  Class: sky130_fd_sc_hd__nand4_4 instances:   7
  Class: sky130_fd_sc_hd__buf_4 instances:  32
  Class: sky130_fd_sc_hd__buf_6 instances:  76
  Class: sky130_fd_sc_hd__buf_8 instances:  10
  Class: sky130_fd_sc_hd__a2bb2o_2 instances:  34
  Class: sky130_fd_sc_hd__a2bb2o_4 instances:   1
  Class: sky130_fd_sc_hd__and3b_2 instances:  50
  Class: sky130_fd_sc_hd__xor2_2 instances:  39
  Class: sky130_fd_sc_hd__o221ai_2 instances:  15
  Class: sky130_fd_sc_hd__o221ai_4 instances:   1
  Class: sky130_fd_sc_hd__mux4_2 instances: 616
  Class: sky130_fd_sc_hd__and4_2 instances:  61
  Class: sky130_fd_sc_hd__and4_4 instances:   2
  Class: sky130_fd_sc_hd__inv_2 instances:  95
  Class: sky130_fd_sc_hd__inv_6 instances:  15
  Class: sky130_fd_sc_hd__clkbuf_2 instances: 2363
  Class: sky130_fd_sc_hd__clkbuf_4 instances:  61
  Class: sky130_fd_sc_hd__clkbuf_8 instances: 269
  Class: sky130_fd_sc_hd__or3_2 instances:  50
  Class: sky130_fd_sc_hd__or3_4 instances:   3
  Class: sky130_fd_sc_hd__nand3_2 instances:  32
  Class: sky130_fd_sc_hd__o21ba_2 instances:  18
  Class: sky130_fd_sc_hd__conb_1 instances: 106
  Class: sky130_fd_sc_hd__and2b_2 instances:  43
  Class: sky130_fd_sc_hd__a21boi_2 instances:  12
  Class: sky130_fd_sc_hd__a21boi_4 instances:   1
  Class: sky130_fd_sc_hd__nand4b_2 instances:   2
  Class: sky130_fd_sc_hd__buf_12 instances:   8
  Class: sky130_fd_sc_hd__a21bo_2 instances:  14
  Class: sky130_fd_sc_hd__a221oi_2 instances:   9
  Class: sky130_fd_sc_hd__clkinv_2 instances:  21
  Class: sky130_fd_sc_hd__clkinv_4 instances:   7
  Class: sky130_fd_sc_hd__and3_2 instances: 131
  Class: sky130_fd_sc_hd__and3_4 instances:   1
  Class: sky130_fd_sc_hd__a2111o_2 instances:   5
  Class: sky130_fd_sc_hd__decap_3 instances: 19498
  Class: sky130_fd_sc_hd__or2_2 instances:  74
  Class: sky130_fd_sc_hd__or2_4 instances:   1
  Class: sky130_fd_sc_hd__a2111oi_2 instances:   2
  Class: sky130_fd_sc_hd__nand2_2 instances: 194
  Class: sky130_fd_sc_hd__nor4b_2 instances:   1
  Class: sky130_fd_sc_hd__nand2_8 instances:   1
  Class: sky130_fd_sc_hd__nor4b_4 instances:   2
  Class: sky130_fd_sc_hd__o311ai_2 instances:   8
  Class: sky130_fd_sc_hd__o311ai_4 instances:   1
  Class: sky130_fd_sc_hd__nand3b_2 instances:   3
  Class: sky130_fd_sc_hd__mux2_1 instances: 1182
  Class: sky130_fd_sc_hd__mux2_2 instances:   6
  Class: sky130_fd_sc_hd__mux2_4 instances:   2
  Class: sky130_fd_sc_hd__o2bb2ai_2 instances:  13
  Class: sky130_fd_sc_hd__and2_2 instances:  88
  Class: sky130_fd_sc_hd__a211oi_2 instances:  16
  Class: sky130_fd_sc_hd__a211oi_4 instances:   1
  Class: sky130_fd_sc_hd__or4b_2 instances:  21
  Class: sky130_fd_sc_hd__or4b_4 instances:   5
  Class: sky130_fd_sc_hd__clkinvlp_4 instances:  18
  Class: sky130_fd_sc_hd__nor4_2 instances:  14
  Class: sky130_fd_sc_hd__nor4_4 instances:   4
  Class: sky130_fd_sc_hd__o32a_2 instances:  57
  Class: sky130_fd_sc_hd__o22a_2 instances:  66
  Class: sky130_fd_sc_hd__xnor2_2 instances:  26
  Class: sky130_fd_sc_hd__nor3b_2 instances:   2
  Class: sky130_fd_sc_hd__nor3b_4 instances:   3
  Class: sky130_fd_sc_hd__o221a_2 instances:  18
  Class: sky130_fd_sc_hd__o21bai_2 instances:  16
  Class: sky130_fd_sc_hd__o21bai_4 instances:   3
  Class: sky130_fd_sc_hd__o211a_2 instances: 186
  Class: sky130_fd_sc_hd__o211a_4 instances:   1
  Class: sky130_fd_sc_hd__nand2b_2 instances:   4
  Class: sky130_fd_sc_hd__diode_2 instances: 494
  Class: sky130_fd_sc_hd__a311oi_2 instances:   7
  Class: sky130_fd_sc_hd__a221o_2 instances:  55
  Class: sky130_fd_sc_hd__a211o_2 instances: 136
  Class: sky130_fd_sc_hd__o2111a_2 instances:   4
  Class: sky130_fd_sc_hd__or3b_2 instances:  18
  Class: sky130_fd_sc_hd__or3b_4 instances:   4
  Class: sky130_fd_sc_hd__or4bb_2 instances:   3
  Class: sky130_fd_sc_hd__nor3_2 instances:  28
  Class: sky130_fd_sc_hd__or4bb_4 instances:   1
  Class: sky130_fd_sc_hd__nor3_4 instances:   6
  Class: sky130_fd_sc_hd__a32o_2 instances:  76
  Class: sky130_fd_sc_hd__o41a_2 instances:   8
  Class: sky130_fd_sc_hd__a22o_2 instances: 153
  Class: sky130_fd_sc_hd__a22o_4 instances:   1
  Class: sky130_fd_sc_hd__o31a_2 instances:  30
  Class: sky130_fd_sc_hd__o2bb2a_2 instances:  49
  Class: sky130_fd_sc_hd__o21a_2 instances:  88
  Class: sky130_fd_sc_hd__a41oi_2 instances:   5
  Class: sky130_fd_sc_hd__o311a_2 instances:  26
  Class: sky130_fd_sc_hd__o22ai_2 instances:  10
  Class: sky130_fd_sc_hd__nor2b_2 instances:   5
  Class: sky130_fd_sc_hd__a22oi_2 instances:  15
  Class: sky130_fd_sc_hd__and4b_2 instances:  15
  Class: sky130_fd_sc_hd__o21ai_2 instances: 123
  Class: sky130_fd_sc_hd__o21ai_4 instances:   2
  Class: sky130_fd_sc_hd__a21oi_2 instances: 144
  Class: sky130_fd_sc_hd__a21oi_4 instances:   2
  Class: sky130_fd_sc_hd__a311o_2 instances:  25
  Class: sky130_fd_sc_hd__o211ai_2 instances:  42
  Class: sky130_fd_sc_hd__o211ai_4 instances:   2
  Class: sky130_fd_sc_hd__or2b_2 instances:  31
  Class: sky130_fd_sc_hd__and4bb_2 instances:  10
  Class: sky130_fd_sc_hd__nor2_2 instances: 195
  Class: sky130_fd_sc_hd__nor2_4 instances:   5
Circuit contains 10944 nets, and 67 disconnected pins.

Circuit was modified by parallel/series device merging.
New circuit summary:

Contents of circuit 1:  Circuit: 'picorv32'
Circuit picorv32 contains 11237 device instances.
  Class: sky130_fd_sc_hd__bufinv_16 instances:  19
  Class: sky130_fd_sc_hd__o2111ai_2 instances:  10
  Class: sky130_fd_sc_hd__o2111ai_4 instances:   1
  Class: sky130_fd_sc_hd__a41o_2 instances:  33
  Class: sky130_fd_sc_hd__a31o_2 instances: 214
  Class: sky130_fd_sc_hd__a21o_2 instances: 124
  Class: sky130_fd_sc_hd__a21o_4 instances:   1
  Class: sky130_fd_sc_hd__a2bb2oi_2 instances:   3
  Class: sky130_fd_sc_hd__o32ai_2 instances:   4
  Class: sky130_fd_sc_hd__clkbuf_16 instances:  34
  Class: sky130_fd_sc_hd__a32oi_2 instances:   5
  Class: sky130_fd_sc_hd__dfxtp_2 instances: 1590
  Class: sky130_fd_sc_hd__dfxtp_4 instances:   7
  Class: sky130_fd_sc_hd__o31ai_2 instances:  29
  Class: sky130_fd_sc_hd__o31ai_4 instances:   8
  Class: sky130_fd_sc_hd__or4_2 instances:  36
  Class: sky130_fd_sc_hd__or4_4 instances:   7
  Class: sky130_fd_sc_hd__a31oi_2 instances:  24
  Class: sky130_fd_sc_hd__a31oi_4 instances:   1
  Class: sky130_fd_sc_hd__nand4_2 instances:  38
  Class: sky130_fd_sc_hd__buf_2 instances: 1040
  Class: sky130_fd_sc_hd__nand4_4 instances:   7
  Class: sky130_fd_sc_hd__buf_4 instances:  32
  Class: sky130_fd_sc_hd__buf_6 instances:  76
  Class: sky130_fd_sc_hd__buf_8 instances:  10
  Class: sky130_fd_sc_hd__a2bb2o_2 instances:  34
  Class: sky130_fd_sc_hd__a2bb2o_4 instances:   1
  Class: sky130_fd_sc_hd__and3b_2 instances:  50
  Class: sky130_fd_sc_hd__xor2_2 instances:  39
  Class: sky130_fd_sc_hd__o221ai_2 instances:  15
  Class: sky130_fd_sc_hd__o221ai_4 instances:   1
  Class: sky130_fd_sc_hd__mux4_2 instances: 616
  Class: sky130_fd_sc_hd__and4_2 instances:  61
  Class: sky130_fd_sc_hd__and4_4 instances:   2
  Class: sky130_fd_sc_hd__inv_2 instances:  95
  Class: sky130_fd_sc_hd__inv_6 instances:  15
  Class: sky130_fd_sc_hd__clkbuf_2 instances: 2363
  Class: sky130_fd_sc_hd__clkbuf_4 instances:  61
  Class: sky130_fd_sc_hd__clkbuf_8 instances: 269
  Class: sky130_fd_sc_hd__or3_2 instances:  50
  Class: sky130_fd_sc_hd__or3_4 instances:   3
  Class: sky130_fd_sc_hd__nand3_2 instances:  32
  Class: sky130_fd_sc_hd__o21ba_2 instances:  18
  Class: sky130_fd_sc_hd__conb_1 instances: 106
  Class: sky130_fd_sc_hd__and2b_2 instances:  43
  Class: sky130_fd_sc_hd__a21boi_2 instances:  12
  Class: sky130_fd_sc_hd__a21boi_4 instances:   1
  Class: sky130_fd_sc_hd__nand4b_2 instances:   2
  Class: sky130_fd_sc_hd__buf_12 instances:   8
  Class: sky130_fd_sc_hd__a21bo_2 instances:  14
  Class: sky130_fd_sc_hd__a221oi_2 instances:   9
  Class: sky130_fd_sc_hd__clkinv_2 instances:  21
  Class: sky130_fd_sc_hd__clkinv_4 instances:   7
  Class: sky130_fd_sc_hd__and3_2 instances: 131
  Class: sky130_fd_sc_hd__and3_4 instances:   1
  Class: sky130_fd_sc_hd__a2111o_2 instances:   5
  Class: sky130_fd_sc_hd__decap_3 instances:   1
  Class: sky130_fd_sc_hd__or2_2 instances:  74
  Class: sky130_fd_sc_hd__or2_4 instances:   1
  Class: sky130_fd_sc_hd__a2111oi_2 instances:   2
  Class: sky130_fd_sc_hd__nand2_2 instances: 194
  Class: sky130_fd_sc_hd__nand2_8 instances:   1
  Class: sky130_fd_sc_hd__nor4b_2 instances:   1
  Class: sky130_fd_sc_hd__nor4b_4 instances:   2
  Class: sky130_fd_sc_hd__o311ai_2 instances:   8
  Class: sky130_fd_sc_hd__o311ai_4 instances:   1
  Class: sky130_fd_sc_hd__nand3b_2 instances:   3
  Class: sky130_fd_sc_hd__mux2_1 instances: 1182
  Class: sky130_fd_sc_hd__mux2_2 instances:   6
  Class: sky130_fd_sc_hd__mux2_4 instances:   2
  Class: sky130_fd_sc_hd__o2bb2ai_2 instances:  13
  Class: sky130_fd_sc_hd__a211oi_2 instances:  16
  Class: sky130_fd_sc_hd__and2_2 instances:  88
  Class: sky130_fd_sc_hd__a211oi_4 instances:   1
  Class: sky130_fd_sc_hd__or4b_2 instances:  21
  Class: sky130_fd_sc_hd__or4b_4 instances:   5
  Class: sky130_fd_sc_hd__clkinvlp_4 instances:  18
  Class: sky130_fd_sc_hd__nor4_2 instances:  14
  Class: sky130_fd_sc_hd__nor4_4 instances:   4
  Class: sky130_fd_sc_hd__o32a_2 instances:  57
  Class: sky130_fd_sc_hd__o22a_2 instances:  66
  Class: sky130_fd_sc_hd__xnor2_2 instances:  26
  Class: sky130_fd_sc_hd__nor3b_2 instances:   2
  Class: sky130_fd_sc_hd__nor3b_4 instances:   3
  Class: sky130_fd_sc_hd__o221a_2 instances:  18
  Class: sky130_fd_sc_hd__o21bai_2 instances:  16
  Class: sky130_fd_sc_hd__o21bai_4 instances:   3
  Class: sky130_fd_sc_hd__o211a_2 instances: 186
  Class: sky130_fd_sc_hd__o211a_4 instances:   1
  Class: sky130_fd_sc_hd__nand2b_2 instances:   4
  Class: sky130_fd_sc_hd__diode_2 instances: 435
  Class: sky130_fd_sc_hd__a311oi_2 instances:   7
  Class: sky130_fd_sc_hd__a221o_2 instances:  55
  Class: sky130_fd_sc_hd__a211o_2 instances: 136
  Class: sky130_fd_sc_hd__o2111a_2 instances:   4
  Class: sky130_fd_sc_hd__or3b_2 instances:  18
  Class: sky130_fd_sc_hd__or3b_4 instances:   4
  Class: sky130_fd_sc_hd__or4bb_2 instances:   3
  Class: sky130_fd_sc_hd__nor3_2 instances:  28
  Class: sky130_fd_sc_hd__or4bb_4 instances:   1
  Class: sky130_fd_sc_hd__nor3_4 instances:   6
  Class: sky130_fd_sc_hd__a32o_2 instances:  76
  Class: sky130_fd_sc_hd__o41a_2 instances:   8
  Class: sky130_fd_sc_hd__a22o_2 instances: 153
  Class: sky130_fd_sc_hd__a22o_4 instances:   1
  Class: sky130_fd_sc_hd__o31a_2 instances:  30
  Class: sky130_fd_sc_hd__o2bb2a_2 instances:  49
  Class: sky130_fd_sc_hd__o21a_2 instances:  88
  Class: sky130_fd_sc_hd__a41oi_2 instances:   5
  Class: sky130_fd_sc_hd__o311a_2 instances:  26
  Class: sky130_fd_sc_hd__o22ai_2 instances:  10
  Class: sky130_fd_sc_hd__nor2b_2 instances:   5
  Class: sky130_fd_sc_hd__a22oi_2 instances:  15
  Class: sky130_fd_sc_hd__and4b_2 instances:  15
  Class: sky130_fd_sc_hd__o21ai_2 instances: 123
  Class: sky130_fd_sc_hd__o21ai_4 instances:   2
  Class: sky130_fd_sc_hd__a21oi_2 instances: 144
  Class: sky130_fd_sc_hd__a21oi_4 instances:   2
  Class: sky130_fd_sc_hd__a311o_2 instances:  25
  Class: sky130_fd_sc_hd__o211ai_2 instances:  42
  Class: sky130_fd_sc_hd__o211ai_4 instances:   2
  Class: sky130_fd_sc_hd__or2b_2 instances:  31
  Class: sky130_fd_sc_hd__and4bb_2 instances:  10
  Class: sky130_fd_sc_hd__nor2_2 instances: 195
  Class: sky130_fd_sc_hd__nor2_4 instances:   5
Circuit contains 10944 nets, and 67 disconnected pins.
Contents of circuit 2:  Circuit: 'picorv32'
Circuit picorv32 contains 11237 device instances.
  Class: sky130_fd_sc_hd__bufinv_16 instances:  19
  Class: sky130_fd_sc_hd__o2111ai_2 instances:  10
  Class: sky130_fd_sc_hd__o2111ai_4 instances:   1
  Class: sky130_fd_sc_hd__a41o_2 instances:  33
  Class: sky130_fd_sc_hd__a31o_2 instances: 214
  Class: sky130_fd_sc_hd__a21o_2 instances: 124
  Class: sky130_fd_sc_hd__a21o_4 instances:   1
  Class: sky130_fd_sc_hd__a2bb2oi_2 instances:   3
  Class: sky130_fd_sc_hd__o32ai_2 instances:   4
  Class: sky130_fd_sc_hd__clkbuf_16 instances:  34
  Class: sky130_fd_sc_hd__dfxtp_2 instances: 1590
  Class: sky130_fd_sc_hd__a32oi_2 instances:   5
  Class: sky130_fd_sc_hd__dfxtp_4 instances:   7
  Class: sky130_fd_sc_hd__o31ai_2 instances:  29
  Class: sky130_fd_sc_hd__o31ai_4 instances:   8
  Class: sky130_fd_sc_hd__or4_2 instances:  36
  Class: sky130_fd_sc_hd__or4_4 instances:   7
  Class: sky130_fd_sc_hd__a31oi_2 instances:  24
  Class: sky130_fd_sc_hd__nand4_2 instances:  38
  Class: sky130_fd_sc_hd__buf_2 instances: 1040
  Class: sky130_fd_sc_hd__a31oi_4 instances:   1
  Class: sky130_fd_sc_hd__nand4_4 instances:   7
  Class: sky130_fd_sc_hd__buf_4 instances:  32
  Class: sky130_fd_sc_hd__buf_6 instances:  76
  Class: sky130_fd_sc_hd__buf_8 instances:  10
  Class: sky130_fd_sc_hd__a2bb2o_2 instances:  34
  Class: sky130_fd_sc_hd__a2bb2o_4 instances:   1
  Class: sky130_fd_sc_hd__and3b_2 instances:  50
  Class: sky130_fd_sc_hd__xor2_2 instances:  39
  Class: sky130_fd_sc_hd__o221ai_2 instances:  15
  Class: sky130_fd_sc_hd__o221ai_4 instances:   1
  Class: sky130_fd_sc_hd__mux4_2 instances: 616
  Class: sky130_fd_sc_hd__and4_2 instances:  61
  Class: sky130_fd_sc_hd__and4_4 instances:   2
  Class: sky130_fd_sc_hd__inv_2 instances:  95
  Class: sky130_fd_sc_hd__inv_6 instances:  15
  Class: sky130_fd_sc_hd__clkbuf_2 instances: 2363
  Class: sky130_fd_sc_hd__clkbuf_4 instances:  61
  Class: sky130_fd_sc_hd__clkbuf_8 instances: 269
  Class: sky130_fd_sc_hd__or3_2 instances:  50
  Class: sky130_fd_sc_hd__or3_4 instances:   3
  Class: sky130_fd_sc_hd__nand3_2 instances:  32
  Class: sky130_fd_sc_hd__o21ba_2 instances:  18
  Class: sky130_fd_sc_hd__conb_1 instances: 106
  Class: sky130_fd_sc_hd__and2b_2 instances:  43
  Class: sky130_fd_sc_hd__a21boi_2 instances:  12
  Class: sky130_fd_sc_hd__a21boi_4 instances:   1
  Class: sky130_fd_sc_hd__nand4b_2 instances:   2
  Class: sky130_fd_sc_hd__buf_12 instances:   8
  Class: sky130_fd_sc_hd__a21bo_2 instances:  14
  Class: sky130_fd_sc_hd__a221oi_2 instances:   9
  Class: sky130_fd_sc_hd__clkinv_2 instances:  21
  Class: sky130_fd_sc_hd__clkinv_4 instances:   7
  Class: sky130_fd_sc_hd__and3_2 instances: 131
  Class: sky130_fd_sc_hd__and3_4 instances:   1
  Class: sky130_fd_sc_hd__a2111o_2 instances:   5
  Class: sky130_fd_sc_hd__decap_3 instances:   1
  Class: sky130_fd_sc_hd__or2_2 instances:  74
  Class: sky130_fd_sc_hd__or2_4 instances:   1
  Class: sky130_fd_sc_hd__a2111oi_2 instances:   2
  Class: sky130_fd_sc_hd__nand2_2 instances: 194
  Class: sky130_fd_sc_hd__nor4b_2 instances:   1
  Class: sky130_fd_sc_hd__nand2_8 instances:   1
  Class: sky130_fd_sc_hd__nor4b_4 instances:   2
  Class: sky130_fd_sc_hd__o311ai_2 instances:   8
  Class: sky130_fd_sc_hd__o311ai_4 instances:   1
  Class: sky130_fd_sc_hd__nand3b_2 instances:   3
  Class: sky130_fd_sc_hd__mux2_1 instances: 1182
  Class: sky130_fd_sc_hd__mux2_2 instances:   6
  Class: sky130_fd_sc_hd__mux2_4 instances:   2
  Class: sky130_fd_sc_hd__o2bb2ai_2 instances:  13
  Class: sky130_fd_sc_hd__and2_2 instances:  88
  Class: sky130_fd_sc_hd__a211oi_2 instances:  16
  Class: sky130_fd_sc_hd__a211oi_4 instances:   1
  Class: sky130_fd_sc_hd__or4b_2 instances:  21
  Class: sky130_fd_sc_hd__or4b_4 instances:   5
  Class: sky130_fd_sc_hd__clkinvlp_4 instances:  18
  Class: sky130_fd_sc_hd__nor4_2 instances:  14
  Class: sky130_fd_sc_hd__nor4_4 instances:   4
  Class: sky130_fd_sc_hd__o32a_2 instances:  57
  Class: sky130_fd_sc_hd__o22a_2 instances:  66
  Class: sky130_fd_sc_hd__xnor2_2 instances:  26
  Class: sky130_fd_sc_hd__nor3b_2 instances:   2
  Class: sky130_fd_sc_hd__nor3b_4 instances:   3
  Class: sky130_fd_sc_hd__o221a_2 instances:  18
  Class: sky130_fd_sc_hd__o21bai_2 instances:  16
  Class: sky130_fd_sc_hd__o21bai_4 instances:   3
  Class: sky130_fd_sc_hd__o211a_2 instances: 186
  Class: sky130_fd_sc_hd__o211a_4 instances:   1
  Class: sky130_fd_sc_hd__nand2b_2 instances:   4
  Class: sky130_fd_sc_hd__diode_2 instances: 435
  Class: sky130_fd_sc_hd__a311oi_2 instances:   7
  Class: sky130_fd_sc_hd__a221o_2 instances:  55
  Class: sky130_fd_sc_hd__a211o_2 instances: 136
  Class: sky130_fd_sc_hd__o2111a_2 instances:   4
  Class: sky130_fd_sc_hd__or3b_2 instances:  18
  Class: sky130_fd_sc_hd__or3b_4 instances:   4
  Class: sky130_fd_sc_hd__or4bb_2 instances:   3
  Class: sky130_fd_sc_hd__nor3_2 instances:  28
  Class: sky130_fd_sc_hd__or4bb_4 instances:   1
  Class: sky130_fd_sc_hd__nor3_4 instances:   6
  Class: sky130_fd_sc_hd__a32o_2 instances:  76
  Class: sky130_fd_sc_hd__o41a_2 instances:   8
  Class: sky130_fd_sc_hd__a22o_2 instances: 153
  Class: sky130_fd_sc_hd__a22o_4 instances:   1
  Class: sky130_fd_sc_hd__o31a_2 instances:  30
  Class: sky130_fd_sc_hd__o2bb2a_2 instances:  49
  Class: sky130_fd_sc_hd__o21a_2 instances:  88
  Class: sky130_fd_sc_hd__a41oi_2 instances:   5
  Class: sky130_fd_sc_hd__o311a_2 instances:  26
  Class: sky130_fd_sc_hd__o22ai_2 instances:  10
  Class: sky130_fd_sc_hd__nor2b_2 instances:   5
  Class: sky130_fd_sc_hd__a22oi_2 instances:  15
  Class: sky130_fd_sc_hd__and4b_2 instances:  15
  Class: sky130_fd_sc_hd__o21ai_2 instances: 123
  Class: sky130_fd_sc_hd__o21ai_4 instances:   2
  Class: sky130_fd_sc_hd__a21oi_2 instances: 144
  Class: sky130_fd_sc_hd__a21oi_4 instances:   2
  Class: sky130_fd_sc_hd__a311o_2 instances:  25
  Class: sky130_fd_sc_hd__o211ai_2 instances:  42
  Class: sky130_fd_sc_hd__o211ai_4 instances:   2
  Class: sky130_fd_sc_hd__or2b_2 instances:  31
  Class: sky130_fd_sc_hd__and4bb_2 instances:  10
  Class: sky130_fd_sc_hd__nor2_2 instances: 195
  Class: sky130_fd_sc_hd__nor2_4 instances:   5
Circuit contains 10944 nets, and 67 disconnected pins.

Circuit 1 contains 11237 devices, Circuit 2 contains 11237 devices.
Circuit 1 contains 10944 nets,    Circuit 2 contains 10944 nets.


Final result: 
Circuits match uniquely.
.
Logging to file "lvs_report.out" disabled
LVS Done.
