VPI error: Could not insert intermodpath!
	port1 = mem_rdata, port1_has_index = 1, port1_bit_index = 31
	port2 = DIODE, port2_has_index = 0, port2_bit_index = 0
VPI error: Could not insert intermodpath!
	port1 = mem_rdata, port1_has_index = 1, port1_bit_index = 30
	port2 = DIODE, port2_has_index = 0, port2_bit_index = 0
VPI error: Could not insert intermodpath!
	port1 = mem_rdata, port1_has_index = 1, port1_bit_index = 29
	port2 = DIODE, port2_has_index = 0, port2_bit_index = 0
VPI error: Could not insert intermodpath!
	port1 = mem_rdata, port1_has_index = 1, port1_bit_index = 28
	port2 = DIODE, port2_has_index = 0, port2_bit_index = 0
VPI error: Could not insert intermodpath!
	port1 = mem_rdata, port1_has_index = 1, port1_bit_index = 27
	port2 = DIODE, port2_has_index = 0, port2_bit_index = 0
VPI error: Could not insert intermodpath!
	port1 = mem_rdata, port1_has_index = 1, port1_bit_index = 26
	port2 = DIODE, port2_has_index = 0, port2_bit_index = 0
VPI error: Could not insert intermodpath!
	port1 = mem_rdata, port1_has_index = 1, port1_bit_index = 25
	port2 = DIODE, port2_has_index = 0, port2_bit_index = 0
VPI error: Could not insert intermodpath!
	port1 = mem_rdata, port1_has_index = 1, port1_bit_index = 24
	port2 = DIODE, port2_has_index = 0, port2_bit_index = 0
VPI error: Could not insert intermodpath!
	port1 = mem_rdata, port1_has_index = 1, port1_bit_index = 23
	port2 = DIODE, port2_has_index = 0, port2_bit_index = 0
VPI error: Could not insert intermodpath!
	port1 = mem_rdata, port1_has_index = 1, port1_bit_index = 22
	port2 = DIODE, port2_has_index = 0, port2_bit_index = 0
VPI error: Could not insert intermodpath!
	port1 = mem_rdata, port1_has_index = 1, port1_bit_index = 21
	port2 = DIODE, port2_has_index = 0, port2_bit_index = 0
VPI error: Could not insert intermodpath!
	port1 = mem_rdata, port1_has_index = 1, port1_bit_index = 20
	port2 = DIODE, port2_has_index = 0, port2_bit_index = 0
VPI error: Could not insert intermodpath!
	port1 = mem_rdata, port1_has_index = 1, port1_bit_index = 19
	port2 = DIODE, port2_has_index = 0, port2_bit_index = 0
VPI error: Could not insert intermodpath!
	port1 = mem_rdata, port1_has_index = 1, port1_bit_index = 18
	port2 = DIODE, port2_has_index = 0, port2_bit_index = 0
VPI error: Could not insert intermodpath!
	port1 = mem_rdata, port1_has_index = 1, port1_bit_index = 17
	port2 = DIODE, port2_has_index = 0, port2_bit_index = 0
VPI error: Could not insert intermodpath!
	port1 = mem_rdata, port1_has_index = 1, port1_bit_index = 16
	port2 = DIODE, port2_has_index = 0, port2_bit_index = 0
VPI error: Could not insert intermodpath!
	port1 = mem_rdata, port1_has_index = 1, port1_bit_index = 15
	port2 = DIODE, port2_has_index = 0, port2_bit_index = 0
VPI error: Could not insert intermodpath!
	port1 = mem_rdata, port1_has_index = 1, port1_bit_index = 14
	port2 = DIODE, port2_has_index = 0, port2_bit_index = 0
VPI error: Could not insert intermodpath!
	port1 = mem_rdata, port1_has_index = 1, port1_bit_index = 13
	port2 = DIODE, port2_has_index = 0, port2_bit_index = 0
VPI error: Could not insert intermodpath!
	port1 = mem_rdata, port1_has_index = 1, port1_bit_index = 12
	port2 = DIODE, port2_has_index = 0, port2_bit_index = 0
VPI error: Could not insert intermodpath!
	port1 = mem_rdata, port1_has_index = 1, port1_bit_index = 11
	port2 = DIODE, port2_has_index = 0, port2_bit_index = 0
VPI error: Could not insert intermodpath!
	port1 = mem_rdata, port1_has_index = 1, port1_bit_index = 10
	port2 = DIODE, port2_has_index = 0, port2_bit_index = 0
VPI error: Could not insert intermodpath!
	port1 = mem_rdata, port1_has_index = 1, port1_bit_index = 9
	port2 = DIODE, port2_has_index = 0, port2_bit_index = 0
VPI error: Could not insert intermodpath!
	port1 = mem_rdata, port1_has_index = 1, port1_bit_index = 8
	port2 = DIODE, port2_has_index = 0, port2_bit_index = 0
VPI error: Could not insert intermodpath!
	port1 = mem_rdata, port1_has_index = 1, port1_bit_index = 7
	port2 = DIODE, port2_has_index = 0, port2_bit_index = 0
VPI error: Could not insert intermodpath!
	port1 = mem_rdata, port1_has_index = 1, port1_bit_index = 6
	port2 = DIODE, port2_has_index = 0, port2_bit_index = 0
VPI error: Could not insert intermodpath!
	port1 = mem_rdata, port1_has_index = 1, port1_bit_index = 5
	port2 = DIODE, port2_has_index = 0, port2_bit_index = 0
VPI error: Could not insert intermodpath!
	port1 = mem_rdata, port1_has_index = 1, port1_bit_index = 4
	port2 = DIODE, port2_has_index = 0, port2_bit_index = 0
VPI error: Could not insert intermodpath!
	port1 = mem_rdata, port1_has_index = 1, port1_bit_index = 3
	port2 = DIODE, port2_has_index = 0, port2_bit_index = 0
VPI error: Could not insert intermodpath!
	port1 = mem_rdata, port1_has_index = 1, port1_bit_index = 2
	port2 = DIODE, port2_has_index = 0, port2_bit_index = 0
VPI error: Could not insert intermodpath!
	port1 = mem_rdata, port1_has_index = 1, port1_bit_index = 1
	port2 = DIODE, port2_has_index = 0, port2_bit_index = 0
VPI error: Could not insert intermodpath!
	port1 = mem_rdata, port1_has_index = 1, port1_bit_index = 0
	port2 = DIODE, port2_has_index = 0, port2_bit_index = 0
VPI error: Could not insert intermodpath!
	port1 = X, port1_has_index = 0, port1_bit_index = 0
	port2 = DIODE, port2_has_index = 0, port2_bit_index = 0
VPI error: Could not insert intermodpath!
	port1 = X, port1_has_index = 0, port1_bit_index = 0
	port2 = DIODE, port2_has_index = 0, port2_bit_index = 0
VPI error: Could not insert intermodpath!
	port1 = X, port1_has_index = 0, port1_bit_index = 0
	port2 = DIODE, port2_has_index = 0, port2_bit_index = 0
VPI error: Could not insert intermodpath!
	port1 = X, port1_has_index = 0, port1_bit_index = 0
	port2 = DIODE, port2_has_index = 0, port2_bit_index = 0
VPI error: Could not insert intermodpath!
	port1 = X, port1_has_index = 0, port1_bit_index = 0
	port2 = DIODE, port2_has_index = 0, port2_bit_index = 0
VPI error: Could not insert intermodpath!
	port1 = X, port1_has_index = 0, port1_bit_index = 0
	port2 = DIODE, port2_has_index = 0, port2_bit_index = 0
VPI error: Could not insert intermodpath!
	port1 = X, port1_has_index = 0, port1_bit_index = 0
	port2 = DIODE, port2_has_index = 0, port2_bit_index = 0
VPI error: Could not insert intermodpath!
	port1 = X, port1_has_index = 0, port1_bit_index = 0
	port2 = DIODE, port2_has_index = 0, port2_bit_index = 0
VPI error: Could not insert intermodpath!
	port1 = X, port1_has_index = 0, port1_bit_index = 0
	port2 = DIODE, port2_has_index = 0, port2_bit_index = 0
VPI error: Could not insert intermodpath!
	port1 = X, port1_has_index = 0, port1_bit_index = 0
	port2 = DIODE, port2_has_index = 0, port2_bit_index = 0
VPI error: Could not insert intermodpath!
	port1 = X, port1_has_index = 0, port1_bit_index = 0
	port2 = DIODE, port2_has_index = 0, port2_bit_index = 0
VPI error: Could not insert intermodpath!
	port1 = X, port1_has_index = 0, port1_bit_index = 0
	port2 = DIODE, port2_has_index = 0, port2_bit_index = 0
VPI error: Could not insert intermodpath!
	port1 = X, port1_has_index = 0, port1_bit_index = 0
	port2 = DIODE, port2_has_index = 0, port2_bit_index = 0
VPI error: Could not insert intermodpath!
	port1 = X, port1_has_index = 0, port1_bit_index = 0
	port2 = DIODE, port2_has_index = 0, port2_bit_index = 0
VPI error: Could not insert intermodpath!
	port1 = X, port1_has_index = 0, port1_bit_index = 0
	port2 = DIODE, port2_has_index = 0, port2_bit_index = 0
VPI error: Could not insert intermodpath!
	port1 = X, port1_has_index = 0, port1_bit_index = 0
	port2 = DIODE, port2_has_index = 0, port2_bit_index = 0
VPI error: Could not insert intermodpath!
	port1 = X, port1_has_index = 0, port1_bit_index = 0
	port2 = DIODE, port2_has_index = 0, port2_bit_index = 0
VPI error: Could not insert intermodpath!
	port1 = X, port1_has_index = 0, port1_bit_index = 0
	port2 = DIODE, port2_has_index = 0, port2_bit_index = 0
VPI error: Could not insert intermodpath!
	port1 = X, port1_has_index = 0, port1_bit_index = 0
	port2 = DIODE, port2_has_index = 0, port2_bit_index = 0
VPI error: Could not insert intermodpath!
	port1 = X, port1_has_index = 0, port1_bit_index = 0
	port2 = DIODE, port2_has_index = 0, port2_bit_index = 0
VPI error: Could not insert intermodpath!
	port1 = X, port1_has_index = 0, port1_bit_index = 0
	port2 = DIODE, port2_has_index = 0, port2_bit_index = 0
VPI error: Could not insert intermodpath!
	port1 = X, port1_has_index = 0, port1_bit_index = 0
	port2 = DIODE, port2_has_index = 0, port2_bit_index = 0
VPI error: Could not insert intermodpath!
	port1 = X, port1_has_index = 0, port1_bit_index = 0
	port2 = DIODE, port2_has_index = 0, port2_bit_index = 0
VPI error: Could not insert intermodpath!
	port1 = X, port1_has_index = 0, port1_bit_index = 0
	port2 = DIODE, port2_has_index = 0, port2_bit_index = 0
VPI error: Could not insert intermodpath!
	port1 = X, port1_has_index = 0, port1_bit_index = 0
	port2 = DIODE, port2_has_index = 0, port2_bit_index = 0
VPI error: Could not insert intermodpath!
	port1 = X, port1_has_index = 0, port1_bit_index = 0
	port2 = DIODE, port2_has_index = 0, port2_bit_index = 0
VPI error: Could not insert intermodpath!
	port1 = X, port1_has_index = 0, port1_bit_index = 0
	port2 = DIODE, port2_has_index = 0, port2_bit_index = 0
VPI error: Could not insert intermodpath!
	port1 = X, port1_has_index = 0, port1_bit_index = 0
	port2 = DIODE, port2_has_index = 0, port2_bit_index = 0
VPI error: Could not insert intermodpath!
	port1 = X, port1_has_index = 0, port1_bit_index = 0
	port2 = DIODE, port2_has_index = 0, port2_bit_index = 0
VPI error: Could not insert intermodpath!
	port1 = X, port1_has_index = 0, port1_bit_index = 0
	port2 = DIODE, port2_has_index = 0, port2_bit_index = 0
VPI error: Could not insert intermodpath!
	port1 = X, port1_has_index = 0, port1_bit_index = 0
	port2 = DIODE, port2_has_index = 0, port2_bit_index = 0
VPI error: Could not insert intermodpath!
	port1 = X, port1_has_index = 0, port1_bit_index = 0
	port2 = DIODE, port2_has_index = 0, port2_bit_index = 0
VPI error: Could not insert intermodpath!
	port1 = X, port1_has_index = 0, port1_bit_index = 0
	port2 = DIODE, port2_has_index = 0, port2_bit_index = 0
VPI error: Could not insert intermodpath!
	port1 = X, port1_has_index = 0, port1_bit_index = 0
	port2 = DIODE, port2_has_index = 0, port2_bit_index = 0
VPI error: Could not insert intermodpath!
	port1 = X, port1_has_index = 0, port1_bit_index = 0
	port2 = DIODE, port2_has_index = 0, port2_bit_index = 0
VPI error: Could not insert intermodpath!
	port1 = X, port1_has_index = 0, port1_bit_index = 0
	port2 = DIODE, port2_has_index = 0, port2_bit_index = 0
VPI error: Could not insert intermodpath!
	port1 = X, port1_has_index = 0, port1_bit_index = 0
	port2 = DIODE, port2_has_index = 0, port2_bit_index = 0
VPI error: Could not insert intermodpath!
	port1 = X, port1_has_index = 0, port1_bit_index = 0
	port2 = DIODE, port2_has_index = 0, port2_bit_index = 0
VPI error: Could not insert intermodpath!
	port1 = X, port1_has_index = 0, port1_bit_index = 0
	port2 = DIODE, port2_has_index = 0, port2_bit_index = 0
VPI error: Could not insert intermodpath!
	port1 = X, port1_has_index = 0, port1_bit_index = 0
	port2 = DIODE, port2_has_index = 0, port2_bit_index = 0
VPI error: Could not insert intermodpath!
	port1 = X, port1_has_index = 0, port1_bit_index = 0
	port2 = DIODE, port2_has_index = 0, port2_bit_index = 0
VPI error: Could not insert intermodpath!
	port1 = X, port1_has_index = 0, port1_bit_index = 0
	port2 = DIODE, port2_has_index = 0, port2_bit_index = 0
VPI error: Could not insert intermodpath!
	port1 = X, port1_has_index = 0, port1_bit_index = 0
	port2 = DIODE, port2_has_index = 0, port2_bit_index = 0
VPI error: Could not insert intermodpath!
	port1 = X, port1_has_index = 0, port1_bit_index = 0
	port2 = DIODE, port2_has_index = 0, port2_bit_index = 0
VPI error: Could not insert intermodpath!
	port1 = X, port1_has_index = 0, port1_bit_index = 0
	port2 = DIODE, port2_has_index = 0, port2_bit_index = 0
VPI error: Could not insert intermodpath!
	port1 = X, port1_has_index = 0, port1_bit_index = 0
	port2 = DIODE, port2_has_index = 0, port2_bit_index = 0
VPI error: Could not insert intermodpath!
	port1 = X, port1_has_index = 0, port1_bit_index = 0
	port2 = DIODE, port2_has_index = 0, port2_bit_index = 0
VPI error: Could not insert intermodpath!
	port1 = X, port1_has_index = 0, port1_bit_index = 0
	port2 = DIODE, port2_has_index = 0, port2_bit_index = 0
VPI error: Could not insert intermodpath!
	port1 = X, port1_has_index = 0, port1_bit_index = 0
	port2 = DIODE, port2_has_index = 0, port2_bit_index = 0
VPI error: Could not insert intermodpath!
	port1 = X, port1_has_index = 0, port1_bit_index = 0
	port2 = DIODE, port2_has_index = 0, port2_bit_index = 0
VPI error: Could not insert intermodpath!
	port1 = X, port1_has_index = 0, port1_bit_index = 0
	port2 = DIODE, port2_has_index = 0, port2_bit_index = 0
VPI error: Could not insert intermodpath!
	port1 = X, port1_has_index = 0, port1_bit_index = 0
	port2 = DIODE, port2_has_index = 0, port2_bit_index = 0
VPI error: Could not insert intermodpath!
	port1 = X, port1_has_index = 0, port1_bit_index = 0
	port2 = DIODE, port2_has_index = 0, port2_bit_index = 0
VPI error: Could not insert intermodpath!
	port1 = X, port1_has_index = 0, port1_bit_index = 0
	port2 = DIODE, port2_has_index = 0, port2_bit_index = 0
VPI error: Could not insert intermodpath!
	port1 = X, port1_has_index = 0, port1_bit_index = 0
	port2 = DIODE, port2_has_index = 0, port2_bit_index = 0
VPI error: Could not insert intermodpath!
	port1 = X, port1_has_index = 0, port1_bit_index = 0
	port2 = DIODE, port2_has_index = 0, port2_bit_index = 0
VPI error: Could not insert intermodpath!
	port1 = X, port1_has_index = 0, port1_bit_index = 0
	port2 = DIODE, port2_has_index = 0, port2_bit_index = 0
VPI error: Could not insert intermodpath!
	port1 = X, port1_has_index = 0, port1_bit_index = 0
	port2 = DIODE, port2_has_index = 0, port2_bit_index = 0
VPI error: Could not insert intermodpath!
	port1 = X, port1_has_index = 0, port1_bit_index = 0
	port2 = DIODE, port2_has_index = 0, port2_bit_index = 0
VPI error: Could not insert intermodpath!
	port1 = X, port1_has_index = 0, port1_bit_index = 0
	port2 = DIODE, port2_has_index = 0, port2_bit_index = 0
VPI error: Could not insert intermodpath!
	port1 = X, port1_has_index = 0, port1_bit_index = 0
	port2 = DIODE, port2_has_index = 0, port2_bit_index = 0
VPI error: Could not insert intermodpath!
	port1 = X, port1_has_index = 0, port1_bit_index = 0
	port2 = DIODE, port2_has_index = 0, port2_bit_index = 0
VPI error: Could not insert intermodpath!
	port1 = X, port1_has_index = 0, port1_bit_index = 0
	port2 = DIODE, port2_has_index = 0, port2_bit_index = 0
VPI error: Could not insert intermodpath!
	port1 = X, port1_has_index = 0, port1_bit_index = 0
	port2 = DIODE, port2_has_index = 0, port2_bit_index = 0
VPI error: Could not insert intermodpath!
	port1 = X, port1_has_index = 0, port1_bit_index = 0
	port2 = DIODE, port2_has_index = 0, port2_bit_index = 0
VPI error: Could not insert intermodpath!
	port1 = X, port1_has_index = 0, port1_bit_index = 0
	port2 = DIODE, port2_has_index = 0, port2_bit_index = 0
VPI error: Could not insert intermodpath!
	port1 = X, port1_has_index = 0, port1_bit_index = 0
	port2 = DIODE, port2_has_index = 0, port2_bit_index = 0
VPI error: Could not insert intermodpath!
	port1 = X, port1_has_index = 0, port1_bit_index = 0
	port2 = DIODE, port2_has_index = 0, port2_bit_index = 0
VPI error: Could not insert intermodpath!
	port1 = X, port1_has_index = 0, port1_bit_index = 0
	port2 = DIODE, port2_has_index = 0, port2_bit_index = 0
VPI error: Could not insert intermodpath!
	port1 = X, port1_has_index = 0, port1_bit_index = 0
	port2 = DIODE, port2_has_index = 0, port2_bit_index = 0
VPI error: Could not insert intermodpath!
	port1 = X, port1_has_index = 0, port1_bit_index = 0
	port2 = DIODE, port2_has_index = 0, port2_bit_index = 0
VPI error: Could not insert intermodpath!
	port1 = X, port1_has_index = 0, port1_bit_index = 0
	port2 = DIODE, port2_has_index = 0, port2_bit_index = 0
VPI error: Could not insert intermodpath!
	port1 = X, port1_has_index = 0, port1_bit_index = 0
	port2 = DIODE, port2_has_index = 0, port2_bit_index = 0
VPI error: Could not insert intermodpath!
	port1 = X, port1_has_index = 0, port1_bit_index = 0
	port2 = DIODE, port2_has_index = 0, port2_bit_index = 0
VPI error: Could not insert intermodpath!
	port1 = X, port1_has_index = 0, port1_bit_index = 0
	port2 = DIODE, port2_has_index = 0, port2_bit_index = 0
VPI error: Could not insert intermodpath!
	port1 = X, port1_has_index = 0, port1_bit_index = 0
	port2 = DIODE, port2_has_index = 0, port2_bit_index = 0
VPI error: Could not insert intermodpath!
	port1 = X, port1_has_index = 0, port1_bit_index = 0
	port2 = DIODE, port2_has_index = 0, port2_bit_index = 0
VPI error: Could not insert intermodpath!
	port1 = X, port1_has_index = 0, port1_bit_index = 0
	port2 = DIODE, port2_has_index = 0, port2_bit_index = 0
VPI error: Could not insert intermodpath!
	port1 = X, port1_has_index = 0, port1_bit_index = 0
	port2 = DIODE, port2_has_index = 0, port2_bit_index = 0
VPI error: Could not insert intermodpath!
	port1 = X, port1_has_index = 0, port1_bit_index = 0
	port2 = DIODE, port2_has_index = 0, port2_bit_index = 0
VPI error: Could not insert intermodpath!
	port1 = X, port1_has_index = 0, port1_bit_index = 0
	port2 = DIODE, port2_has_index = 0, port2_bit_index = 0
VPI error: Could not insert intermodpath!
	port1 = X, port1_has_index = 0, port1_bit_index = 0
	port2 = DIODE, port2_has_index = 0, port2_bit_index = 0
VPI error: Could not insert intermodpath!
	port1 = X, port1_has_index = 0, port1_bit_index = 0
	port2 = DIODE, port2_has_index = 0, port2_bit_index = 0
VPI error: Could not insert intermodpath!
	port1 = X, port1_has_index = 0, port1_bit_index = 0
	port2 = DIODE, port2_has_index = 0, port2_bit_index = 0
VPI error: Could not insert intermodpath!
	port1 = X, port1_has_index = 0, port1_bit_index = 0
	port2 = DIODE, port2_has_index = 0, port2_bit_index = 0
VPI error: Could not insert intermodpath!
	port1 = X, port1_has_index = 0, port1_bit_index = 0
	port2 = DIODE, port2_has_index = 0, port2_bit_index = 0
VPI error: Could not insert intermodpath!
	port1 = X, port1_has_index = 0, port1_bit_index = 0
	port2 = DIODE, port2_has_index = 0, port2_bit_index = 0
VPI error: Could not insert intermodpath!
	port1 = X, port1_has_index = 0, port1_bit_index = 0
	port2 = DIODE, port2_has_index = 0, port2_bit_index = 0
VPI error: Could not insert intermodpath!
	port1 = X, port1_has_index = 0, port1_bit_index = 0
	port2 = DIODE, port2_has_index = 0, port2_bit_index = 0
VPI error: Could not insert intermodpath!
	port1 = X, port1_has_index = 0, port1_bit_index = 0
	port2 = DIODE, port2_has_index = 0, port2_bit_index = 0
VPI error: Could not insert intermodpath!
	port1 = X, port1_has_index = 0, port1_bit_index = 0
	port2 = DIODE, port2_has_index = 0, port2_bit_index = 0
VPI error: Could not insert intermodpath!
	port1 = X, port1_has_index = 0, port1_bit_index = 0
	port2 = DIODE, port2_has_index = 0, port2_bit_index = 0
VPI error: Could not insert intermodpath!
	port1 = X, port1_has_index = 0, port1_bit_index = 0
	port2 = DIODE, port2_has_index = 0, port2_bit_index = 0
VPI error: Could not insert intermodpath!
	port1 = X, port1_has_index = 0, port1_bit_index = 0
	port2 = DIODE, port2_has_index = 0, port2_bit_index = 0
VPI error: Could not insert intermodpath!
	port1 = X, port1_has_index = 0, port1_bit_index = 0
	port2 = DIODE, port2_has_index = 0, port2_bit_index = 0
VPI error: Could not insert intermodpath!
	port1 = X, port1_has_index = 0, port1_bit_index = 0
	port2 = DIODE, port2_has_index = 0, port2_bit_index = 0
VPI error: Could not insert intermodpath!
	port1 = X, port1_has_index = 0, port1_bit_index = 0
	port2 = DIODE, port2_has_index = 0, port2_bit_index = 0
VPI error: Could not insert intermodpath!
	port1 = X, port1_has_index = 0, port1_bit_index = 0
	port2 = DIODE, port2_has_index = 0, port2_bit_index = 0
VPI error: Could not insert intermodpath!
	port1 = X, port1_has_index = 0, port1_bit_index = 0
	port2 = DIODE, port2_has_index = 0, port2_bit_index = 0
VPI error: Could not insert intermodpath!
	port1 = X, port1_has_index = 0, port1_bit_index = 0
	port2 = DIODE, port2_has_index = 0, port2_bit_index = 0
VPI error: Could not insert intermodpath!
	port1 = X, port1_has_index = 0, port1_bit_index = 0
	port2 = DIODE, port2_has_index = 0, port2_bit_index = 0
VPI error: Could not insert intermodpath!
	port1 = X, port1_has_index = 0, port1_bit_index = 0
	port2 = DIODE, port2_has_index = 0, port2_bit_index = 0
VPI error: Could not insert intermodpath!
	port1 = X, port1_has_index = 0, port1_bit_index = 0
	port2 = DIODE, port2_has_index = 0, port2_bit_index = 0
VPI error: Could not insert intermodpath!
	port1 = X, port1_has_index = 0, port1_bit_index = 0
	port2 = DIODE, port2_has_index = 0, port2_bit_index = 0
VPI error: Could not insert intermodpath!
	port1 = X, port1_has_index = 0, port1_bit_index = 0
	port2 = DIODE, port2_has_index = 0, port2_bit_index = 0
SDF ERROR: picorv32.sdf:9: Chosen value not defined.
SDF ERROR: picorv32.sdf:11: Chosen value not defined.
SDF ERROR: picorv32.sdf:24: Could not find intermodpath!
SDF ERROR: picorv32.sdf:26: Could not find intermodpath!
SDF ERROR: picorv32.sdf:28: Could not find intermodpath!
SDF ERROR: picorv32.sdf:30: Could not find intermodpath!
SDF ERROR: picorv32.sdf:32: Could not find intermodpath!
SDF ERROR: picorv32.sdf:34: Could not find intermodpath!
SDF ERROR: picorv32.sdf:36: Could not find intermodpath!
SDF ERROR: picorv32.sdf:38: Could not find intermodpath!
SDF ERROR: picorv32.sdf:40: Could not find intermodpath!
SDF ERROR: picorv32.sdf:42: Could not find intermodpath!
SDF ERROR: picorv32.sdf:44: Could not find intermodpath!
SDF ERROR: picorv32.sdf:46: Could not find intermodpath!
SDF ERROR: picorv32.sdf:48: Could not find intermodpath!
SDF ERROR: picorv32.sdf:50: Could not find intermodpath!
SDF ERROR: picorv32.sdf:52: Could not find intermodpath!
SDF ERROR: picorv32.sdf:54: Could not find intermodpath!
SDF ERROR: picorv32.sdf:56: Could not find intermodpath!
SDF ERROR: picorv32.sdf:58: Could not find intermodpath!
SDF ERROR: picorv32.sdf:60: Could not find intermodpath!
SDF ERROR: picorv32.sdf:62: Could not find intermodpath!
SDF ERROR: picorv32.sdf:64: Could not find intermodpath!
SDF ERROR: picorv32.sdf:66: Could not find intermodpath!
SDF ERROR: picorv32.sdf:68: Could not find intermodpath!
SDF ERROR: picorv32.sdf:70: Could not find intermodpath!
SDF ERROR: picorv32.sdf:72: Could not find intermodpath!
SDF ERROR: picorv32.sdf:74: Could not find intermodpath!
SDF ERROR: picorv32.sdf:76: Could not find intermodpath!
SDF ERROR: picorv32.sdf:78: Could not find intermodpath!
SDF ERROR: picorv32.sdf:80: Could not find intermodpath!
SDF ERROR: picorv32.sdf:82: Could not find intermodpath!
SDF ERROR: picorv32.sdf:84: Could not find intermodpath!
SDF ERROR: picorv32.sdf:86: Could not find intermodpath!
SDF ERROR: picorv32.sdf:25450: Could not find intermodpath!
SDF ERROR: picorv32.sdf:25451: Could not find intermodpath!
SDF ERROR: picorv32.sdf:25452: Could not find intermodpath!
SDF ERROR: picorv32.sdf:25453: Could not find intermodpath!
SDF ERROR: picorv32.sdf:25454: Could not find intermodpath!
SDF ERROR: picorv32.sdf:25455: Could not find intermodpath!
SDF ERROR: picorv32.sdf:25456: Could not find intermodpath!
SDF ERROR: picorv32.sdf:25457: Could not find intermodpath!
SDF ERROR: picorv32.sdf:25458: Could not find intermodpath!
SDF ERROR: picorv32.sdf:25459: Could not find intermodpath!
SDF ERROR: picorv32.sdf:25460: Could not find intermodpath!
SDF ERROR: picorv32.sdf:25461: Could not find intermodpath!
SDF ERROR: picorv32.sdf:25462: Could not find intermodpath!
SDF ERROR: picorv32.sdf:25463: Could not find intermodpath!
SDF ERROR: picorv32.sdf:25464: Could not find intermodpath!
SDF ERROR: picorv32.sdf:25465: Could not find intermodpath!
SDF ERROR: picorv32.sdf:25466: Could not find intermodpath!
SDF ERROR: picorv32.sdf:25467: Could not find intermodpath!
SDF ERROR: picorv32.sdf:25468: Could not find intermodpath!
SDF ERROR: picorv32.sdf:25469: Could not find intermodpath!
SDF ERROR: picorv32.sdf:25470: Could not find intermodpath!
SDF ERROR: picorv32.sdf:25471: Could not find intermodpath!
SDF ERROR: picorv32.sdf:25472: Could not find intermodpath!
SDF ERROR: picorv32.sdf:25473: Could not find intermodpath!
SDF ERROR: picorv32.sdf:25474: Could not find intermodpath!
SDF ERROR: picorv32.sdf:25475: Could not find intermodpath!
SDF ERROR: picorv32.sdf:25476: Could not find intermodpath!
SDF ERROR: picorv32.sdf:25477: Could not find intermodpath!
SDF ERROR: picorv32.sdf:25478: Could not find intermodpath!
SDF ERROR: picorv32.sdf:25479: Could not find intermodpath!
SDF ERROR: picorv32.sdf:25481: Could not find intermodpath!
SDF ERROR: picorv32.sdf:25482: Could not find intermodpath!
SDF ERROR: picorv32.sdf:25483: Could not find intermodpath!
SDF ERROR: picorv32.sdf:25484: Could not find intermodpath!
SDF ERROR: picorv32.sdf:25485: Could not find intermodpath!
SDF ERROR: picorv32.sdf:25486: Could not find intermodpath!
SDF ERROR: picorv32.sdf:25487: Could not find intermodpath!
SDF ERROR: picorv32.sdf:25488: Could not find intermodpath!
SDF ERROR: picorv32.sdf:25489: Could not find intermodpath!
SDF ERROR: picorv32.sdf:25490: Could not find intermodpath!
SDF ERROR: picorv32.sdf:25491: Could not find intermodpath!
SDF ERROR: picorv32.sdf:25492: Could not find intermodpath!
SDF ERROR: picorv32.sdf:25493: Could not find intermodpath!
SDF ERROR: picorv32.sdf:25494: Could not find intermodpath!
SDF ERROR: picorv32.sdf:25495: Could not find intermodpath!
SDF ERROR: picorv32.sdf:25496: Could not find intermodpath!
SDF ERROR: picorv32.sdf:25497: Could not find intermodpath!
SDF ERROR: picorv32.sdf:25498: Could not find intermodpath!
SDF ERROR: picorv32.sdf:25499: Could not find intermodpath!
SDF ERROR: picorv32.sdf:25500: Could not find intermodpath!
SDF ERROR: picorv32.sdf:25501: Could not find intermodpath!
SDF ERROR: picorv32.sdf:25502: Could not find intermodpath!
SDF ERROR: picorv32.sdf:25503: Could not find intermodpath!
SDF ERROR: picorv32.sdf:25504: Could not find intermodpath!
SDF ERROR: picorv32.sdf:25505: Could not find intermodpath!
SDF ERROR: picorv32.sdf:25506: Could not find intermodpath!
SDF ERROR: picorv32.sdf:25507: Could not find intermodpath!
SDF ERROR: picorv32.sdf:25508: Could not find intermodpath!
SDF ERROR: picorv32.sdf:25509: Could not find intermodpath!
SDF ERROR: picorv32.sdf:25510: Could not find intermodpath!
SDF ERROR: picorv32.sdf:25513: Could not find intermodpath!
SDF ERROR: picorv32.sdf:25514: Could not find intermodpath!
SDF ERROR: picorv32.sdf:25515: Could not find intermodpath!
SDF ERROR: picorv32.sdf:25516: Could not find intermodpath!
SDF ERROR: picorv32.sdf:25517: Could not find intermodpath!
SDF ERROR: picorv32.sdf:25518: Could not find intermodpath!
SDF ERROR: picorv32.sdf:25519: Could not find intermodpath!
SDF ERROR: picorv32.sdf:25520: Could not find intermodpath!
SDF ERROR: picorv32.sdf:25521: Could not find intermodpath!
SDF ERROR: picorv32.sdf:25522: Could not find intermodpath!
SDF ERROR: picorv32.sdf:25524: Could not find intermodpath!
SDF ERROR: picorv32.sdf:25525: Could not find intermodpath!
SDF ERROR: picorv32.sdf:25526: Could not find intermodpath!
SDF ERROR: picorv32.sdf:25527: Could not find intermodpath!
SDF ERROR: picorv32.sdf:25528: Could not find intermodpath!
SDF ERROR: picorv32.sdf:25529: Could not find intermodpath!
SDF ERROR: picorv32.sdf:25530: Could not find intermodpath!
SDF ERROR: picorv32.sdf:25531: Could not find intermodpath!
SDF ERROR: picorv32.sdf:25532: Could not find intermodpath!
SDF ERROR: picorv32.sdf:25533: Could not find intermodpath!
SDF ERROR: picorv32.sdf:25535: Could not find intermodpath!
SDF ERROR: picorv32.sdf:25536: Could not find intermodpath!
SDF ERROR: picorv32.sdf:25542: Could not find intermodpath!
SDF ERROR: picorv32.sdf:25543: Could not find intermodpath!
SDF ERROR: picorv32.sdf:25545: Could not find intermodpath!
SDF ERROR: picorv32.sdf:25546: Could not find intermodpath!
SDF ERROR: picorv32.sdf:25547: Could not find intermodpath!
SDF ERROR: picorv32.sdf:25548: Could not find intermodpath!
SDF ERROR: picorv32.sdf:25550: Could not find intermodpath!
SDF ERROR: picorv32.sdf:25551: Could not find intermodpath!
SDF ERROR: picorv32.sdf:25552: Could not find intermodpath!
SDF ERROR: picorv32.sdf:25553: Could not find intermodpath!
SDF ERROR: picorv32.sdf:25554: Could not find intermodpath!
SDF ERROR: picorv32.sdf:25555: Could not find intermodpath!
SDF ERROR: picorv32.sdf:25556: Could not find intermodpath!
SDF ERROR: picorv32.sdf:25557: Could not find intermodpath!
SDF ERROR: picorv32.sdf:25558: Could not find intermodpath!
SDF ERROR: picorv32.sdf:25559: Could not find intermodpath!
SDF ERROR: picorv32.sdf:25560: Could not find intermodpath!
SDF ERROR: picorv32.sdf:25561: Could not find intermodpath!
SDF ERROR: picorv32.sdf:25562: Could not find intermodpath!
SDF ERROR: picorv32.sdf:25563: Could not find intermodpath!
SDF ERROR: picorv32.sdf:25564: Could not find intermodpath!
SDF ERROR: picorv32.sdf:25565: Could not find intermodpath!
SDF ERROR: picorv32.sVPI error: Could not insert intermodpath!
	port1 = X, port1_has_index = 0, port1_bit_index = 0
	port2 = DIODE, port2_has_index = 0, port2_bit_index = 0
VPI error: Could not insert intermodpath!
	port1 = X, port1_has_index = 0, port1_bit_index = 0
	port2 = DIODE, port2_has_index = 0, port2_bit_index = 0
VPI error: Could not insert intermodpath!
	port1 = X, port1_has_index = 0, port1_bit_index = 0
	port2 = DIODE, port2_has_index = 0, port2_bit_index = 0
VPI error: Could not insert intermodpath!
	port1 = X, port1_has_index = 0, port1_bit_index = 0
	port2 = DIODE, port2_has_index = 0, port2_bit_index = 0
VPI error: Could not insert intermodpath!
	port1 = X, port1_has_index = 0, port1_bit_index = 0
	port2 = DIODE, port2_has_index = 0, port2_bit_index = 0
VPI error: Could not insert intermodpath!
	port1 = X, port1_has_index = 0, port1_bit_index = 0
	port2 = DIODE, port2_has_index = 0, port2_bit_index = 0
VPI error: Could not insert intermodpath!
	port1 = X, port1_has_index = 0, port1_bit_index = 0
	port2 = DIODE, port2_has_index = 0, port2_bit_index = 0
VPI error: Could not insert intermodpath!
	port1 = X, port1_has_index = 0, port1_bit_index = 0
	port2 = DIODE, port2_has_index = 0, port2_bit_index = 0
VPI error: Could not insert intermodpath!
	port1 = X, port1_has_index = 0, port1_bit_index = 0
	port2 = DIODE, port2_has_index = 0, port2_bit_index = 0
VPI error: Could not insert intermodpath!
	port1 = X, port1_has_index = 0, port1_bit_index = 0
	port2 = DIODE, port2_has_index = 0, port2_bit_index = 0
VPI error: Could not insert intermodpath!
	port1 = X, port1_has_index = 0, port1_bit_index = 0
	port2 = DIODE, port2_has_index = 0, port2_bit_index = 0
VPI error: Could not insert intermodpath!
	port1 = X, port1_has_index = 0, port1_bit_index = 0
	port2 = DIODE, port2_has_index = 0, port2_bit_index = 0
VPI error: Could not insert intermodpath!
	port1 = X, port1_has_index = 0, port1_bit_index = 0
	port2 = DIODE, port2_has_index = 0, port2_bit_index = 0
VPI error: Could not insert intermodpath!
	port1 = X, port1_has_index = 0, port1_bit_index = 0
	port2 = DIODE, port2_has_index = 0, port2_bit_index = 0
VPI error: Could not insert intermodpath!
	port1 = X, port1_has_index = 0, port1_bit_index = 0
	port2 = DIODE, port2_has_index = 0, port2_bit_index = 0
VPI error: Could not insert intermodpath!
	port1 = X, port1_has_index = 0, port1_bit_index = 0
	port2 = DIODE, port2_has_index = 0, port2_bit_index = 0
VPI error: Could not insert intermodpath!
	port1 = X, port1_has_index = 0, port1_bit_index = 0
	port2 = DIODE, port2_has_index = 0, port2_bit_index = 0
VPI error: Could not insert intermodpath!
	port1 = X, port1_has_index = 0, port1_bit_index = 0
	port2 = DIODE, port2_has_index = 0, port2_bit_index = 0
VPI error: Could not insert intermodpath!
	port1 = X, port1_has_index = 0, port1_bit_index = 0
	port2 = DIODE, port2_has_index = 0, port2_bit_index = 0
VPI error: Could not insert intermodpath!
	port1 = X, port1_has_index = 0, port1_bit_index = 0
	port2 = DIODE, port2_has_index = 0, port2_bit_index = 0
VPI error: Could not insert intermodpath!
	port1 = X, port1_has_index = 0, port1_bit_index = 0
	port2 = DIODE, port2_has_index = 0, port2_bit_index = 0
VPI error: Could not insert intermodpath!
	port1 = X, port1_has_index = 0, port1_bit_index = 0
	port2 = DIODE, port2_has_index = 0, port2_bit_index = 0
VPI error: Could not insert intermodpath!
	port1 = X, port1_has_index = 0, port1_bit_index = 0
	port2 = DIODE, port2_has_index = 0, port2_bit_index = 0
VPI error: Could not insert intermodpath!
	port1 = X, port1_has_index = 0, port1_bit_index = 0
	port2 = DIODE, port2_has_index = 0, port2_bit_index = 0
VPI error: Could not insert intermodpath!
	port1 = X, port1_has_index = 0, port1_bit_index = 0
	port2 = DIODE, port2_has_index = 0, port2_bit_index = 0
VPI error: Could not insert intermodpath!
	port1 = X, port1_has_index = 0, port1_bit_index = 0
	port2 = DIODE, port2_has_index = 0, port2_bit_index = 0
VPI error: Could not insert intermodpath!
	port1 = X, port1_has_index = 0, port1_bit_index = 0
	port2 = DIODE, port2_has_index = 0, port2_bit_index = 0
VPI error: Could not insert intermodpath!
	port1 = X, port1_has_index = 0, port1_bit_index = 0
	port2 = DIODE, port2_has_index = 0, port2_bit_index = 0
VPI error: Could not insert intermodpath!
	port1 = X, port1_has_index = 0, port1_bit_index = 0
	port2 = DIODE, port2_has_index = 0, port2_bit_index = 0
VPI error: Could not insert intermodpath!
	port1 = X, port1_has_index = 0, port1_bit_index = 0
	port2 = DIODE, port2_has_index = 0, port2_bit_index = 0
VPI error: Could not insert intermodpath!
	port1 = X, port1_has_index = 0, port1_bit_index = 0
	port2 = DIODE, port2_has_index = 0, port2_bit_index = 0
VPI error: Could not insert intermodpath!
	port1 = X, port1_has_index = 0, port1_bit_index = 0
	port2 = DIODE, port2_has_index = 0, port2_bit_index = 0
VPI error: Could not insert intermodpath!
	port1 = X, port1_has_index = 0, port1_bit_index = 0
	port2 = DIODE, port2_has_index = 0, port2_bit_index = 0
VPI error: Could not insert intermodpath!
	port1 = X, port1_has_index = 0, port1_bit_index = 0
	port2 = DIODE, port2_has_index = 0, port2_bit_index = 0
VPI error: Could not insert intermodpath!
	port1 = X, port1_has_index = 0, port1_bit_index = 0
	port2 = DIODE, port2_has_index = 0, port2_bit_index = 0
VPI error: Could not insert intermodpath!
	port1 = X, port1_has_index = 0, port1_bit_index = 0
	port2 = DIODE, port2_has_index = 0, port2_bit_index = 0
VPI error: Could not insert intermodpath!
	port1 = X, port1_has_index = 0, port1_bit_index = 0
	port2 = DIODE, port2_has_index = 0, port2_bit_index = 0
VPI error: Could not insert intermodpath!
	port1 = X, port1_has_index = 0, port1_bit_index = 0
	port2 = DIODE, port2_has_index = 0, port2_bit_index = 0
VPI error: Could not insert intermodpath!
	port1 = X, port1_has_index = 0, port1_bit_index = 0
	port2 = DIODE, port2_has_index = 0, port2_bit_index = 0
VPI error: Could not insert intermodpath!
	port1 = X, port1_has_index = 0, port1_bit_index = 0
	port2 = DIODE, port2_has_index = 0, port2_bit_index = 0
VPI error: Could not insert intermodpath!
	port1 = X, port1_has_index = 0, port1_bit_index = 0
	port2 = DIODE, port2_has_index = 0, port2_bit_index = 0
VPI error: Could not insert intermodpath!
	port1 = X, port1_has_index = 0, port1_bit_index = 0
	port2 = DIODE, port2_has_index = 0, port2_bit_index = 0
VPI error: Could not insert intermodpath!
	port1 = X, port1_has_index = 0, port1_bit_index = 0
	port2 = DIODE, port2_has_index = 0, port2_bit_index = 0
VPI error: Could not insert intermodpath!
	port1 = X, port1_has_index = 0, port1_bit_index = 0
	port2 = DIODE, port2_has_index = 0, port2_bit_index = 0
VPI error: Could not insert intermodpath!
	port1 = X, port1_has_index = 0, port1_bit_index = 0
	port2 = DIODE, port2_has_index = 0, port2_bit_index = 0
VPI error: Could not insert intermodpath!
	port1 = X, port1_has_index = 0, port1_bit_index = 0
	port2 = DIODE, port2_has_index = 0, port2_bit_index = 0
VPI error: Could not insert intermodpath!
	port1 = X, port1_has_index = 0, port1_bit_index = 0
	port2 = DIODE, port2_has_index = 0, port2_bit_index = 0
VPI error: Could not insert intermodpath!
	port1 = X, port1_has_index = 0, port1_bit_index = 0
	port2 = DIODE, port2_has_index = 0, port2_bit_index = 0
VPI error: Could not insert intermodpath!
	port1 = X, port1_has_index = 0, port1_bit_index = 0
	port2 = DIODE, port2_has_index = 0, port2_bit_index = 0
VPI error: Could not insert intermodpath!
	port1 = X, port1_has_index = 0, port1_bit_index = 0
	port2 = DIODE, port2_has_index = 0, port2_bit_index = 0
VPI error: Could not insert intermodpath!
	port1 = X, port1_has_index = 0, port1_bit_index = 0
	port2 = DIODE, port2_has_index = 0, port2_bit_index = 0
VPI error: Could not insert intermodpath!
	port1 = X, port1_has_index = 0, port1_bit_index = 0
	port2 = DIODE, port2_has_index = 0, port2_bit_index = 0
VPI error: Could not insert intermodpath!
	port1 = X, port1_has_index = 0, port1_bit_index = 0
	port2 = DIODE, port2_has_index = 0, port2_bit_index = 0
VPI error: Could not insert intermodpath!
	port1 = X, port1_has_index = 0, port1_bit_index = 0
	port2 = DIODE, port2_has_index = 0, port2_bit_index = 0
VPI error: Could not insert intermodpath!
	port1 = X, port1_has_index = 0, port1_bit_index = 0
	port2 = DIODE, port2_has_index = 0, port2_bit_index = 0
VPI error: Could not insert intermodpath!
	port1 = X, port1_has_index = 0, port1_bit_index = 0
	port2 = DIODE, port2_has_index = 0, port2_bit_index = 0
VPI error: Could not insert intermodpath!
	port1 = X, port1_has_index = 0, port1_bit_index = 0
	port2 = DIODE, port2_has_index = 0, port2_bit_index = 0
VPI error: Could not insert intermodpath!
	port1 = X, port1_has_index = 0, port1_bit_index = 0
	port2 = DIODE, port2_has_index = 0, port2_bit_index = 0
VPI error: Could not insert intermodpath!
	port1 = X, port1_has_index = 0, port1_bit_index = 0
	port2 = DIODE, port2_has_index = 0, port2_bit_index = 0
df:25566: Could not find intermodpath!
SDF ERROR: picorv32.sdf:25567: Could not find intermodpath!
SDF ERROR: picorv32.sdf:25568: Could not find intermodpath!
SDF ERROR: picorv32.sdf:25569: Could not find intermodpath!
SDF ERROR: picorv32.sdf:25570: Could not find intermodpath!
SDF ERROR: picorv32.sdf:25571: Could not find intermodpath!
SDF ERROR: picorv32.sdf:25572: Could not find intermodpath!
SDF ERROR: picorv32.sdf:25573: Could not find intermodpath!
SDF ERROR: picorv32.sdf:25574: Could not find intermodpath!
SDF ERROR: picorv32.sdf:25575: Could not find intermodpath!
SDF ERROR: picorv32.sdf:25576: Could not find intermodpath!
SDF ERROR: picorv32.sdf:25577: Could not find intermodpath!
SDF ERROR: picorv32.sdf:25578: Could not find intermodpath!
SDF ERROR: picorv32.sdf:25579: Could not find intermodpath!
SDF ERROR: picorv32.sdf:25580: Could not find intermodpath!
SDF ERROR: picorv32.sdf:25581: Could not find intermodpath!
SDF ERROR: picorv32.sdf:25582: Could not find intermodpath!
SDF ERROR: picorv32.sdf:25583: Could not find intermodpath!
SDF ERROR: picorv32.sdf:25584: Could not find intermodpath!
SDF ERROR: picorv32.sdf:25585: Could not find intermodpath!
SDF ERROR: picorv32.sdf:25586: Could not find intermodpath!
SDF ERROR: picorv32.sdf:25587: Could not find intermodpath!
SDF ERROR: picorv32.sdf:25588: Could not find intermodpath!
SDF ERROR: picorv32.sdf:25590: Could not find intermodpath!
SDF ERROR: picorv32.sdf:25591: Could not find intermodpath!
SDF ERROR: picorv32.sdf:25592: Could not find intermodpath!
SDF ERROR: picorv32.sdf:25594: Could not find intermodpath!
SDF ERROR: picorv32.sdf:25596: Could not find intermodpath!
SDF ERROR: picorv32.sdf:25598: Could not find intermodpath!
SDF ERROR: picorv32.sdf:25599: Could not find intermodpath!
SDF ERROR: picorv32.sdf:25601: Could not find intermodpath!
SDF ERROR: picorv32.sdf:25603: Could not find intermodpath!
SDF ERROR: picorv32.sdf:25605: Could not find intermodpath!
SDF ERROR: picorv32.sdf:25606: Could not find intermodpath!
SDF ERROR: picorv32.sdf:25607: Could not find intermodpath!
SDF ERROR: picorv32.sdf:25608: Could not find intermodpath!
SDF ERROR: picorv32.sdf:25609: Could not find intermodpath!
SDF ERROR: picorv32.sdf:25610: Could not find intermodpath!
SDF ERROR: picorv32.sdf:25612: Could not find intermodpath!
SDF ERROR: picorv32.sdf:25614: Could not find intermodpath!
SDF ERROR: picorv32.sdf:25616: Could not find intermodpath!
SDF ERROR: picorv32.sdf:25617: Could not find intermodpath!
SDF ERROR: picorv32.sdf:25620: Could not find intermodpath!
SDF ERROR: picorv32.sdf:25621: Could not find intermodpath!
SDF ERROR: picorv32.sdf:25623: Could not find intermodpath!
SDF ERROR: picorv32.sdf:25626: Could not find intermodpath!
SDF ERROR: picorv32.sdf:25627: Could not find intermodpath!
SDF ERROR: picorv32.sdf:25628: Could not find intermodpath!
SDF ERROR: picorv32.sdf:25630: Could not find intermodpath!
SDF ERROR: picorv32.sdf:25631: Could not find intermodpath!
SDF ERROR: picorv32.sdf:25633: Could not find intermodpath!
SDF ERROR: picorv32.sdf:25635: Could not find intermodpath!
SDF ERROR: picorv32.sdf:25636: Could not find intermodpath!
SDF ERROR: picorv32.sdf:25637: Could not find intermodpath!
SDF ERROR: picorv32.sdf:25639: Could not find intermodpath!
SDF ERROR: picorv32.sdf:25640: Could not find intermodpath!
SDF ERROR: picorv32.sdf:25641: Could not find intermodpath!
SDF ERROR: picorv32.sdf:25642: Could not find intermodpath!
SDF ERROR: picorv32.sdf:25643: Could not find intermodpath!
SDF ERROR: picorv32.sdf:25648: Could not find intermodpath!
SDF WARNING: picorv32.sdf:87933: TIMINGCHECK not supported.
SDF WARNING: picorv32.sdf:87950: TIMINGCHECK not supported.
SDF WARNING: picorv32.sdf:87967: TIMINGCHECK not supported.
SDF WARNING: picorv32.sdf:87984: TIMINGCHECK not supported.
SDF WARNING: picorv32.sdf:88001: TIMINGCHECK not supported.
SDF WARNING: picorv32.sdf:88018: TIMINGCHECK not supported.
SDF WARNING: picorv32.sdf:88035: TIMINGCHECK not supported.
SDF WARNING: picorv32.sdf:88052: TIMINGCHECK not supported.
SDF WARNING: picorv32.sdf:88069: TIMINGCHECK not supported.
SDF WARNING: picorv32.sdf:88086: TIMINGCHECK not supported.
SDF WARNING: picorv32.sdf:88103: TIMINGCHECK not supported.
SDF WARNING: picorv32.sdf:88120: TIMINGCHECK not supported.
SDF WARNING: picorv32.sdf:88137: TIMINGCHECK not supported.
SDF WARNING: picorv32.sdf:88154: TIMINGCHECK not supported.
SDF WARNING: picorv32.sdf:88171: TIMINGCHECK not supported.
SDF WARNING: picorv32.sdf:88188: TIMINGCHECK not supported.
SDF WARNING: picorv32.sdf:88205: TIMINGCHECK not supported.
SDF WARNING: picorv32.sdf:88222: TIMINGCHECK not supported.
SDF WARNING: picorv32.sdf:88239: TIMINGCHECK not supported.
SDF WARNING: picorv32.sdf:88256: TIMINGCHECK not supported.
SDF WARNING: picorv32.sdf:88273: TIMINGCHECK not supported.
SDF WARNING: picorv32.sdf:88290: TIMINGCHECK not supported.
SDF WARNING: picorv32.sdf:88307: TIMINGCHECK not supported.
SDF WARNING: picorv32.sdf:88324: TIMINGCHECK not supported.
SDF WARNING: picorv32.sdf:88341: TIMINGCHECK not supported.
SDF WARNING: picorv32.sdf:88358: TIMINGCHECK not supported.
SDF WARNING: picorv32.sdf:88375: TIMINGCHECK not supported.
SDF WARNING: picorv32.sdf:88392: TIMINGCHECK not supported.
SDF WARNING: picorv32.sdf:88409: TIMINGCHECK not supported.
SDF WARNING: picorv32.sdf:88426: TIMINGCHECK not supported.
SDF WARNING: picorv32.sdf:88443: TIMINGCHECK not supported.
SDF WARNING: picorv32.sdf:88460: TIMINGCHECK not supported.
SDF WARNING: picorv32.sdf:88477: TIMINGCHECK not supported.
SDF WARNING: picorv32.sdf:88494: TIMINGCHECK not supported.
SDF WARNING: picorv32.sdf:88511: TIMINGCHECK not supported.
SDF WARNING: picorv32.sdf:88528: TIMINGCHECK not supported.
SDF WARNING: picorv32.sdf:88545: TIMINGCHECK not supported.
SDF WARNING: picorv32.sdf:88562: TIMINGCHECK not supported.
SDF WARNING: picorv32.sdf:88579: TIMINGCHECK not supported.
SDF WARNING: picorv32.sdf:88596: TIMINGCHECK not supported.
SDF WARNING: picorv32.sdf:88613: TIMINGCHECK not supported.
SDF WARNING: picorv32.sdf:88630: TIMINGCHECK not supported.
SDF WARNING: picorv32.sdf:88647: TIMINGCHECK not supported.
SDF WARNING: picorv32.sdf:88664: TIMINGCHECK not supported.
SDF WARNING: picorv32.sdf:88681: TIMINGCHECK not supported.
SDF WARNING: picorv32.sdf:88698: TIMINGCHECK not supported.
SDF WARNING: picorv32.sdf:88715: TIMINGCHECK not supported.
SDF WARNING: picorv32.sdf:88732: TIMINGCHECK not supported.
SDF WARNING: picorv32.sdf:88749: TIMINGCHECK not supported.
SDF WARNING: picorv32.sdf:88766: TIMINGCHECK not supported.
SDF WARNING: picorv32.sdf:88783: TIMINGCHECK not supported.
SDF WARNING: picorv32.sdf:88800: TIMINGCHECK not supported.
SDF WARNING: picorv32.sdf:88817: TIMINGCHECK not supported.
SDF WARNING: picorv32.sdf:88834: TIMINGCHECK not supported.
SDF WARNING: picorv32.sdf:88851: TIMINGCHECK not supported.
SDF WARNING: picorv32.sdf:88868: TIMINGCHECK not supported.
SDF WARNING: picorv32.sdf:88885: TIMINGCHECK not supported.
SDF WARNING: picorv32.sdf:88902: TIMINGCHECK not supported.
SDF WARNING: picorv32.sdf:88919: TIMINGCHECK not supported.
SDF WARNING: picorv32.sdf:88936: TIMINGCHECK not supported.
SDF WARNING: picorv32.sdf:88953: TIMINGCHECK not supported.
SDF WARNING: picorv32.sdf:88970: TIMINGCHECK not supported.
SDF WARNING: picorv32.sdf:88987: TIMINGCHECK not supported.
SDF WARNING: picorv32.sdf:89004: TIMINGCHECK not supported.
SDF WARNING: picorv32.sdf:89021: TIMINGCHECK not supported.
SDF WARNING: picorv32.sdf:89038: TIMINGCHECK not supported.
SDF WARNING: picorv32.sdf:89055: TIMINGCHECK not supported.
SDF WARNING: picorv32.sdf:89072: TIMINGCHECK not supported.
SDF WARNING: picorv32.sdf:89089: TIMINGCHECK not supported.
SDF WARNING: picorv32.sdf:89106: TIMINGCHECK not supported.
SDF WARNING: picorv32.sdf:89123: TIMINGCHECK not supported.
SDF WARNING: picorv32.sdf:89140: TIMINGCHECK not supported.
SDF WARNING: picorv32.sdf:89157: TIMINGCHECK not supported.
SDF WARNING: picorv32.sdf:89174: TIMINGCHECK not supported.
SDF WARNING: picorv32.sdf:89191: TIMINGCHECK not supported.
SDF WARNING: picorv32.sdf:89208: TIMINGCHECK not supported.
SDF WARNING: picorv32.sdf:89225: TIMINGCHECK not supported.
SDF WARNING: picorv32.sdf:89242: TIMINGCHECK not supported.
SDF WARNING: picorv32.sdf:89259: TIMINGCHECK not supported.
SDF WARNING: picorv32.sdf:89276: TIMINGCHECK not supported.
SDF WARNING: picorv32.sdf:89293: TIMINGCHECK not supported.
SDF WARNING: picorv32.sdf:89310: TIMINGCHECK not supported.
SDF WARNING: picorv32.sdf:89327: TIMINGCHECK not supported.
SDF WARNING: picorv32.sdf:89344: TIMINGCHECK not supported.
SDF WARNING: picorv32.sdf:89361: TIMINGCHECK not supported.
SDF WARNING: picorv32.sdf:89378: TIMINGCHECK not supported.
SDF WARNING: picorv32.sdf:89395: TIMINGCHECK not supported.
SDF WARNING: picorv32.sdf:89412: TIMINGCHECK not supported.
SDF WARNING: picorv32.sdf:89429: TIMINGCHECK not supported.
SDF WARNING: picorv32.sdf:89446: TIMINGCHECK not supported.
SDF WARNING: picorv32.sdf:89463: TIMINGCHECK not supported.
SDF WARNING: picorv32.sdf:89480: TIMINGCHECK not supported.
SDF WARNING: picorv32.sdf:89497: TIMINGCHECK not supported.
SDF WARNING: picorv32.sdf:89514: TIMINGCHECK not supported.
SDF WARNING: picorv32.sdf:89531: TIMINGCHECK not supported.
SDF WARNING: picorv32.sdf:89548: TIMINGCHECK not supported.
SDF WARNING: picorv32.sdf:89565: TIMINGCHECK not supported.
SDF WARNING: picorv32.sdf:89582: TIMINGCHECK not supported.
SDF WARNING: picorv32.sdf:89599: TIMINGCHECK not supported.
SDF WARNING: picorv32.sdf:89616: TIMINGCHECK not supported.
SDF WARNING: picorv32.sdf:89633: TIMINGCHECK not supported.
SDF WARNING: picorv32.sdf:89650: TIMINGCHECK not supported.
SDF WARNING: picorv32.sdf:89667: TIMINGCHECK not supported.
SDF WARNING: picorv32.sdf:89684: TIMINGCHECK not supported.
SDF WARNING: picorv32.sdf:89701: TIMINGCHECK not supported.
SDF WARNING: picorv32.sdf:89718: TIMINGCHECK not supported.
SDF WARNING: picorv32.sdf:89735: TIMINGCHECK not supported.
SDF WARNING: picorv32.sdf:89752: TIMINGCHECK not supported.
SDF WARNING: picorv32.sdf:89769: TIMINGCHECK not supported.
SDF WARNING: picorv32.sdf:89786: TIMINGCHECK not supported.
SDF WARNING: picorv32.sdf:89803: TIMINGCHECK not supported.
SDF WARNING: picorv32.sdf:89820: TIMINGCHECK not supported.
SDF WARNING: picorv32.sdf:89837: TIMINGCHECK not supported.
SDF WARNING: picorv32.sdf:89854: TIMINGCHECK not supported.
SDF WARNING: picorv32.sdf:89871: TIMINGCHECK not supported.
SDF WARNING: picorv32.sdf:89888: TIMINGCHECK not supported.
SDF WARNING: picorv32.sdf:89905: TIMINGCHECK not supported.
SDF WARNING: picorv32.sdf:89922: TIMINGCHECK not supported.
SDF WARNING: picorv32.sdf:89939: TIMINGCHECK not supported.
SDF WARNING: picorv32.sdf:89956: TIMINGCHECK not supported.
SDF WARNING: picorv32.sdf:89973: TIMINGCHECK not supported.
SDF WARNING: picorv32.sdf:89990: TIMINGCHECK not supported.
SDF WARNING: picorv32.sdf:90007: TIMINGCHECK not supported.
SDF WARNING: picorv32.sdf:90024: TIMINGCHECK not supported.
SDF WARNING: picorv32.sdf:90041: TIMINGCHECK not supported.
SDF WARNING: picorv32.sdf:90058: TIMINGCHECK not supported.
SDF WARNING: picorv32.sdf:90075: TIMINGCHECK not supported.
SDF WARNING: picorv32.sdf:90092: TIMINGCHECK not supported.
SDF WARNING: picorv32.sdf:90109: TIMINGCHECK not supported.
SDF WARNING: picorv32.sdf:90126: TIMINGCHECK not supported.
SDF WARNING: picorv32.sdf:90143: TIMINGCHECK not supported.
SDF WARNING: picorv32.sdf:90160: TIMINGCHECK not supported.
SDF WARNING: picorv32.sdf:90177: TIMINGCHECK not supported.
SDF WARNING: picorv32.sdf:90194: TIMINGCHECK not supported.
SDF WARNING: picorv32.sdf:90211: TIMINGCHECK not supported.
SDF WARNING: picorv32.sdf:90228: TIMINGCHECK not supported.
SDF WARNING: picorv32.sdf:90245: TIMINGCHECK not supported.
SDF WARNING: picorv32.sdf:90262: TIMINGCHECK not supported.
SDF WARNING: picorv32.sdf:90279: TIMINGCHECK not supported.
SDF WARNING: picorv32.sdf:90296: TIMINGCHECK not supported.
SDF WARNING: picorv32.sdf:90313: TIMINGCHECK not supported.
SDF WARNING: picorv32.sdf:90330: TIMINGCHECK not supported.
SDF WARNING: picorv32.sdf:90347: TIMINGCHECK not supported.
SDF WARNING: picorv32.sdf:90364: TIMINGCHECK not supported.
SDF WARNING: picorv32.sdf:90381: TIMINGCHECK not supported.
SDF WARNING: picorv32.sdf:90398: TIMINGCHECK not supported.
SDF WARNING: picorv32.sdf:90415: TIMINGCHECK not supported.
SDF WARNING: picorv32.sdf:90432: TIMINGCHECK not supported.
SDF WARNING: picorv32.sdf:90449: TIMINGCHECK not supported.
SDF WARNING: picorv32.sdf:90466: TIMINGCHECK not supported.
SDF WARNING: picorv32.sdf:90483: TIMINGCHECK not supported.
SDF WARNING: picorv32.sdf:90500: TIMINGCHECK not supported.
SDF WARNING: picorv32.sdf:90517: TIMINGCHECK not supported.
SDF WARNING: picorv32.sdf:90534: TIMINGCHECK not supported.
SDF WARNING: picorv32.sdf:90551: TIMINGCHECK not supported.
SDF WARNING: picorv32.sdf:90568: TIMINGCHECK not supported.
SDF WARNING: picorv32.sdf:90585: TIMINGCHECK not supported.
SDF WARNING: picorv32.sdf:90602: TIMINGCHECK not supported.
SDF WARNING: picorv32.sdf:90619: TIMINGCHECK not supported.
SDF WARNING: picorv32.sdf:90636: TIMINGCHECK not supported.
SDF WARNING: picorv32.sdf:90653: TIMINGCHECK not supported.
SDF WARNING: picorv32.sdf:90670: TIMINGCHECK not supported.
SDF WARNING: picorv32.sdf:90687: TIMINGCHECK not supported.
SDF WARNING: picorv32.sdf:90704: TIMINGCHECK not supported.
SDF WARNING: picorv32.sdf:90721: TIMINGCHECK not supported.
SDF WARNING: picorv32.sdf:90738: TIMINGCHECK not supported.
SDF WARNING: picorv32.sdf:90755: TIMINGCHECK not supported.
SDF WARNING: picorv32.sdf:90772: TIMINGCHECK not supported.
SDF WARNING: picorv32.sdf:90789: TIMINGCHECK not supported.
SDF WARNING: picorv32.sdf:90806: TIMINGCHECK not supported.
SDF WARNING: picorv32.sdf:90823: TIMINGCHECK not supported.
SDF WARNING: picorv32.sdf:90840: TIMINGCHECK not supported.
SDF WARNING: picorv32.sdf:90857: TIMINGCHECK not supported.
SDF WARNING: picorv32.sdf:90874: TIMINGCHECK not supported.
SDF WARNING: picorv32.sdf:90891: TIMINGCHECK not supported.
SDF WARNING: picorv32.sdf:90908: TIMINGCHECK not supported.
SDF WARNING: picorv32.sdf:90925: TIMINGCHECK not supported.
SDF WARNING: picorv32.sdf:90942: TIMINGCHECK not supported.
SDF WARNING: picorv32.sdf:90959: TIMINGCHECK not supported.
SDF WARNING: picorv32.sdf:90976: TIMINGCHECK not supported.
SDF WARNING: picorv32.sdf:90993: TIMINGCHECK not supported.
SDF WARNING: picorv32.sdf:91010: TIMINGCHECK not supported.
SDF WARNING: picorv32.sdf:91027: TIMINGCHECK not supported.
SDF WARNING: picorv32.sdf:91044: TIMINGCHECK not supported.
SDF WARNING: picorv32.sdf:91061: TIMINGCHECK not supported.
SDF WARNING: picorv32.sdf:91078: TIMINGCHECK not supported.
SDF WARNING: picorv32.sdf:91095: TIMINGCHECK not supported.
SDF WARNING: picorv32.sdf:91112: TIMINGCHECK not supported.
SDF WARNING: picorv32.sdf:91129: TIMINGCHECK not supported.
SDF WARNING: picorv32.sdf:91146: TIMINGCHECK not supported.
SDF WARNING: picorv32.sdf:91163: TIMINGCHECK not supported.
SDF WARNING: picorv32.sdf:91180: TIMINGCHECK not supported.
SDF WARNING: picorv32.sdf:91197: TIMINGCHECK not supported.
SDF WARNING: picorv32.sdf:91214: TIMINGCHECK not supported.
SDF WARNING: picorv32.sdf:91231: TIMINGCHECK not supported.
SDF WARNING: picorv32.sdf:91248: TIMINGCHECK not supported.
SDF WARNING: picorv32.sdf:91265: TIMINGCHECK not supported.
SDF WARNING: picorv32.sdf:91282: TIMINGCHECK not supported.
SDF WARNING: picorv32.sdf:91299: TIMINGCHECK not supported.
SDF WARNING: picorv32.sdf:91316: TIMINGCHECK not supported.
SDF WARNING: picorv32.sdf:91333: TIMINGCHECK not supported.
SDF WARNING: picorv32.sdf:91350: TIMINGCHECK not supported.
SDF WARNING: picorv32.sdf:91367: TIMINGCHECK not supported.
SDF WARNING: picorv32.sdf:91384: TIMINGCHECK not supported.
SDF WARNING: picorv32.sdf:91401: TIMINGCHECK not supported.
SDF WARNING: picorv32.sdf:91418: TIMINGCHECK not supported.
SDF WARNING: picorv32.sdf:91435: TIMINGCHECK not supported.
SDF WARNING: picorv32.sdf:91452: TIMINGCHECK not supported.
SDF WARNING: picorv32.sdf:91469: TIMINGCHECK not supported.
SDF WARNING: picorv32.sdf:91486: TIMINGCHECK not supported.
SDF WARNING: picorv32.sdf:91503: TIMINGCHECK not supported.
SDF WARNING: picorv32.sdf:91520: TIMINGCHECK not supported.
SDF WARNING: picorv32.sdf:91537: TIMINGCHECK not supported.
SDF WARNING: picorv32.sdf:91554: TIMINGCHECK not supported.
SDF WARNING: picorv32.sdf:91571: TIMINGCHECK not supported.
SDF WARNING: picorv32.sdf:91588: TIMINGCHECK not supported.
SDF WARNING: picorv32.sdf:91605: TIMINGCHECK not supported.
SDF WARNING: picorv32.sdf:91622: TIMINGCHECK not supported.
SDF WARNING: picorv32.sdf:91639: TIMINGCHECK not supported.
SDF WARNING: picorv32.sdf:91656: TIMINGCHECK not supported.
SDF WARNING: picorv32.sdf:91673: TIMINGCHECK not supported.
SDF WARNING: picorv32.sdf:91690: TIMINGCHECK not supported.
SDF WARNING: picorv32.sdf:91707: TIMINGCHECK not supported.
SDF WARNING: picorv32.sdf:91724: TIMINGCHECK not supported.
SDF WARNING: picorv32.sdf:91741: TIMINGCHECK not supported.
SDF WARNING: picorv32.sdf:91758: TIMINGCHECK not supported.
SDF WARNING: picorv32.sdf:91775: TIMINGCHECK not supported.
SDF WARNING: picorv32.sdf:91792: TIMINGCHECK not supported.
SDF WARNING: picorv32.sdf:91809: TIMINGCHECK not supported.
SDF WARNING: picorv32.sdf:91826: TIMINGCHECK not supported.
SDF WARNING: picorv32.sdf:91843: TIMINGCHECK not supported.
SDF WARNING: picorv32.sdf:91860: TIMINGCHECK not supported.
SDF WARNING: picorv32.sdf:91877: TIMINGCHECK not supported.
SDF WARNING: picorv32.sdf:91894: TIMINGCHECK not supported.
SDF WARNING: picorv32.sdf:91911: TIMINGCHECK not supported.
SDF WARNING: picorv32.sdf:91928: TIMINGCHECK not supported.
SDF WARNING: picorv32.sdf:91945: TIMINGCHECK not supported.
SDF WARNING: picorv32.sdf:91962: TIMINGCHECK not supported.
SDF WARNING: picorv32.sdf:91979: TIMINGCHECK not supported.
SDF WARNING: picorv32.sdf:91996: TIMINGCHECK not supported.
SDF WARNING: picorv32.sdf:92013: TIMINGCHECK not supported.
SDF WARNING: picorv32.sdf:92030: TIMINGCHECK not supported.
SDF WARNING: picorv32.sdf:92047: TIMINGCHECK not supported.
SDF WARNING: picorv32.sdf:92064: TIMINGCHECK not supported.
SDF WARNING: picorv32.sdf:92081: TIMINGCHECK not supported.
SDF WARNING: picorv32.sdf:92098: TIMINGCHECK not supported.
SDF WARNING: picorv32.sdf:92115: TIMINGCHECK not supported.
SDF WARNING: picorv32.sdf:92132: TIMINGCHECK not supported.
SDF WARNING: picorv32.sdf:92149: TIMINGCHECK not supported.
SDF WARNING: picorv32.sdf:92166: TIMINGCHECK not supported.
SDF WARNING: picorv32.sdf:92183: TIMINGCHECK not supported.
SDF WARNING: picorv32.sdf:92200: TIMINGCHECK not supported.
SDF WARNING: picorv32.sdf:92217: TIMINGCHECK not supported.
SDF WARNING: picorv32.sdf:92234: TIMINGCHECK not supported.
SDF WARNING: picorv32.sdf:92251: TIMINGCHECK not supported.
SDF WARNING: picorv32.sdf:92268: TIMINGCHECK not supported.
SDF WARNING: picorv32.sdf:92285: TIMINGCHECK not supported.
SDF WARNING: picorv32.sdf:92302: TIMINGCHECK not supported.
SDF WARNING: picorv32.sdf:92319: TIMINGCHECK not supported.
SDF WARNING: picorv32.sdf:92336: TIMINGCHECK not supported.
SDF WARNING: picorv32.sdf:92353: TIMINGCHECK not supported.
SDF WARNING: picorv32.sdf:92370: TIMINGCHECK not supported.
SDF WARNING: picorv32.sdf:92387: TIMINGCHECK not supported.
SDF WARNING: picorv32.sdf:92404: TIMINGCHECK not supported.
SDF WARNING: picorv32.sdf:92421: TIMINGCHECK not supported.
SDF WARNING: picorv32.sdf:92438: TIMINGCHECK not supported.
SDF WARNING: picorv32.sdf:92455: TIMINGCHECK not supported.
SDF WARNING: picorv32.sdf:92472: TIMINGCHECK not supported.
SDF WARNING: picorv32.sdf:92489: TIMINGCHECK not supported.
SDF WARNING: picorv32.sdf:92506: TIMINGCHECK not supported.
SDF WARNING: picorv32.sdf:92523: TIMINGCHECK not supported.
SDF WARNING: picorv32.sdf:92540: TIMINGCHECK not supported.
SDF WARNING: picorv32.sdf:92557: TIMINGCHECK not supported.
SDF WARNING: picorv32.sdf:92574: TIMINGCHECK not supported.
SDF WARNING: picorv32.sdf:92591: TIMINGCHECK not supported.
SDF WARNING: picorv32.sdf:92608: TIMINGCHECK not supported.
SDF WARNING: picorv32.sdf:92625: TIMINGCHECK not supported.
SDF WARNING: picorv32.sdf:92642: TIMINGCHECK not supported.
SDF WARNING: picorv32.sdf:92659: TIMINGCHECK not supported.
SDF WARNING: picorv32.sdf:92676: TIMINGCHECK not supported.
SDF WARNING: picorv32.sdf:92693: TIMINGCHECK not supported.
SDF WARNING: picorv32.sdf:92710: TIMINGCHECK not supported.
SDF WARNING: picorv32.sdf:92727: TIMINGCHECK not supported.
SDF WARNING: picorv32.sdf:92744: TIMINGCHECK not supported.
SDF WARNING: picorv32.sdf:92761: TIMINGCHECK not supported.
SDF WARNING: picorv32.sdf:92778: TIMINGCHECK not supported.
SDF WARNING: picorv32.sdf:92795: TIMINGCHECK not supported.
SDF WARNING: picorv32.sdf:92812: TIMINGCHECK not supported.
SDF WARNING: picorv32.sdf:92829: TIMINGCHECK not supported.
SDF WARNING: picorv32.sdf:92846: TIMINGCHECK not supported.
SDF WARNING: picorv32.sdf:92863: TIMINGCHECK not supported.
SDF WARNING: picorv32.sdf:92880: TIMINGCHECK not supported.
SDF WARNING: picorv32.sdf:92897: TIMINGCHECK not supported.
SDF WARNING: picorv32.sdf:92914: TIMINGCHECK not supported.
SDF WARNING: picorv32.sdf:92931: TIMINGCHECK not supported.
SDF WARNING: picorv32.sdf:92948: TIMINGCHECK not supported.
SDF WARNING: picorv32.sdf:92965: TIMINGCHECK not supported.
SDF WARNING: picorv32.sdf:92982: TIMINGCHECK not supported.
SDF WARNING: picorv32.sdf:92999: TIMINGCHECK not supported.
SDF WARNING: picorv32.sdf:93016: TIMINGCHECK not supported.
SDF WARNING: picorv32.sdf:93033: TIMINGCHECK not supported.
SDF WARNING: picorv32.sdf:93050: TIMINGCHECK not supported.
SDF WARNING: picorv32.sdf:93067: TIMINGCHECK not supported.
SDF WARNING: picorv32.sdf:93084: TIMINGCHECK not supported.
SDF WARNING: picorv32.sdf:93101: TIMINGCHECK not supported.
SDF WARNING: picorv32.sdf:93118: TIMINGCHECK not supported.
SDF WARNING: picorv32.sdf:93135: TIMINGCHECK not supported.
SDF WARNING: picorv32.sdf:93152: TIMINGCHECK not supported.
SDF WARNING: picorv32.sdf:93169: TIMINGCHECK not supported.
SDF WARNING: picorv32.sdf:93186: TIMINGCHECK not supported.
SDF WARNING: picorv32.sdf:93203: TIMINGCHECK not supported.
SDF WARNING: picorv32.sdf:93220: TIMINGCHECK not supported.
SDF WARNING: picorv32.sdf:93237: TIMINGCHECK not supported.
SDF WARNING: picorv32.sdf:93254: TIMINGCHECK not supported.
SDF WARNING: picorv32.sdf:93271: TIMINGCHECK not supported.
SDF WARNING: picorv32.sdf:93288: TIMINGCHECK not supported.
SDF WARNING: picorv32.sdf:93305: TIMINGCHECK not supported.
SDF WARNING: picorv32.sdf:93322: TIMINGCHECK not supported.
SDF WARNING: picorv32.sdf:93339: TIMINGCHECK not supported.
SDF WARNING: picorv32.sdf:93356: TIMINGCHECK not supported.
SDF WARNING: picorv32.sdf:93373: TIMINGCHECK not supported.
SDF WARNING: picorv32.sdf:93390: TIMINGCHECK not supported.
SDF WARNING: picorv32.sdf:93407: TIMINGCHECK not supported.
SDF WARNING: picorv32.sdf:93424: TIMINGCHECK not supported.
SDF WARNING: picorv32.sdf:93441: TIMINGCHECK not supported.
SDF WARNING: picorv32.sdf:93458: TIMINGCHECK not supported.
SDF WARNING: picorv32.sdf:93475: TIMINGCHECK not supported.
SDF WARNING: picorv32.sdf:93492: TIMINGCHECK not supported.
SDF WARNING: picorv32.sdf:93509: TIMINGCHECK not supported.
SDF WARNING: picorv32.sdf:93526: TIMINGCHECK not supported.
SDF WARNING: picorv32.sdf:93543: TIMINGCHECK not supported.
SDF WARNING: picorv32.sdf:93560: TIMINGCHECK not supported.
SDF WARNING: picorv32.sdf:93577: TIMINGCHECK not supported.
SDF WARNING: picorv32.sdf:93594: TIMINGCHECK not supported.
SDF WARNING: picorv32.sdf:93611: TIMINGCHECK not supported.
SDF WARNING: picorv32.sdf:93628: TIMINGCHECK not supported.
SDF WARNING: picorv32.sdf:93645: TIMINGCHECK not supported.
SDF WARNING: picorv32.sdf:93662: TIMINGCHECK not supported.
SDF WARNING: picorv32.sdf:93679: TIMINGCHECK not supported.
SDF WARNING: picorv32.sdf:93696: TIMINGCHECK not supported.
SDF WARNING: picorv32.sdf:93713: TIMINGCHECK not supported.
SDF WARNING: picorv32.sdf:93730: TIMINGCHECK not supported.
SDF WARNING: picorv32.sdf:93747: TIMINGCHECK not supported.
SDF WARNING: picorv32.sdf:93764: TIMINGCHECK not supported.
SDF WARNING: picorv32.sdf:93781: TIMINGCHECK not supported.
SDF WARNING: picorv32.sdf:93798: TIMINGCHECK not supported.
SDF WARNING: picorv32.sdf:93815: TIMINGCHECK not supported.
SDF WARNING: picorv32.sdf:93832: TIMINGCHECK not supported.
SDF WARNING: picorv32.sdf:93849: TIMINGCHECK not supported.
SDF WARNING: picorv32.sdf:93866: TIMINGCHECK not supported.
SDF WARNING: picorv32.sdf:93883: TIMINGCHECK not supported.
SDF WARNING: picorv32.sdf:93900: TIMINGCHECK not supported.
SDF WARNING: picorv32.sdf:93917: TIMINGCHECK not supported.
SDF WARNING: picorv32.sdf:93934: TIMINGCHECK not supported.
SDF WARNING: picorv32.sdf:93951: TIMINGCHECK not supported.
SDF WARNING: picorv32.sdf:93968: TIMINGCHECK not supported.
SDF WARNING: picorv32.sdf:93985: TIMINGCHECK not supported.
SDF WARNING: picorv32.sdf:94002: TIMINGCHECK not supported.
SDF WARNING: picorv32.sdf:94019: TIMINGCHECK not supported.
SDF WARNING: picorv32.sdf:94036: TIMINGCHECK not supported.
SDF WARNING: picorv32.sdf:94053: TIMINGCHECK not supported.
SDF WARNING: picorv32.sdf:94070: TIMINGCHECK not supported.
SDF WARNING: picorv32.sdf:94087: TIMINGCHECK not supported.
SDF WARNING: picorv32.sdf:94104: TIMINGCHECK not supported.
SDF WARNING: picorv32.sdf:94121: TIMINGCHECK not supported.
SDF WARNING: picorv32.sdf:94138: TIMINGCHECK not supported.
SDF WARNING: picorv32.sdf:94155: TIMINGCHECK not supported.
SDF WARNING: picorv32.sdf:94172: TIMINGCHECK not supported.
SDF WARNING: picorv32.sdf:94189: TIMINGCHECK not supported.
SDF WARNING: picorv32.sdf:94206: TIMINGCHECK not supported.
SDF WARNING: picorv32.sdf:94223: TIMINGCHECK not supported.
SDF WARNING: picorv32.sdf:94240: TIMINGCHECK not supported.
SDF WARNING: picorv32.sdf:94257: TIMINGCHECK not supported.
SDF WARNING: picorv32.sdf:94274: TIMINGCHECK not supported.
SDF WARNING: picorv32.sdf:94291: TIMINGCHECK not supported.
SDF WARNING: picorv32.sdf:94308: TIMINGCHECK not supported.
SDF WARNING: picorv32.sdf:94325: TIMINGCHECK not supported.
SDF WARNING: picorv32.sdf:94342: TIMINGCHECK not supported.
SDF WARNING: picorv32.sdf:94359: TIMINGCHECK not supported.
SDF WARNING: picorv32.sdf:94376: TIMINGCHECK not supported.
SDF WARNING: picorv32.sdf:94393: TIMINGCHECK not supported.
SDF WARNING: picorv32.sdf:94410: TIMINGCHECK not supported.
SDF WARNING: picorv32.sdf:94427: TIMINGCHECK not supported.
SDF WARNING: picorv32.sdf:94444: TIMINGCHECK not supported.
SDF WARNING: picorv32.sdf:94461: TIMINGCHECK not supported.
SDF WARNING: picorv32.sdf:94478: TIMINGCHECK not supported.
SDF WARNING: picorv32.sdf:94495: TIMINGCHECK not supported.
SDF WARNING: picorv32.sdf:94512: TIMINGCHECK not supported.
SDF WARNING: picorv32.sdf:94529: TIMINGCHECK not supported.
SDF WARNING: picorv32.sdf:94546: TIMINGCHECK not supported.
SDF WARNING: picorv32.sdf:94563: TIMINGCHECK not supported.
SDF WARNING: picorv32.sdf:94580: TIMINGCHECK not supported.
SDF WARNING: picorv32.sdf:94597: TIMINGCHECK not supported.
SDF WARNING: picorv32.sdf:94614: TIMINGCHECK not supported.
SDF WARNING: picorv32.sdf:94631: TIMINGCHECK not supported.
SDF WARNING: picorv32.sdf:94648: TIMINGCHECK not supported.
SDF WARNING: picorv32.sdf:94665: TIMINGCHECK not supported.
SDF WARNING: picorv32.sdf:94682: TIMINGCHECK not supported.
SDF WARNING: picorv32.sdf:94699: TIMINGCHECK not supported.
SDF WARNING: picorv32.sdf:94716: TIMINGCHECK not supported.
SDF WARNING: picorv32.sdf:94733: TIMINGCHECK not supported.
SDF WARNING: picorv32.sdf:94750: TIMINGCHECK not supported.
SDF WARNING: picorv32.sdf:94767: TIMINGCHECK not supported.
SDF WARNING: picorv32.sdf:94784: TIMINGCHECK not supported.
SDF WARNING: picorv32.sdf:94801: TIMINGCHECK not supported.
SDF WARNING: picorv32.sdf:94818: TIMINGCHECK not supported.
SDF WARNING: picorv32.sdf:94835: TIMINGCHECK not supported.
SDF WARNING: picorv32.sdf:94852: TIMINGCHECK not supported.
SDF WARNING: picorv32.sdf:94869: TIMINGCHECK not supported.
SDF WARNING: picorv32.sdf:94886: TIMINGCHECK not supported.
SDF WARNING: picorv32.sdf:94903: TIMINGCHECK not supported.
SDF WARNING: picorv32.sdf:94920: TIMINGCHECK not supported.
SDF WARNING: picorv32.sdf:94937: TIMINGCHECK not supported.
SDF WARNING: picorv32.sdf:94954: TIMINGCHECK not supported.
SDF WARNING: picorv32.sdf:94971: TIMINGCHECK not supported.
SDF WARNING: picorv32.sdf:94988: TIMINGCHECK not supported.
SDF WARNING: picorv32.sdf:95005: TIMINGCHECK not supported.
SDF WARNING: picorv32.sdf:95022: TIMINGCHECK not supported.
SDF WARNING: picorv32.sdf:95039: TIMINGCHECK not supported.
SDF WARNING: picorv32.sdf:95056: TIMINGCHECK not supported.
SDF WARNING: picorv32.sdf:95073: TIMINGCHECK not supported.
SDF WARNING: picorv32.sdf:95090: TIMINGCHECK not supported.
SDF WARNING: picorv32.sdf:95107: TIMINGCHECK not supported.
SDF WARNING: picorv32.sdf:95124: TIMINGCHECK not supported.
SDF WARNING: picorv32.sdf:95141: TIMINGCHECK not supported.
SDF WARNING: picorv32.sdf:95158: TIMINGCHECK not supported.
SDF WARNING: picorv32.sdf:95175: TIMINGCHECK not supported.
SDF WARNING: picorv32.sdf:95192: TIMINGCHECK not supported.
SDF WARNING: picorv32.sdf:95209: TIMINGCHECK not supported.
SDF WARNING: picorv32.sdf:95226: TIMINGCHECK not supported.
SDF WARNING: picorv32.sdf:95243: TIMINGCHECK not supported.
SDF WARNING: picorv32.sdf:95260: TIMINGCHECK not supported.
SDF WARNING: picorv32.sdf:95277: TIMINGCHECK not supported.
SDF WARNING: picorv32.sdf:95294: TIMINGCHECK not supported.
SDF WARNING: picorv32.sdf:95311: TIMINGCHECK not supported.
SDF WARNING: picorv32.sdf:95328: TIMINGCHECK not supported.
SDF WARNING: picorv32.sdf:95345: TIMINGCHECK not supported.
SDF WARNING: picorv32.sdf:95362: TIMINGCHECK not supported.
SDF WARNING: picorv32.sdf:95379: TIMINGCHECK not supported.
SDF WARNING: picorv32.sdf:95396: TIMINGCHECK not supported.
SDF WARNING: picorv32.sdf:95413: TIMINGCHECK not supported.
SDF WARNING: picorv32.sdf:95430: TIMINGCHECK not supported.
SDF WARNING: picorv32.sdf:95447: TIMINGCHECK not supported.
SDF WARNING: picorv32.sdf:95464: TIMINGCHECK not supported.
SDF WARNING: picorv32.sdf:95481: TIMINGCHECK not supported.
SDF WARNING: picorv32.sdf:95498: TIMINGCHECK not supported.
SDF WARNING: picorv32.sdf:95515: TIMINGCHECK not supported.
SDF WARNING: picorv32.sdf:95532: TIMINGCHECK not supported.
SDF WARNING: picorv32.sdf:95549: TIMINGCHECK not supported.
SDF WARNING: picorv32.sdf:95566: TIMINGCHECK not supported.
SDF WARNING: picorv32.sdf:95583: TIMINGCHECK not supported.
SDF WARNING: picorv32.sdf:95600: TIMINGCHECK not supported.
SDF WARNING: picorv32.sdf:95617: TIMINGCHECK not supported.
SDF WARNING: picorv32.sdf:95634: TIMINGCHECK not supported.
SDF WARNING: picorv32.sdf:95651: TIMINGCHECK not supported.
SDF WARNING: picorv32.sdf:95668: TIMINGCHECK not supported.
SDF WARNING: picorv32.sdf:95685: TIMINGCHECK not supported.
SDF WARNING: picorv32.sdf:95702: TIMINGCHECK not supported.
SDF WARNING: picorv32.sdf:95719: TIMINGCHECK not supported.
SDF WARNING: picorv32.sdf:95736: TIMINGCHECK not supported.
SDF WARNING: picorv32.sdf:95753: TIMINGCHECK not supported.
SDF WARNING: picorv32.sdf:95770: TIMINGCHECK not supported.
SDF WARNING: picorv32.sdf:95787: TIMINGCHECK not supported.
SDF WARNING: picorv32.sdf:95804: TIMINGCHECK not supported.
SDF WARNING: picorv32.sdf:95821: TIMINGCHECK not supported.
SDF WARNING: picorv32.sdf:95838: TIMINGCHECK not supported.
SDF WARNING: picorv32.sdf:95855: TIMINGCHECK not supported.
SDF WARNING: picorv32.sdf:95872: TIMINGCHECK not supported.
SDF WARNING: picorv32.sdf:95889: TIMINGCHECK not supported.
SDF WARNING: picorv32.sdf:95906: TIMINGCHECK not supported.
SDF WARNING: picorv32.sdf:95923: TIMINGCHECK not supported.
SDF WARNING: picorv32.sdf:95940: TIMINGCHECK not supported.
SDF WARNING: picorv32.sdf:95957: TIMINGCHECK not supported.
SDF WARNING: picorv32.sdf:95974: TIMINGCHECK not supported.
SDF WARNING: picorv32.sdf:95991: TIMINGCHECK not supported.
SDF WARNING: picorv32.sdf:96008: TIMINGCHECK not supported.
SDF WARNING: picorv32.sdf:96025: TIMINGCHECK not supported.
SDF WARNING: picorv32.sdf:96042: TIMINGCHECK not supported.
SDF WARNING: picorv32.sdf:96059: TIMINGCHECK not supported.
SDF WARNING: picorv32.sdf:96076: TIMINGCHECK not supported.
SDF WARNING: picorv32.sdf:96093: TIMINGCHECK not supported.
SDF WARNING: picorv32.sdf:96110: TIMINGCHECK not supported.
SDF WARNING: picorv32.sdf:96127: TIMINGCHECK not supported.
SDF WARNING: picorv32.sdf:96144: TIMINGCHECK not supported.
SDF WARNING: picorv32.sdf:96161: TIMINGCHECK not supported.
SDF WARNING: picorv32.sdf:96178: TIMINGCHECK not supported.
SDF WARNING: picorv32.sdf:96195: TIMINGCHECK not supported.
SDF WARNING: picorv32.sdf:96212: TIMINGCHECK not supported.
SDF WARNING: picorv32.sdf:96229: TIMINGCHECK not supported.
SDF WARNING: picorv32.sdf:96246: TIMINGCHECK not supported.
SDF WARNING: picorv32.sdf:96263: TIMINGCHECK not supported.
SDF WARNING: picorv32.sdf:96280: TIMINGCHECK not supported.
SDF WARNING: picorv32.sdf:96297: TIMINGCHECK not supported.
SDF WARNING: picorv32.sdf:96314: TIMINGCHECK not supported.
SDF WARNING: picorv32.sdf:96331: TIMINGCHECK not supported.
SDF WARNING: picorv32.sdf:96348: TIMINGCHECK not supported.
SDF WARNING: picorv32.sdf:96365: TIMINGCHECK not supported.
SDF WARNING: picorv32.sdf:96382: TIMINGCHECK not supported.
SDF WARNING: picorv32.sdf:96399: TIMINGCHECK not supported.
SDF WARNING: picorv32.sdf:96416: TIMINGCHECK not supported.
SDF WARNING: picorv32.sdf:96433: TIMINGCHECK not supported.
SDF WARNING: picorv32.sdf:96450: TIMINGCHECK not supported.
SDF WARNING: picorv32.sdf:96467: TIMINGCHECK not supported.
SDF WARNING: picorv32.sdf:96484: TIMINGCHECK not supported.
SDF WARNING: picorv32.sdf:96501: TIMINGCHECK not supported.
SDF WARNING: picorv32.sdf:96518: TIMINGCHECK not supported.
SDF WARNING: picorv32.sdf:96535: TIMINGCHECK not supported.
SDF WARNING: picorv32.sdf:96552: TIMINGCHECK not supported.
SDF WARNING: picorv32.sdf:96569: TIMINGCHECK not supported.
SDF WARNING: picorv32.sdf:96586: TIMINGCHECK not supported.
SDF WARNING: picorv32.sdf:96603: TIMINGCHECK not supported.
SDF WARNING: picorv32.sdf:96620: TIMINGCHECK not supported.
SDF WARNING: picorv32.sdf:96637: TIMINGCHECK not supported.
SDF WARNING: picorv32.sdf:96654: TIMINGCHECK not supported.
SDF WARNING: picorv32.sdf:96671: TIMINGCHECK not supported.
SDF WARNING: picorv32.sdf:96688: TIMINGCHECK not supported.
SDF WARNING: picorv32.sdf:96705: TIMINGCHECK not supported.
SDF WARNING: picorv32.sdf:96722: TIMINGCHECK not supported.
SDF WARNING: picorv32.sdf:96739: TIMINGCHECK not supported.
SDF WARNING: picorv32.sdf:96756: TIMINGCHECK not supported.
SDF WARNING: picorv32.sdf:96773: TIMINGCHECK not supported.
SDF WARNING: picorv32.sdf:96790: TIMINGCHECK not supported.
SDF WARNING: picorv32.sdf:96807: TIMINGCHECK not supported.
SDF WARNING: picorv32.sdf:96824: TIMINGCHECK not supported.
SDF WARNING: picorv32.sdf:96841: TIMINGCHECK not supported.
SDF WARNING: picorv32.sdf:96858: TIMINGCHECK not supported.
SDF WARNING: picorv32.sdf:96875: TIMINGCHECK not supported.
SDF WARNING: picorv32.sdf:96892: TIMINGCHECK not supported.
SDF WARNING: picorv32.sdf:96909: TIMINGCHECK not supported.
SDF WARNING: picorv32.sdf:96926: TIMINGCHECK not supported.
SDF WARNING: picorv32.sdf:96943: TIMINGCHECK not supported.
SDF WARNING: picorv32.sdf:96960: TIMINGCHECK not supported.
SDF WARNING: picorv32.sdf:96977: TIMINGCHECK not supported.
SDF WARNING: picorv32.sdf:96994: TIMINGCHECK not supported.
SDF WARNING: picorv32.sdf:97011: TIMINGCHECK not supported.
SDF WARNING: picorv32.sdf:97028: TIMINGCHECK not supported.
SDF WARNING: picorv32.sdf:97045: TIMINGCHECK not supported.
SDF WARNING: picorv32.sdf:97062: TIMINGCHECK not supported.
SDF WARNING: picorv32.sdf:97079: TIMINGCHECK not supported.
SDF WARNING: picorv32.sdf:97096: TIMINGCHECK not supported.
SDF WARNING: picorv32.sdf:97113: TIMINGCHECK not supported.
SDF WARNING: picorv32.sdf:97130: TIMINGCHECK not supported.
SDF WARNING: picorv32.sdf:97147: TIMINGCHECK not supported.
SDF WARNING: picorv32.sdf:97164: TIMINGCHECK not supported.
SDF WARNING: picorv32.sdf:97181: TIMINGCHECK not supported.
SDF WARNING: picorv32.sdf:97198: TIMINGCHECK not supported.
SDF WARNING: picorv32.sdf:97215: TIMINGCHECK not supported.
SDF WARNING: picorv32.sdf:97232: TIMINGCHECK not supported.
SDF WARNING: picorv32.sdf:97249: TIMINGCHECK not supported.
SDF WARNING: picorv32.sdf:97266: TIMINGCHECK not supported.
SDF WARNING: picorv32.sdf:97283: TIMINGCHECK not supported.
SDF WARNING: picorv32.sdf:97300: TIMINGCHECK not supported.
SDF WARNING: picorv32.sdf:97317: TIMINGCHECK not supported.
SDF WARNING: picorv32.sdf:97334: TIMINGCHECK not supported.
SDF WARNING: picorv32.sdf:97351: TIMINGCHECK not supported.
SDF WARNING: picorv32.sdf:97368: TIMINGCHECK not supported.
SDF WARNING: picorv32.sdf:97385: TIMINGCHECK not supported.
SDF WARNING: picorv32.sdf:97402: TIMINGCHECK not supported.
SDF WARNING: picorv32.sdf:97419: TIMINGCHECK not supported.
SDF WARNING: picorv32.sdf:97436: TIMINGCHECK not supported.
SDF WARNING: picorv32.sdf:97453: TIMINGCHECK not supported.
SDF WARNING: picorv32.sdf:97470: TIMINGCHECK not supported.
SDF WARNING: picorv32.sdf:97487: TIMINGCHECK not supported.
SDF WARNING: picorv32.sdf:97504: TIMINGCHECK not supported.
SDF WARNING: picorv32.sdf:97521: TIMINGCHECK not supported.
SDF WARNING: picorv32.sdf:97538: TIMINGCHECK not supported.
SDF WARNING: picorv32.sdf:97555: TIMINGCHECK not supported.
SDF WARNING: picorv32.sdf:97572: TIMINGCHECK not supported.
SDF WARNING: picorv32.sdf:97589: TIMINGCHECK not supported.
SDF WARNING: picorv32.sdf:97606: TIMINGCHECK not supported.
SDF WARNING: picorv32.sdf:97623: TIMINGCHECK not supported.
SDF WARNING: picorv32.sdf:97640: TIMINGCHECK not supported.
SDF WARNING: picorv32.sdf:97657: TIMINGCHECK not supported.
SDF WARNING: picorv32.sdf:97674: TIMINGCHECK not supported.
SDF WARNING: picorv32.sdf:97691: TIMINGCHECK not supported.
SDF WARNING: picorv32.sdf:97708: TIMINGCHECK not supported.
SDF WARNING: picorv32.sdf:97725: TIMINGCHECK not supported.
SDF WARNING: picorv32.sdf:97742: TIMINGCHECK not supported.
SDF WARNING: picorv32.sdf:97759: TIMINGCHECK not supported.
SDF WARNING: picorv32.sdf:97776: TIMINGCHECK not supported.
SDF WARNING: picorv32.sdf:97793: TIMINGCHECK not supported.
SDF WARNING: picorv32.sdf:97810: TIMINGCHECK not supported.
SDF WARNING: picorv32.sdf:97827: TIMINGCHECK not supported.
SDF WARNING: picorv32.sdf:97844: TIMINGCHECK not supported.
SDF WARNING: picorv32.sdf:97861: TIMINGCHECK not supported.
SDF WARNING: picorv32.sdf:97878: TIMINGCHECK not supported.
SDF WARNING: picorv32.sdf:97895: TIMINGCHECK not supported.
SDF WARNING: picorv32.sdf:97912: TIMINGCHECK not supported.
SDF WARNING: picorv32.sdf:97929: TIMINGCHECK not supported.
SDF WARNING: picorv32.sdf:97946: TIMINGCHECK not supported.
SDF WARNING: picorv32.sdf:97963: TIMINGCHECK not supported.
SDF WARNING: picorv32.sdf:97980: TIMINGCHECK not supported.
SDF WARNING: picorv32.sdf:97997: TIMINGCHECK not supported.
SDF WARNING: picorv32.sdf:98014: TIMINGCHECK not supported.
SDF WARNING: picorv32.sdf:98031: TIMINGCHECK not supported.
SDF WARNING: picorv32.sdf:98048: TIMINGCHECK not supported.
SDF WARNING: picorv32.sdf:98065: TIMINGCHECK not supported.
SDF WARNING: picorv32.sdf:98082: TIMINGCHECK not supported.
SDF WARNING: picorv32.sdf:98099: TIMINGCHECK not supported.
SDF WARNING: picorv32.sdf:98116: TIMINGCHECK not supported.
SDF WARNING: picorv32.sdf:98133: TIMINGCHECK not supported.
SDF WARNING: picorv32.sdf:98150: TIMINGCHECK not supported.
SDF WARNING: picorv32.sdf:98167: TIMINGCHECK not supported.
SDF WARNING: picorv32.sdf:98184: TIMINGCHECK not supported.
SDF WARNING: picorv32.sdf:98201: TIMINGCHECK not supported.
SDF WARNING: picorv32.sdf:98218: TIMINGCHECK not supported.
SDF WARNING: picorv32.sdf:98235: TIMINGCHECK not supported.
SDF WARNING: picorv32.sdf:98252: TIMINGCHECK not supported.
SDF WARNING: picorv32.sdf:98269: TIMINGCHECK not supported.
SDF WARNING: picorv32.sdf:98286: TIMINGCHECK not supported.
SDF WARNING: picorv32.sdf:98303: TIMINGCHECK not supported.
SDF WARNING: picorv32.sdf:98320: TIMINGCHECK not supported.
SDF WARNING: picorv32.sdf:98337: TIMINGCHECK not supported.
SDF WARNING: picorv32.sdf:98354: TIMINGCHECK not supported.
SDF WARNING: picorv32.sdf:98371: TIMINGCHECK not supported.
SDF WARNING: picorv32.sdf:98388: TIMINGCHECK not supported.
SDF WARNING: picorv32.sdf:98405: TIMINGCHECK not supported.
SDF WARNING: picorv32.sdf:98422: TIMINGCHECK not supported.
SDF WARNING: picorv32.sdf:98439: TIMINGCHECK not supported.
SDF WARNING: picorv32.sdf:98456: TIMINGCHECK not supported.
SDF WARNING: picorv32.sdf:98473: TIMINGCHECK not supported.
SDF WARNING: picorv32.sdf:98490: TIMINGCHECK not supported.
SDF WARNING: picorv32.sdf:98507: TIMINGCHECK not supported.
SDF WARNING: picorv32.sdf:98524: TIMINGCHECK not supported.
SDF WARNING: picorv32.sdf:98541: TIMINGCHECK not supported.
SDF WARNING: picorv32.sdf:98558: TIMINGCHECK not supported.
SDF WARNING: picorv32.sdf:98575: TIMINGCHECK not supported.
SDF WARNING: picorv32.sdf:98592: TIMINGCHECK not supported.
SDF WARNING: picorv32.sdf:98609: TIMINGCHECK not supported.
SDF WARNING: picorv32.sdf:98626: TIMINGCHECK not supported.
SDF WARNING: picorv32.sdf:98643: TIMINGCHECK not supported.
SDF WARNING: picorv32.sdf:98660: TIMINGCHECK not supported.
SDF WARNING: picorv32.sdf:98677: TIMINGCHECK not supported.
SDF WARNING: picorv32.sdf:98694: TIMINGCHECK not supported.
SDF WARNING: picorv32.sdf:98711: TIMINGCHECK not supported.
SDF WARNING: picorv32.sdf:98728: TIMINGCHECK not supported.
SDF WARNING: picorv32.sdf:98745: TIMINGCHECK not supported.
SDF WARNING: picorv32.sdf:98762: TIMINGCHECK not supported.
SDF WARNING: picorv32.sdf:98779: TIMINGCHECK not supported.
SDF WARNING: picorv32.sdf:98796: TIMINGCHECK not supported.
SDF WARNING: picorv32.sdf:98813: TIMINGCHECK not supported.
SDF WARNING: picorv32.sdf:98830: TIMINGCHECK not supported.
SDF WARNING: picorv32.sdf:98847: TIMINGCHECK not supported.
SDF WARNING: picorv32.sdf:98864: TIMINGCHECK not supported.
SDF WARNING: picorv32.sdf:98881: TIMINGCHECK not supported.
SDF WARNING: picorv32.sdf:98898: TIMINGCHECK not supported.
SDF WARNING: picorv32.sdf:98915: TIMINGCHECK not supported.
SDF WARNING: picorv32.sdf:98932: TIMINGCHECK not supported.
SDF WARNING: picorv32.sdf:98949: TIMINGCHECK not supported.
SDF WARNING: picorv32.sdf:98966: TIMINGCHECK not supported.
SDF WARNING: picorv32.sdf:98983: TIMINGCHECK not supported.
SDF WARNING: picorv32.sdf:99000: TIMINGCHECK not supported.
SDF WARNING: picorv32.sdf:99017: TIMINGCHECK not supported.
SDF WARNING: picorv32.sdf:99034: TIMINGCHECK not supported.
SDF WARNING: picorv32.sdf:99051: TIMINGCHECK not supported.
SDF WARNING: picorv32.sdf:99068: TIMINGCHECK not supported.
SDF WARNING: picorv32.sdf:99085: TIMINGCHECK not supported.
SDF WARNING: picorv32.sdf:99102: TIMINGCHECK not supported.
SDF WARNING: picorv32.sdf:99119: TIMINGCHECK not supported.
SDF WARNING: picorv32.sdf:99136: TIMINGCHECK not supported.
SDF WARNING: picorv32.sdf:99153: TIMINGCHECK not supported.
SDF WARNING: picorv32.sdf:99170: TIMINGCHECK not supported.
SDF WARNING: picorv32.sdf:99187: TIMINGCHECK not supported.
SDF WARNING: picorv32.sdf:99204: TIMINGCHECK not supported.
SDF WARNING: picorv32.sdf:99221: TIMINGCHECK not supported.
SDF WARNING: picorv32.sdf:99238: TIMINGCHECK not supported.
SDF WARNING: picorv32.sdf:99255: TIMINGCHECK not supported.
SDF WARNING: picorv32.sdf:99272: TIMINGCHECK not supported.
SDF WARNING: picorv32.sdf:99289: TIMINGCHECK not supported.
SDF WARNING: picorv32.sdf:99306: TIMINGCHECK not supported.
SDF WARNING: picorv32.sdf:99323: TIMINGCHECK not supported.
SDF WARNING: picorv32.sdf:99340: TIMINGCHECK not supported.
SDF WARNING: picorv32.sdf:99357: TIMINGCHECK not supported.
SDF WARNING: picorv32.sdf:99374: TIMINGCHECK not supported.
SDF WARNING: picorv32.sdf:99391: TIMINGCHECK not supported.
SDF WARNING: picorv32.sdf:99408: TIMINGCHECK not supported.
SDF WARNING: picorv32.sdf:99425: TIMINGCHECK not supported.
SDF WARNING: picorv32.sdf:99442: TIMINGCHECK not supported.
SDF WARNING: picorv32.sdf:99459: TIMINGCHECK not supported.
SDF WARNING: picorv32.sdf:99476: TIMINGCHECK not supported.
SDF WARNING: picorv32.sdf:99493: TIMINGCHECK not supported.
SDF WARNING: picorv32.sdf:99510: TIMINGCHECK not supported.
SDF WARNING: picorv32.sdf:99527: TIMINGCHECK not supported.
SDF WARNING: picorv32.sdf:99544: TIMINGCHECK not supported.
SDF WARNING: picorv32.sdf:99561: TIMINGCHECK not supported.
SDF WARNING: picorv32.sdf:99578: TIMINGCHECK not supported.
SDF WARNING: picorv32.sdf:99595: TIMINGCHECK not supported.
SDF WARNING: picorv32.sdf:99612: TIMINGCHECK not supported.
SDF WARNING: picorv32.sdf:99629: TIMINGCHECK not supported.
SDF WARNING: picorv32.sdf:99646: TIMINGCHECK not supported.
SDF WARNING: picorv32.sdf:99663: TIMINGCHECK not supported.
SDF WARNING: picorv32.sdf:99680: TIMINGCHECK not supported.
SDF WARNING: picorv32.sdf:99697: TIMINGCHECK not supported.
SDF WARNING: picorv32.sdf:99714: TIMINGCHECK not supported.
SDF WARNING: picorv32.sdf:99731: TIMINGCHECK not supported.
SDF WARNING: picorv32.sdf:99748: TIMINGCHECK not supported.
SDF WARNING: picorv32.sdf:99765: TIMINGCHECK not supported.
SDF WARNING: picorv32.sdf:99782: TIMINGCHECK not supported.
SDF WARNING: picorv32.sdf:99799: TIMINGCHECK not supported.
SDF WARNING: picorv32.sdf:99816: TIMINGCHECK not supported.
SDF WARNING: picorv32.sdf:99833: TIMINGCHECK not supported.
SDF WARNING: picorv32.sdf:99850: TIMINGCHECK not supported.
SDF WARNING: picorv32.sdf:99867: TIMINGCHECK not supported.
SDF WARNING: picorv32.sdf:99884: TIMINGCHECK not supported.
SDF WARNING: picorv32.sdf:99901: TIMINGCHECK not supported.
SDF WARNING: picorv32.sdf:99918: TIMINGCHECK not supported.
SDF WARNING: picorv32.sdf:99935: TIMINGCHECK not supported.
SDF WARNING: picorv32.sdf:99952: TIMINGCHECK not supported.
SDF WARNING: picorv32.sdf:99969: TIMINGCHECK not supported.
SDF WARNING: picorv32.sdf:99986: TIMINGCHECK not supported.
SDF WARNING: picorv32.sdf:100003: TIMINGCHECK not supported.
SDF WARNING: picorv32.sdf:100020: TIMINGCHECK not supported.
SDF WARNING: picorv32.sdf:100037: TIMINGCHECK not supported.
SDF WARNING: picorv32.sdf:100054: TIMINGCHECK not supported.
SDF WARNING: picorv32.sdf:100071: TIMINGCHECK not supported.
SDF WARNING: picorv32.sdf:100088: TIMINGCHECK not supported.
SDF WARNING: picorv32.sdf:100105: TIMINGCHECK not supported.
SDF WARNING: picorv32.sdf:100122: TIMINGCHECK not supported.
SDF WARNING: picorv32.sdf:100139: TIMINGCHECK not supported.
SDF WARNING: picorv32.sdf:100156: TIMINGCHECK not supported.
SDF WARNING: picorv32.sdf:100173: TIMINGCHECK not supported.
SDF WARNING: picorv32.sdf:100190: TIMINGCHECK not supported.
SDF WARNING: picorv32.sdf:100207: TIMINGCHECK not supported.
SDF WARNING: picorv32.sdf:100224: TIMINGCHECK not supported.
SDF WARNING: picorv32.sdf:100241: TIMINGCHECK not supported.
SDF WARNING: picorv32.sdf:100258: TIMINGCHECK not supported.
SDF WARNING: picorv32.sdf:100275: TIMINGCHECK not supported.
SDF WARNING: picorv32.sdf:100292: TIMINGCHECK not supported.
SDF WARNING: picorv32.sdf:100309: TIMINGCHECK not supported.
SDF WARNING: picorv32.sdf:100326: TIMINGCHECK not supported.
SDF WARNING: picorv32.sdf:100343: TIMINGCHECK not supported.
SDF WARNING: picorv32.sdf:100360: TIMINGCHECK not supported.
SDF WARNING: picorv32.sdf:100377: TIMINGCHECK not supported.
SDF WARNING: picorv32.sdf:100394: TIMINGCHECK not supported.
SDF WARNING: picorv32.sdf:100411: TIMINGCHECK not supported.
SDF WARNING: picorv32.sdf:100428: TIMINGCHECK not supported.
SDF WARNING: picorv32.sdf:100445: TIMINGCHECK not supported.
SDF WARNING: picorv32.sdf:100462: TIMINGCHECK not supported.
SDF WARNING: picorv32.sdf:100479: TIMINGCHECK not supported.
SDF WARNING: picorv32.sdf:100496: TIMINGCHECK not supported.
SDF WARNING: picorv32.sdf:100513: TIMINGCHECK not supported.
SDF WARNING: picorv32.sdf:100530: TIMINGCHECK not supported.
SDF WARNING: picorv32.sdf:100547: TIMINGCHECK not supported.
SDF WARNING: picorv32.sdf:100564: TIMINGCHECK not supported.
SDF WARNING: picorv32.sdf:100581: TIMINGCHECK not supported.
SDF WARNING: picorv32.sdf:100598: TIMINGCHECK not supported.
SDF WARNING: picorv32.sdf:100615: TIMINGCHECK not supported.
SDF WARNING: picorv32.sdf:100632: TIMINGCHECK not supported.
SDF WARNING: picorv32.sdf:100649: TIMINGCHECK not supported.
SDF WARNING: picorv32.sdf:100666: TIMINGCHECK not supported.
SDF WARNING: picorv32.sdf:100683: TIMINGCHECK not supported.
SDF WARNING: picorv32.sdf:100700: TIMINGCHECK not supported.
SDF WARNING: picorv32.sdf:100717: TIMINGCHECK not supported.
SDF WARNING: picorv32.sdf:100734: TIMINGCHECK not supported.
SDF WARNING: picorv32.sdf:100751: TIMINGCHECK not supported.
SDF WARNING: picorv32.sdf:100768: TIMINGCHECK not supported.
SDF WARNING: picorv32.sdf:100785: TIMINGCHECK not supported.
SDF WARNING: picorv32.sdf:100802: TIMINGCHECK not supported.
SDF WARNING: picorv32.sdf:100819: TIMINGCHECK not supported.
SDF WARNING: picorv32.sdf:100836: TIMINGCHECK not supported.
SDF WARNING: picorv32.sdf:100853: TIMINGCHECK not supported.
SDF WARNING: picorv32.sdf:100870: TIMINGCHECK not supported.
SDF WARNING: picorv32.sdf:100887: TIMINGCHECK not supported.
SDF WARNING: picorv32.sdf:100904: TIMINGCHECK not supported.
SDF WARNING: picorv32.sdf:100921: TIMINGCHECK not supported.
SDF WARNING: picorv32.sdf:100938: TIMINGCHECK not supported.
SDF WARNING: picorv32.sdf:100955: TIMINGCHECK not supported.
SDF WARNING: picorv32.sdf:100972: TIMINGCHECK not supported.
SDF WARNING: picorv32.sdf:100989: TIMINGCHECK not supported.
SDF WARNING: picorv32.sdf:101006: TIMINGCHECK not supported.
SDF WARNING: picorv32.sdf:101023: TIMINGCHECK not supported.
SDF WARNING: picorv32.sdf:101040: TIMINGCHECK not supported.
SDF WARNING: picorv32.sdf:101057: TIMINGCHECK not supported.
SDF WARNING: picorv32.sdf:101074: TIMINGCHECK not supported.
SDF WARNING: picorv32.sdf:101091: TIMINGCHECK not supported.
SDF WARNING: picorv32.sdf:101108: TIMINGCHECK not supported.
SDF WARNING: picorv32.sdf:101125: TIMINGCHECK not supported.
SDF WARNING: picorv32.sdf:101142: TIMINGCHECK not supported.
SDF WARNING: picorv32.sdf:101159: TIMINGCHECK not supported.
SDF WARNING: picorv32.sdf:101176: TIMINGCHECK not supported.
SDF WARNING: picorv32.sdf:101193: TIMINGCHECK not supported.
SDF WARNING: picorv32.sdf:101210: TIMINGCHECK not supported.
SDF WARNING: picorv32.sdf:101227: TIMINGCHECK not supported.
SDF WARNING: picorv32.sdf:101244: TIMINGCHECK not supported.
SDF WARNING: picorv32.sdf:101261: TIMINGCHECK not supported.
SDF WARNING: picorv32.sdf:101278: TIMINGCHECK not supported.
SDF WARNING: picorv32.sdf:101295: TIMINGCHECK not supported.
SDF WARNING: picorv32.sdf:101312: TIMINGCHECK not supported.
SDF WARNING: picorv32.sdf:101329: TIMINGCHECK not supported.
SDF WARNING: picorv32.sdf:101346: TIMINGCHECK not supported.
SDF WARNING: picorv32.sdf:101363: TIMINGCHECK not supported.
SDF WARNING: picorv32.sdf:101380: TIMINGCHECK not supported.
SDF WARNING: picorv32.sdf:101397: TIMINGCHECK not supported.
SDF WARNING: picorv32.sdf:101414: TIMINGCHECK not supported.
SDF WARNING: picorv32.sdf:101431: TIMINGCHECK not supported.
SDF WARNING: picorv32.sdf:101448: TIMINGCHECK not supported.
SDF WARNING: picorv32.sdf:101465: TIMINGCHECK not supported.
SDF WARNING: picorv32.sdf:101482: TIMINGCHECK not supported.
SDF WARNING: picorv32.sdf:101499: TIMINGCHECK not supported.
SDF WARNING: picorv32.sdf:101516: TIMINGCHECK not supported.
SDF WARNING: picorv32.sdf:101533: TIMINGCHECK not supported.
SDF WARNING: picorv32.sdf:101550: TIMINGCHECK not supported.
SDF WARNING: picorv32.sdf:101567: TIMINGCHECK not supported.
SDF WARNING: picorv32.sdf:101584: TIMINGCHECK not supported.
SDF WARNING: picorv32.sdf:101601: TIMINGCHECK not supported.
SDF WARNING: picorv32.sdf:101618: TIMINGCHECK not supported.
SDF WARNING: picorv32.sdf:101635: TIMINGCHECK not supported.
SDF WARNING: picorv32.sdf:101652: TIMINGCHECK not supported.
SDF WARNING: picorv32.sdf:101669: TIMINGCHECK not supported.
SDF WARNING: picorv32.sdf:101686: TIMINGCHECK not supported.
SDF WARNING: picorv32.sdf:101703: TIMINGCHECK not supported.
SDF WARNING: picorv32.sdf:101720: TIMINGCHECK not supported.
SDF WARNING: picorv32.sdf:101737: TIMINGCHECK not supported.
SDF WARNING: picorv32.sdf:101754: TIMINGCHECK not supported.
SDF WARNING: picorv32.sdf:101771: TIMINGCHECK not supported.
SDF WARNING: picorv32.sdf:101788: TIMINGCHECK not supported.
SDF WARNING: picorv32.sdf:101805: TIMINGCHECK not supported.
SDF WARNING: picorv32.sdf:101822: TIMINGCHECK not supported.
SDF WARNING: picorv32.sdf:101839: TIMINGCHECK not supported.
SDF WARNING: picorv32.sdf:101856: TIMINGCHECK not supported.
SDF WARNING: picorv32.sdf:101873: TIMINGCHECK not supported.
SDF WARNING: picorv32.sdf:101890: TIMINGCHECK not supported.
SDF WARNING: picorv32.sdf:101907: TIMINGCHECK not supported.
SDF WARNING: picorv32.sdf:101924: TIMINGCHECK not supported.
SDF WARNING: picorv32.sdf:101941: TIMINGCHECK not supported.
SDF WARNING: picorv32.sdf:101958: TIMINGCHECK not supported.
SDF WARNING: picorv32.sdf:101975: TIMINGCHECK not supported.
SDF WARNING: picorv32.sdf:101992: TIMINGCHECK not supported.
SDF WARNING: picorv32.sdf:102009: TIMINGCHECK not supported.
SDF WARNING: picorv32.sdf:102026: TIMINGCHECK not supported.
SDF WARNING: picorv32.sdf:102043: TIMINGCHECK not supported.
SDF WARNING: picorv32.sdf:102060: TIMINGCHECK not supported.
SDF WARNING: picorv32.sdf:102077: TIMINGCHECK not supported.
SDF WARNING: picorv32.sdf:102094: TIMINGCHECK not supported.
SDF WARNING: picorv32.sdf:102111: TIMINGCHECK not supported.
SDF WARNING: picorv32.sdf:102128: TIMINGCHECK not supported.
SDF WARNING: picorv32.sdf:102145: TIMINGCHECK not supported.
SDF WARNING: picorv32.sdf:102162: TIMINGCHECK not supported.
SDF WARNING: picorv32.sdf:102179: TIMINGCHECK not supported.
SDF WARNING: picorv32.sdf:102196: TIMINGCHECK not supported.
SDF WARNING: picorv32.sdf:102213: TIMINGCHECK not supported.
SDF WARNING: picorv32.sdf:102230: TIMINGCHECK not supported.
SDF WARNING: picorv32.sdf:102247: TIMINGCHECK not supported.
SDF WARNING: picorv32.sdf:102264: TIMINGCHECK not supported.
SDF WARNING: picorv32.sdf:102281: TIMINGCHECK not supported.
SDF WARNING: picorv32.sdf:102298: TIMINGCHECK not supported.
SDF WARNING: picorv32.sdf:102315: TIMINGCHECK not supported.
SDF WARNING: picorv32.sdf:102332: TIMINGCHECK not supported.
SDF WARNING: picorv32.sdf:102349: TIMINGCHECK not supported.
SDF WARNING: picorv32.sdf:102366: TIMINGCHECK not supported.
SDF WARNING: picorv32.sdf:102383: TIMINGCHECK not supported.
SDF WARNING: picorv32.sdf:102400: TIMINGCHECK not supported.
SDF WARNING: picorv32.sdf:102417: TIMINGCHECK not supported.
SDF WARNING: picorv32.sdf:102434: TIMINGCHECK not supported.
SDF WARNING: picorv32.sdf:102451: TIMINGCHECK not supported.
SDF WARNING: picorv32.sdf:102468: TIMINGCHECK not supported.
SDF WARNING: picorv32.sdf:102485: TIMINGCHECK not supported.
SDF WARNING: picorv32.sdf:102502: TIMINGCHECK not supported.
SDF WARNING: picorv32.sdf:102519: TIMINGCHECK not supported.
SDF WARNING: picorv32.sdf:102536: TIMINGCHECK not supported.
SDF WARNING: picorv32.sdf:102553: TIMINGCHECK not supported.
SDF WARNING: picorv32.sdf:102570: TIMINGCHECK not supported.
SDF WARNING: picorv32.sdf:102587: TIMINGCHECK not supported.
SDF WARNING: picorv32.sdf:102604: TIMINGCHECK not supported.
SDF WARNING: picorv32.sdf:102621: TIMINGCHECK not supported.
SDF WARNING: picorv32.sdf:102638: TIMINGCHECK not supported.
SDF WARNING: picorv32.sdf:102655: TIMINGCHECK not supported.
SDF WARNING: picorv32.sdf:102672: TIMINGCHECK not supported.
SDF WARNING: picorv32.sdf:102689: TIMINGCHECK not supported.
SDF WARNING: picorv32.sdf:102706: TIMINGCHECK not supported.
SDF WARNING: picorv32.sdf:102723: TIMINGCHECK not supported.
SDF WARNING: picorv32.sdf:102740: TIMINGCHECK not supported.
SDF WARNING: picorv32.sdf:102757: TIMINGCHECK not supported.
SDF WARNING: picorv32.sdf:102774: TIMINGCHECK not supported.
SDF WARNING: picorv32.sdf:102791: TIMINGCHECK not supported.
SDF WARNING: picorv32.sdf:102808: TIMINGCHECK not supported.
SDF WARNING: picorv32.sdf:102825: TIMINGCHECK not supported.
SDF WARNING: picorv32.sdf:102842: TIMINGCHECK not supported.
SDF WARNING: picorv32.sdf:102859: TIMINGCHECK not supported.
SDF WARNING: picorv32.sdf:102876: TIMINGCHECK not supported.
SDF WARNING: picorv32.sdf:102893: TIMINGCHECK not supported.
SDF WARNING: picorv32.sdf:102910: TIMINGCHECK not supported.
SDF WARNING: picorv32.sdf:102927: TIMINGCHECK not supported.
SDF WARNING: picorv32.sdf:102944: TIMINGCHECK not supported.
SDF WARNING: picorv32.sdf:102961: TIMINGCHECK not supported.
SDF WARNING: picorv32.sdf:102978: TIMINGCHECK not supported.
SDF WARNING: picorv32.sdf:102995: TIMINGCHECK not supported.
SDF WARNING: picorv32.sdf:103012: TIMINGCHECK not supported.
SDF WARNING: picorv32.sdf:103029: TIMINGCHECK not supported.
SDF WARNING: picorv32.sdf:103046: TIMINGCHECK not supported.
SDF WARNING: picorv32.sdf:103063: TIMINGCHECK not supported.
SDF WARNING: picorv32.sdf:103080: TIMINGCHECK not supported.
SDF WARNING: picorv32.sdf:103097: TIMINGCHECK not supported.
SDF WARNING: picorv32.sdf:103114: TIMINGCHECK not supported.
SDF WARNING: picorv32.sdf:103131: TIMINGCHECK not supported.
SDF WARNING: picorv32.sdf:103148: TIMINGCHECK not supported.
SDF WARNING: picorv32.sdf:103165: TIMINGCHECK not supported.
SDF WARNING: picorv32.sdf:103182: TIMINGCHECK not supported.
SDF WARNING: picorv32.sdf:103199: TIMINGCHECK not supported.
SDF WARNING: picorv32.sdf:103216: TIMINGCHECK not supported.
SDF WARNING: picorv32.sdf:103233: TIMINGCHECK not supported.
SDF WARNING: picorv32.sdf:103250: TIMINGCHECK not supported.
SDF WARNING: picorv32.sdf:103267: TIMINGCHECK not supported.
SDF WARNING: picorv32.sdf:103284: TIMINGCHECK not supported.
SDF WARNING: picorv32.sdf:103301: TIMINGCHECK not supported.
SDF WARNING: picorv32.sdf:103318: TIMINGCHECK not supported.
SDF WARNING: picorv32.sdf:103335: TIMINGCHECK not supported.
SDF WARNING: picorv32.sdf:103352: TIMINGCHECK not supported.
SDF WARNING: picorv32.sdf:103369: TIMINGCHECK not supported.
SDF WARNING: picorv32.sdf:103386: TIMINGCHECK not supported.
SDF WARNING: picorv32.sdf:103403: TIMINGCHECK not supported.
SDF WARNING: picorv32.sdf:103420: TIMINGCHECK not supported.
SDF WARNING: picorv32.sdf:103437: TIMINGCHECK not supported.
SDF WARNING: picorv32.sdf:103454: TIMINGCHECK not supported.
SDF WARNING: picorv32.sdf:103471: TIMINGCHECK not supported.
SDF WARNING: picorv32.sdf:103488: TIMINGCHECK not supported.
SDF WARNING: picorv32.sdf:103505: TIMINGCHECK not supported.
SDF WARNING: picorv32.sdf:103522: TIMINGCHECK not supported.
SDF WARNING: picorv32.sdf:103539: TIMINGCHECK not supported.
SDF WARNING: picorv32.sdf:103556: TIMINGCHECK not supported.
SDF WARNING: picorv32.sdf:103573: TIMINGCHECK not supported.
SDF WARNING: picorv32.sdf:103590: TIMINGCHECK not supported.
SDF WARNING: picorv32.sdf:103607: TIMINGCHECK not supported.
SDF WARNING: picorv32.sdf:103624: TIMINGCHECK not supported.
SDF WARNING: picorv32.sdf:103641: TIMINGCHECK not supported.
SDF WARNING: picorv32.sdf:103658: TIMINGCHECK not supported.
SDF WARNING: picorv32.sdf:103675: TIMINGCHECK not supported.
SDF WARNING: picorv32.sdf:103692: TIMINGCHECK not supported.
SDF WARNING: picorv32.sdf:103709: TIMINGCHECK not supported.
SDF WARNING: picorv32.sdf:103726: TIMINGCHECK not supported.
SDF WARNING: picorv32.sdf:103743: TIMINGCHECK not supported.
SDF WARNING: picorv32.sdf:103760: TIMINGCHECK not supported.
SDF WARNING: picorv32.sdf:103777: TIMINGCHECK not supported.
SDF WARNING: picorv32.sdf:103794: TIMINGCHECK not supported.
SDF WARNING: picorv32.sdf:103811: TIMINGCHECK not supported.
SDF WARNING: picorv32.sdf:103828: TIMINGCHECK not supported.
SDF WARNING: picorv32.sdf:103845: TIMINGCHECK not supported.
SDF WARNING: picorv32.sdf:103862: TIMINGCHECK not supported.
SDF WARNING: picorv32.sdf:103879: TIMINGCHECK not supported.
SDF WARNING: picorv32.sdf:103896: TIMINGCHECK not supported.
SDF WARNING: picorv32.sdf:103913: TIMINGCHECK not supported.
SDF WARNING: picorv32.sdf:103930: TIMINGCHECK not supported.
SDF WARNING: picorv32.sdf:103947: TIMINGCHECK not supported.
SDF WARNING: picorv32.sdf:103964: TIMINGCHECK not supported.
SDF WARNING: picorv32.sdf:103981: TIMINGCHECK not supported.
SDF WARNING: picorv32.sdf:103998: TIMINGCHECK not supported.
SDF WARNING: picorv32.sdf:104015: TIMINGCHECK not supported.
SDF WARNING: picorv32.sdf:104032: TIMINGCHECK not supported.
SDF WARNING: picorv32.sdf:104049: TIMINGCHECK not supported.
SDF WARNING: picorv32.sdf:104066: TIMINGCHECK not supported.
SDF WARNING: picorv32.sdf:104083: TIMINGCHECK not supported.
SDF WARNING: picorv32.sdf:104100: TIMINGCHECK not supported.
SDF WARNING: picorv32.sdf:104117: TIMINGCHECK not supported.
SDF WARNING: picorv32.sdf:104134: TIMINGCHECK not supported.
SDF WARNING: picorv32.sdf:104151: TIMINGCHECK not supported.
SDF WARNING: picorv32.sdf:104168: TIMINGCHECK not supported.
SDF WARNING: picorv32.sdf:104185: TIMINGCHECK not supported.
SDF WARNING: picorv32.sdf:104202: TIMINGCHECK not supported.
SDF WARNING: picorv32.sdf:104219: TIMINGCHECK not supported.
SDF WARNING: picorv32.sdf:104236: TIMINGCHECK not supported.
SDF WARNING: picorv32.sdf:104253: TIMINGCHECK not supported.
SDF WARNING: picorv32.sdf:104270: TIMINGCHECK not supported.
SDF WARNING: picorv32.sdf:104287: TIMINGCHECK not supported.
SDF WARNING: picorv32.sdf:104304: TIMINGCHECK not supported.
SDF WARNING: picorv32.sdf:104321: TIMINGCHECK not supported.
SDF WARNING: picorv32.sdf:104338: TIMINGCHECK not supported.
SDF WARNING: picorv32.sdf:104355: TIMINGCHECK not supported.
SDF WARNING: picorv32.sdf:104372: TIMINGCHECK not supported.
SDF WARNING: picorv32.sdf:104389: TIMINGCHECK not supported.
SDF WARNING: picorv32.sdf:104406: TIMINGCHECK not supported.
SDF WARNING: picorv32.sdf:104423: TIMINGCHECK not supported.
SDF WARNING: picorv32.sdf:104440: TIMINGCHECK not supported.
SDF WARNING: picorv32.sdf:104457: TIMINGCHECK not supported.
SDF WARNING: picorv32.sdf:104474: TIMINGCHECK not supported.
SDF WARNING: picorv32.sdf:104491: TIMINGCHECK not supported.
SDF WARNING: picorv32.sdf:104508: TIMINGCHECK not supported.
SDF WARNING: picorv32.sdf:104525: TIMINGCHECK not supported.
SDF WARNING: picorv32.sdf:104542: TIMINGCHECK not supported.
SDF WARNING: picorv32.sdf:104559: TIMINGCHECK not supported.
SDF WARNING: picorv32.sdf:104576: TIMINGCHECK not supported.
SDF WARNING: picorv32.sdf:104593: TIMINGCHECK not supported.
SDF WARNING: picorv32.sdf:104610: TIMINGCHECK not supported.
SDF WARNING: picorv32.sdf:104627: TIMINGCHECK not supported.
SDF WARNING: picorv32.sdf:104644: TIMINGCHECK not supported.
SDF WARNING: picorv32.sdf:104661: TIMINGCHECK not supported.
SDF WARNING: picorv32.sdf:104678: TIMINGCHECK not supported.
SDF WARNING: picorv32.sdf:104695: TIMINGCHECK not supported.
SDF WARNING: picorv32.sdf:104712: TIMINGCHECK not supported.
SDF WARNING: picorv32.sdf:104729: TIMINGCHECK not supported.
SDF WARNING: picorv32.sdf:104746: TIMINGCHECK not supported.
SDF WARNING: picorv32.sdf:104763: TIMINGCHECK not supported.
SDF WARNING: picorv32.sdf:104780: TIMINGCHECK not supported.
SDF WARNING: picorv32.sdf:104797: TIMINGCHECK not supported.
SDF WARNING: picorv32.sdf:104814: TIMINGCHECK not supported.
SDF WARNING: picorv32.sdf:104831: TIMINGCHECK not supported.
SDF WARNING: picorv32.sdf:104848: TIMINGCHECK not supported.
SDF WARNING: picorv32.sdf:104865: TIMINGCHECK not supported.
SDF WARNING: picorv32.sdf:104882: TIMINGCHECK not supported.
SDF WARNING: picorv32.sdf:104899: TIMINGCHECK not supported.
SDF WARNING: picorv32.sdf:104916: TIMINGCHECK not supported.
SDF WARNING: picorv32.sdf:104933: TIMINGCHECK not supported.
SDF WARNING: picorv32.sdf:104950: TIMINGCHECK not supported.
SDF WARNING: picorv32.sdf:104967: TIMINGCHECK not supported.
SDF WARNING: picorv32.sdf:104984: TIMINGCHECK not supported.
SDF WARNING: picorv32.sdf:105001: TIMINGCHECK not supported.
SDF WARNING: picorv32.sdf:105018: TIMINGCHECK not supported.
SDF WARNING: picorv32.sdf:105035: TIMINGCHECK not supported.
SDF WARNING: picorv32.sdf:105052: TIMINGCHECK not supported.
SDF WARNING: picorv32.sdf:105069: TIMINGCHECK not supported.
SDF WARNING: picorv32.sdf:105086: TIMINGCHECK not supported.
SDF WARNING: picorv32.sdf:105103: TIMINGCHECK not supported.
SDF WARNING: picorv32.sdf:105120: TIMINGCHECK not supported.
SDF WARNING: picorv32.sdf:105137: TIMINGCHECK not supported.
SDF WARNING: picorv32.sdf:105154: TIMINGCHECK not supported.
SDF WARNING: picorv32.sdf:105171: TIMINGCHECK not supported.
SDF WARNING: picorv32.sdf:105188: TIMINGCHECK not supported.
SDF WARNING: picorv32.sdf:105205: TIMINGCHECK not supported.
SDF WARNING: picorv32.sdf:105222: TIMINGCHECK not supported.
SDF WARNING: picorv32.sdf:105239: TIMINGCHECK not supported.
SDF WARNING: picorv32.sdf:105256: TIMINGCHECK not supported.
SDF WARNING: picorv32.sdf:105273: TIMINGCHECK not supported.
SDF WARNING: picorv32.sdf:105290: TIMINGCHECK not supported.
SDF WARNING: picorv32.sdf:105307: TIMINGCHECK not supported.
SDF WARNING: picorv32.sdf:105324: TIMINGCHECK not supported.
SDF WARNING: picorv32.sdf:105341: TIMINGCHECK not supported.
SDF WARNING: picorv32.sdf:105358: TIMINGCHECK not supported.
SDF WARNING: picorv32.sdf:105375: TIMINGCHECK not supported.
SDF WARNING: picorv32.sdf:105392: TIMINGCHECK not supported.
SDF WARNING: picorv32.sdf:105409: TIMINGCHECK not supported.
SDF WARNING: picorv32.sdf:105426: TIMINGCHECK not supported.
SDF WARNING: picorv32.sdf:105443: TIMINGCHECK not supported.
SDF WARNING: picorv32.sdf:105460: TIMINGCHECK not supported.
SDF WARNING: picorv32.sdf:105477: TIMINGCHECK not supported.
SDF WARNING: picorv32.sdf:105494: TIMINGCHECK not supported.
SDF WARNING: picorv32.sdf:105511: TIMINGCHECK not supported.
SDF WARNING: picorv32.sdf:105528: TIMINGCHECK not supported.
SDF WARNING: picorv32.sdf:105545: TIMINGCHECK not supported.
SDF WARNING: picorv32.sdf:105562: TIMINGCHECK not supported.
SDF WARNING: picorv32.sdf:105579: TIMINGCHECK not supported.
SDF WARNING: picorv32.sdf:105596: TIMINGCHECK not supported.
SDF WARNING: picorv32.sdf:105613: TIMINGCHECK not supported.
SDF WARNING: picorv32.sdf:105630: TIMINGCHECK not supported.
SDF WARNING: picorv32.sdf:105647: TIMINGCHECK not supported.
SDF WARNING: picorv32.sdf:105664: TIMINGCHECK not supported.
SDF WARNING: picorv32.sdf:105681: TIMINGCHECK not supported.
SDF WARNING: picorv32.sdf:105698: TIMINGCHECK not supported.
SDF WARNING: picorv32.sdf:105715: TIMINGCHECK not supported.
SDF WARNING: picorv32.sdf:105732: TIMINGCHECK not supported.
SDF WARNING: picorv32.sdf:105749: TIMINGCHECK not supported.
SDF WARNING: picorv32.sdf:105766: TIMINGCHECK not supported.
SDF WARNING: picorv32.sdf:105783: TIMINGCHECK not supported.
SDF WARNING: picorv32.sdf:105800: TIMINGCHECK not supported.
SDF WARNING: picorv32.sdf:105817: TIMINGCHECK not supported.
SDF WARNING: picorv32.sdf:105834: TIMINGCHECK not supported.
SDF WARNING: picorv32.sdf:105851: TIMINGCHECK not supported.
SDF WARNING: picorv32.sdf:105868: TIMINGCHECK not supported.
SDF WARNING: picorv32.sdf:105885: TIMINGCHECK not supported.
SDF WARNING: picorv32.sdf:105902: TIMINGCHECK not supported.
SDF WARNING: picorv32.sdf:105919: TIMINGCHECK not supported.
SDF WARNING: picorv32.sdf:105936: TIMINGCHECK not supported.
SDF WARNING: picorv32.sdf:105953: TIMINGCHECK not supported.
SDF WARNING: picorv32.sdf:105970: TIMINGCHECK not supported.
SDF WARNING: picorv32.sdf:105987: TIMINGCHECK not supported.
SDF WARNING: picorv32.sdf:106004: TIMINGCHECK not supported.
SDF WARNING: picorv32.sdf:106021: TIMINGCHECK not supported.
SDF WARNING: picorv32.sdf:106038: TIMINGCHECK not supported.
SDF WARNING: picorv32.sdf:106055: TIMINGCHECK not supported.
SDF WARNING: picorv32.sdf:106072: TIMINGCHECK not supported.
SDF WARNING: picorv32.sdf:106089: TIMINGCHECK not supported.
SDF WARNING: picorv32.sdf:106106: TIMINGCHECK not supported.
SDF WARNING: picorv32.sdf:106123: TIMINGCHECK not supported.
SDF WARNING: picorv32.sdf:106140: TIMINGCHECK not supported.
SDF WARNING: picorv32.sdf:106157: TIMINGCHECK not supported.
SDF WARNING: picorv32.sdf:106174: TIMINGCHECK not supported.
SDF WARNING: picorv32.sdf:106191: TIMINGCHECK not supported.
SDF WARNING: picorv32.sdf:106208: TIMINGCHECK not supported.
SDF WARNING: picorv32.sdf:106225: TIMINGCHECK not supported.
SDF WARNING: picorv32.sdf:106242: TIMINGCHECK not supported.
SDF WARNING: picorv32.sdf:106259: TIMINGCHECK not supported.
SDF WARNING: picorv32.sdf:106276: TIMINGCHECK not supported.
SDF WARNING: picorv32.sdf:106293: TIMINGCHECK not supported.
SDF WARNING: picorv32.sdf:106310: TIMINGCHECK not supported.
SDF WARNING: picorv32.sdf:106327: TIMINGCHECK not supported.
SDF WARNING: picorv32.sdf:106344: TIMINGCHECK not supported.
SDF WARNING: picorv32.sdf:106361: TIMINGCHECK not supported.
SDF WARNING: picorv32.sdf:106378: TIMINGCHECK not supported.
SDF WARNING: picorv32.sdf:106395: TIMINGCHECK not supported.
SDF WARNING: picorv32.sdf:106412: TIMINGCHECK not supported.
SDF WARNING: picorv32.sdf:106429: TIMINGCHECK not supported.
SDF WARNING: picorv32.sdf:106446: TIMINGCHECK not supported.
SDF WARNING: picorv32.sdf:106463: TIMINGCHECK not supported.
SDF WARNING: picorv32.sdf:106480: TIMINGCHECK not supported.
SDF WARNING: picorv32.sdf:106497: TIMINGCHECK not supported.
SDF WARNING: picorv32.sdf:106514: TIMINGCHECK not supported.
SDF WARNING: picorv32.sdf:106531: TIMINGCHECK not supported.
SDF WARNING: picorv32.sdf:106548: TIMINGCHECK not supported.
SDF WARNING: picorv32.sdf:106565: TIMINGCHECK not supported.
SDF WARNING: picorv32.sdf:106582: TIMINGCHECK not supported.
SDF WARNING: picorv32.sdf:106599: TIMINGCHECK not supported.
SDF WARNING: picorv32.sdf:106616: TIMINGCHECK not supported.
SDF WARNING: picorv32.sdf:106633: TIMINGCHECK not supported.
SDF WARNING: picorv32.sdf:106650: TIMINGCHECK not supported.
SDF WARNING: picorv32.sdf:106667: TIMINGCHECK not supported.
SDF WARNING: picorv32.sdf:106684: TIMINGCHECK not supported.
SDF WARNING: picorv32.sdf:106701: TIMINGCHECK not supported.
SDF WARNING: picorv32.sdf:106718: TIMINGCHECK not supported.
SDF WARNING: picorv32.sdf:106735: TIMINGCHECK not supported.
SDF WARNING: picorv32.sdf:106752: TIMINGCHECK not supported.
SDF WARNING: picorv32.sdf:106769: TIMINGCHECK not supported.
SDF WARNING: picorv32.sdf:106786: TIMINGCHECK not supported.
SDF WARNING: picorv32.sdf:106803: TIMINGCHECK not supported.
SDF WARNING: picorv32.sdf:106820: TIMINGCHECK not supported.
SDF WARNING: picorv32.sdf:106837: TIMINGCHECK not supported.
SDF WARNING: picorv32.sdf:106854: TIMINGCHECK not supported.
SDF WARNING: picorv32.sdf:106871: TIMINGCHECK not supported.
SDF WARNING: picorv32.sdf:106888: TIMINGCHECK not supported.
SDF WARNING: picorv32.sdf:106905: TIMINGCHECK not supported.
SDF WARNING: picorv32.sdf:106922: TIMINGCHECK not supported.
SDF WARNING: picorv32.sdf:106939: TIMINGCHECK not supported.
SDF WARNING: picorv32.sdf:106956: TIMINGCHECK not supported.
SDF WARNING: picorv32.sdf:106973: TIMINGCHECK not supported.
SDF WARNING: picorv32.sdf:106990: TIMINGCHECK not supported.
SDF WARNING: picorv32.sdf:107007: TIMINGCHECK not supported.
SDF WARNING: picorv32.sdf:107024: TIMINGCHECK not supported.
SDF WARNING: picorv32.sdf:107041: TIMINGCHECK not supported.
SDF WARNING: picorv32.sdf:107058: TIMINGCHECK not supported.
SDF WARNING: picorv32.sdf:107075: TIMINGCHECK not supported.
SDF WARNING: picorv32.sdf:107092: TIMINGCHECK not supported.
SDF WARNING: picorv32.sdf:107109: TIMINGCHECK not supported.
SDF WARNING: picorv32.sdf:107126: TIMINGCHECK not supported.
SDF WARNING: picorv32.sdf:107143: TIMINGCHECK not supported.
SDF WARNING: picorv32.sdf:107160: TIMINGCHECK not supported.
SDF WARNING: picorv32.sdf:107177: TIMINGCHECK not supported.
SDF WARNING: picorv32.sdf:107194: TIMINGCHECK not supported.
SDF WARNING: picorv32.sdf:107211: TIMINGCHECK not supported.
SDF WARNING: picorv32.sdf:107228: TIMINGCHECK not supported.
SDF WARNING: picorv32.sdf:107245: TIMINGCHECK not supported.
SDF WARNING: picorv32.sdf:107262: TIMINGCHECK not supported.
SDF WARNING: picorv32.sdf:107279: TIMINGCHECK not supported.
SDF WARNING: picorv32.sdf:107296: TIMINGCHECK not supported.
SDF WARNING: picorv32.sdf:107313: TIMINGCHECK not supported.
SDF WARNING: picorv32.sdf:107330: TIMINGCHECK not supported.
SDF WARNING: picorv32.sdf:107347: TIMINGCHECK not supported.
SDF WARNING: picorv32.sdf:107364: TIMINGCHECK not supported.
SDF WARNING: picorv32.sdf:107381: TIMINGCHECK not supported.
SDF WARNING: picorv32.sdf:107398: TIMINGCHECK not supported.
SDF WARNING: picorv32.sdf:107415: TIMINGCHECK not supported.
SDF WARNING: picorv32.sdf:107432: TIMINGCHECK not supported.
SDF WARNING: picorv32.sdf:107449: TIMINGCHECK not supported.
SDF WARNING: picorv32.sdf:107466: TIMINGCHECK not supported.
SDF WARNING: picorv32.sdf:107483: TIMINGCHECK not supported.
SDF WARNING: picorv32.sdf:107500: TIMINGCHECK not supported.
SDF WARNING: picorv32.sdf:107517: TIMINGCHECK not supported.
SDF WARNING: picorv32.sdf:107534: TIMINGCHECK not supported.
SDF WARNING: picorv32.sdf:107551: TIMINGCHECK not supported.
SDF WARNING: picorv32.sdf:107568: TIMINGCHECK not supported.
SDF WARNING: picorv32.sdf:107585: TIMINGCHECK not supported.
SDF WARNING: picorv32.sdf:107602: TIMINGCHECK not supported.
SDF WARNING: picorv32.sdf:107619: TIMINGCHECK not supported.
SDF WARNING: picorv32.sdf:107636: TIMINGCHECK not supported.
SDF WARNING: picorv32.sdf:107653: TIMINGCHECK not supported.
SDF WARNING: picorv32.sdf:107670: TIMINGCHECK not supported.
SDF WARNING: picorv32.sdf:107687: TIMINGCHECK not supported.
SDF WARNING: picorv32.sdf:107704: TIMINGCHECK not supported.
SDF WARNING: picorv32.sdf:107721: TIMINGCHECK not supported.
SDF WARNING: picorv32.sdf:107738: TIMINGCHECK not supported.
SDF WARNING: picorv32.sdf:107755: TIMINGCHECK not supported.
SDF WARNING: picorv32.sdf:107772: TIMINGCHECK not supported.
SDF WARNING: picorv32.sdf:107789: TIMINGCHECK not supported.
SDF WARNING: picorv32.sdf:107806: TIMINGCHECK not supported.
SDF WARNING: picorv32.sdf:107823: TIMINGCHECK not supported.
SDF WARNING: picorv32.sdf:107840: TIMINGCHECK not supported.
SDF WARNING: picorv32.sdf:107857: TIMINGCHECK not supported.
SDF WARNING: picorv32.sdf:107874: TIMINGCHECK not supported.
SDF WARNING: picorv32.sdf:107891: TIMINGCHECK not supported.
SDF WARNING: picorv32.sdf:107908: TIMINGCHECK not supported.
SDF WARNING: picorv32.sdf:107925: TIMINGCHECK not supported.
SDF WARNING: picorv32.sdf:107942: TIMINGCHECK not supported.
SDF WARNING: picorv32.sdf:107959: TIMINGCHECK not supported.
SDF WARNING: picorv32.sdf:107976: TIMINGCHECK not supported.
SDF WARNING: picorv32.sdf:107993: TIMINGCHECK not supported.
SDF WARNING: picorv32.sdf:108010: TIMINGCHECK not supported.
SDF WARNING: picorv32.sdf:108027: TIMINGCHECK not supported.
SDF WARNING: picorv32.sdf:108044: TIMINGCHECK not supported.
SDF WARNING: picorv32.sdf:108061: TIMINGCHECK not supported.
SDF WARNING: picorv32.sdf:108078: TIMINGCHECK not supported.
SDF WARNING: picorv32.sdf:108095: TIMINGCHECK not supported.
SDF WARNING: picorv32.sdf:108112: TIMINGCHECK not supported.
SDF WARNING: picorv32.sdf:108129: TIMINGCHECK not supported.
SDF WARNING: picorv32.sdf:108146: TIMINGCHECK not supported.
SDF WARNING: picorv32.sdf:108163: TIMINGCHECK not supported.
SDF WARNING: picorv32.sdf:108180: TIMINGCHECK not supported.
SDF WARNING: picorv32.sdf:108197: TIMINGCHECK not supported.
SDF WARNING: picorv32.sdf:108214: TIMINGCHECK not supported.
SDF WARNING: picorv32.sdf:108231: TIMINGCHECK not supported.
SDF WARNING: picorv32.sdf:108248: TIMINGCHECK not supported.
SDF WARNING: picorv32.sdf:108265: TIMINGCHECK not supported.
SDF WARNING: picorv32.sdf:108282: TIMINGCHECK not supported.
SDF WARNING: picorv32.sdf:108299: TIMINGCHECK not supported.
SDF WARNING: picorv32.sdf:108316: TIMINGCHECK not supported.
SDF WARNING: picorv32.sdf:108333: TIMINGCHECK not supported.
SDF WARNING: picorv32.sdf:108350: TIMINGCHECK not supported.
SDF WARNING: picorv32.sdf:108367: TIMINGCHECK not supported.
SDF WARNING: picorv32.sdf:108384: TIMINGCHECK not supported.
SDF WARNING: picorv32.sdf:108401: TIMINGCHECK not supported.
SDF WARNING: picorv32.sdf:108418: TIMINGCHECK not supported.
SDF WARNING: picorv32.sdf:108435: TIMINGCHECK not supported.
SDF WARNING: picorv32.sdf:108452: TIMINGCHECK not supported.
SDF WARNING: picorv32.sdf:108469: TIMINGCHECK not supported.
SDF WARNING: picorv32.sdf:108486: TIMINGCHECK not supported.
SDF WARNING: picorv32.sdf:108503: TIMINGCHECK not supported.
SDF WARNING: picorv32.sdf:108520: TIMINGCHECK not supported.
SDF WARNING: picorv32.sdf:108537: TIMINGCHECK not supported.
SDF WARNING: picorv32.sdf:108554: TIMINGCHECK not supported.
SDF WARNING: picorv32.sdf:108571: TIMINGCHECK not supported.
SDF WARNING: picorv32.sdf:108588: TIMINGCHECK not supported.
SDF WARNING: picorv32.sdf:108605: TIMINGCHECK not supported.
SDF WARNING: picorv32.sdf:108622: TIMINGCHECK not supported.
SDF WARNING: picorv32.sdf:108639: TIMINGCHECK not supported.
SDF WARNING: picorv32.sdf:108656: TIMINGCHECK not supported.
SDF WARNING: picorv32.sdf:108673: TIMINGCHECK not supported.
SDF WARNING: picorv32.sdf:108690: TIMINGCHECK not supported.
SDF WARNING: picorv32.sdf:108707: TIMINGCHECK not supported.
SDF WARNING: picorv32.sdf:108724: TIMINGCHECK not supported.
SDF WARNING: picorv32.sdf:108741: TIMINGCHECK not supported.
SDF WARNING: picorv32.sdf:108758: TIMINGCHECK not supported.
SDF WARNING: picorv32.sdf:108775: TIMINGCHECK not supported.
SDF WARNING: picorv32.sdf:108792: TIMINGCHECK not supported.
SDF WARNING: picorv32.sdf:108809: TIMINGCHECK not supported.
SDF WARNING: picorv32.sdf:108826: TIMINGCHECK not supported.
SDF WARNING: picorv32.sdf:108843: TIMINGCHECK not supported.
SDF WARNING: picorv32.sdf:108860: TIMINGCHECK not supported.
SDF WARNING: picorv32.sdf:108877: TIMINGCHECK not supported.
SDF WARNING: picorv32.sdf:108894: TIMINGCHECK not supported.
SDF WARNING: picorv32.sdf:108911: TIMINGCHECK not supported.
SDF WARNING: picorv32.sdf:108928: TIMINGCHECK not supported.
SDF WARNING: picorv32.sdf:108945: TIMINGCHECK not supported.
SDF WARNING: picorv32.sdf:108962: TIMINGCHECK not supported.
SDF WARNING: picorv32.sdf:108979: TIMINGCHECK not supported.
SDF WARNING: picorv32.sdf:108996: TIMINGCHECK not supported.
SDF WARNING: picorv32.sdf:109013: TIMINGCHECK not supported.
SDF WARNING: picorv32.sdf:109030: TIMINGCHECK not supported.
SDF WARNING: picorv32.sdf:109047: TIMINGCHECK not supported.
SDF WARNING: picorv32.sdf:109064: TIMINGCHECK not supported.
SDF WARNING: picorv32.sdf:109081: TIMINGCHECK not supported.
SDF WARNING: picorv32.sdf:109098: TIMINGCHECK not supported.
SDF WARNING: picorv32.sdf:109115: TIMINGCHECK not supported.
SDF WARNING: picorv32.sdf:109132: TIMINGCHECK not supported.
SDF WARNING: picorv32.sdf:109149: TIMINGCHECK not supported.
SDF WARNING: picorv32.sdf:109166: TIMINGCHECK not supported.
SDF WARNING: picorv32.sdf:109183: TIMINGCHECK not supported.
SDF WARNING: picorv32.sdf:109200: TIMINGCHECK not supported.
SDF WARNING: picorv32.sdf:109217: TIMINGCHECK not supported.
SDF WARNING: picorv32.sdf:109234: TIMINGCHECK not supported.
SDF WARNING: picorv32.sdf:109251: TIMINGCHECK not supported.
SDF WARNING: picorv32.sdf:109268: TIMINGCHECK not supported.
SDF WARNING: picorv32.sdf:109285: TIMINGCHECK not supported.
SDF WARNING: picorv32.sdf:109302: TIMINGCHECK not supported.
SDF WARNING: picorv32.sdf:109319: TIMINGCHECK not supported.
SDF WARNING: picorv32.sdf:109336: TIMINGCHECK not supported.
SDF WARNING: picorv32.sdf:109353: TIMINGCHECK not supported.
SDF WARNING: picorv32.sdf:109370: TIMINGCHECK not supported.
SDF WARNING: picorv32.sdf:109387: TIMINGCHECK not supported.
SDF WARNING: picorv32.sdf:109404: TIMINGCHECK not supported.
SDF WARNING: picorv32.sdf:109421: TIMINGCHECK not supported.
SDF WARNING: picorv32.sdf:109438: TIMINGCHECK not supported.
SDF WARNING: picorv32.sdf:109455: TIMINGCHECK not supported.
SDF WARNING: picorv32.sdf:109472: TIMINGCHECK not supported.
SDF WARNING: picorv32.sdf:109489: TIMINGCHECK not supported.
SDF WARNING: picorv32.sdf:109506: TIMINGCHECK not supported.
SDF WARNING: picorv32.sdf:109523: TIMINGCHECK not supported.
SDF WARNING: picorv32.sdf:109540: TIMINGCHECK not supported.
SDF WARNING: picorv32.sdf:109557: TIMINGCHECK not supported.
SDF WARNING: picorv32.sdf:109574: TIMINGCHECK not supported.
SDF WARNING: picorv32.sdf:109591: TIMINGCHECK not supported.
SDF WARNING: picorv32.sdf:109608: TIMINGCHECK not supported.
SDF WARNING: picorv32.sdf:109625: TIMINGCHECK not supported.
SDF WARNING: picorv32.sdf:109642: TIMINGCHECK not supported.
SDF WARNING: picorv32.sdf:109659: TIMINGCHECK not supported.
SDF WARNING: picorv32.sdf:109676: TIMINGCHECK not supported.
SDF WARNING: picorv32.sdf:109693: TIMINGCHECK not supported.
SDF WARNING: picorv32.sdf:109710: TIMINGCHECK not supported.
SDF WARNING: picorv32.sdf:109727: TIMINGCHECK not supported.
SDF WARNING: picorv32.sdf:109744: TIMINGCHECK not supported.
SDF WARNING: picorv32.sdf:109761: TIMINGCHECK not supported.
SDF WARNING: picorv32.sdf:109778: TIMINGCHECK not supported.
SDF WARNING: picorv32.sdf:109795: TIMINGCHECK not supported.
SDF WARNING: picorv32.sdf:109812: TIMINGCHECK not supported.
SDF WARNING: picorv32.sdf:109829: TIMINGCHECK not supported.
SDF WARNING: picorv32.sdf:109846: TIMINGCHECK not supported.
SDF WARNING: picorv32.sdf:109863: TIMINGCHECK not supported.
SDF WARNING: picorv32.sdf:109880: TIMINGCHECK not supported.
SDF WARNING: picorv32.sdf:109897: TIMINGCHECK not supported.
SDF WARNING: picorv32.sdf:109914: TIMINGCHECK not supported.
SDF WARNING: picorv32.sdf:109931: TIMINGCHECK not supported.
SDF WARNING: picorv32.sdf:109948: TIMINGCHECK not supported.
SDF WARNING: picorv32.sdf:109965: TIMINGCHECK not supported.
SDF WARNING: picorv32.sdf:109982: TIMINGCHECK not supported.
SDF WARNING: picorv32.sdf:109999: TIMINGCHECK not supported.
SDF WARNING: picorv32.sdf:110016: TIMINGCHECK not supported.
SDF WARNING: picorv32.sdf:110033: TIMINGCHECK not supported.
SDF WARNING: picorv32.sdf:110050: TIMINGCHECK not supported.
SDF WARNING: picorv32.sdf:110067: TIMINGCHECK not supported.
SDF WARNING: picorv32.sdf:110084: TIMINGCHECK not supported.
SDF WARNING: picorv32.sdf:110101: TIMINGCHECK not supported.
SDF WARNING: picorv32.sdf:110118: TIMINGCHECK not supported.
SDF WARNING: picorv32.sdf:110135: TIMINGCHECK not supported.
SDF WARNING: picorv32.sdf:110152: TIMINGCHECK not supported.
SDF WARNING: picorv32.sdf:110169: TIMINGCHECK not supported.
SDF WARNING: picorv32.sdf:110186: TIMINGCHECK not supported.
SDF WARNING: picorv32.sdf:110203: TIMINGCHECK not supported.
SDF WARNING: picorv32.sdf:110220: TIMINGCHECK not supported.
SDF WARNING: picorv32.sdf:110237: TIMINGCHECK not supported.
SDF WARNING: picorv32.sdf:110254: TIMINGCHECK not supported.
SDF WARNING: picorv32.sdf:110271: TIMINGCHECK not supported.
SDF WARNING: picorv32.sdf:110288: TIMINGCHECK not supported.
SDF WARNING: picorv32.sdf:110305: TIMINGCHECK not supported.
SDF WARNING: picorv32.sdf:110322: TIMINGCHECK not supported.
SDF WARNING: picorv32.sdf:110339: TIMINGCHECK not supported.
SDF WARNING: picorv32.sdf:110356: TIMINGCHECK not supported.
SDF WARNING: picorv32.sdf:110373: TIMINGCHECK not supported.
SDF WARNING: picorv32.sdf:110390: TIMINGCHECK not supported.
SDF WARNING: picorv32.sdf:110407: TIMINGCHECK not supported.
SDF WARNING: picorv32.sdf:110424: TIMINGCHECK not supported.
SDF WARNING: picorv32.sdf:110441: TIMINGCHECK not supported.
SDF WARNING: picorv32.sdf:110458: TIMINGCHECK not supported.
SDF WARNING: picorv32.sdf:110475: TIMINGCHECK not supported.
SDF WARNING: picorv32.sdf:110492: TIMINGCHECK not supported.
SDF WARNING: picorv32.sdf:110509: TIMINGCHECK not supported.
SDF WARNING: picorv32.sdf:110526: TIMINGCHECK not supported.
SDF WARNING: picorv32.sdf:110543: TIMINGCHECK not supported.
SDF WARNING: picorv32.sdf:110560: TIMINGCHECK not supported.
SDF WARNING: picorv32.sdf:110577: TIMINGCHECK not supported.
SDF WARNING: picorv32.sdf:110594: TIMINGCHECK not supported.
SDF WARNING: picorv32.sdf:110611: TIMINGCHECK not supported.
SDF WARNING: picorv32.sdf:110628: TIMINGCHECK not supported.
SDF WARNING: picorv32.sdf:110645: TIMINGCHECK not supported.
SDF WARNING: picorv32.sdf:110662: TIMINGCHECK not supported.
SDF WARNING: picorv32.sdf:110679: TIMINGCHECK not supported.
SDF WARNING: picorv32.sdf:110696: TIMINGCHECK not supported.
SDF WARNING: picorv32.sdf:110713: TIMINGCHECK not supported.
SDF WARNING: picorv32.sdf:110730: TIMINGCHECK not supported.
SDF WARNING: picorv32.sdf:110747: TIMINGCHECK not supported.
SDF WARNING: picorv32.sdf:110764: TIMINGCHECK not supported.
SDF WARNING: picorv32.sdf:110781: TIMINGCHECK not supported.
SDF WARNING: picorv32.sdf:110798: TIMINGCHECK not supported.
SDF WARNING: picorv32.sdf:110815: TIMINGCHECK not supported.
SDF WARNING: picorv32.sdf:110832: TIMINGCHECK not supported.
SDF WARNING: picorv32.sdf:110849: TIMINGCHECK not supported.
SDF WARNING: picorv32.sdf:110866: TIMINGCHECK not supported.
SDF WARNING: picorv32.sdf:110883: TIMINGCHECK not supported.
SDF WARNING: picorv32.sdf:110900: TIMINGCHECK not supported.
SDF WARNING: picorv32.sdf:110917: TIMINGCHECK not supported.
SDF WARNING: picorv32.sdf:110934: TIMINGCHECK not supported.
SDF WARNING: picorv32.sdf:110951: TIMINGCHECK not supported.
SDF WARNING: picorv32.sdf:110968: TIMINGCHECK not supported.
SDF WARNING: picorv32.sdf:110985: TIMINGCHECK not supported.
SDF WARNING: picorv32.sdf:111002: TIMINGCHECK not supported.
SDF WARNING: picorv32.sdf:111019: TIMINGCHECK not supported.
SDF WARNING: picorv32.sdf:111036: TIMINGCHECK not supported.
SDF WARNING: picorv32.sdf:111053: TIMINGCHECK not supported.
SDF WARNING: picorv32.sdf:111070: TIMINGCHECK not supported.
SDF WARNING: picorv32.sdf:111087: TIMINGCHECK not supported.
SDF WARNING: picorv32.sdf:111104: TIMINGCHECK not supported.
SDF WARNING: picorv32.sdf:111121: TIMINGCHECK not supported.
SDF WARNING: picorv32.sdf:111138: TIMINGCHECK not supported.
SDF WARNING: picorv32.sdf:111155: TIMINGCHECK not supported.
SDF WARNING: picorv32.sdf:111172: TIMINGCHECK not supported.
SDF WARNING: picorv32.sdf:111189: TIMINGCHECK not supported.
SDF WARNING: picorv32.sdf:111206: TIMINGCHECK not supported.
SDF WARNING: picorv32.sdf:111223: TIMINGCHECK not supported.
SDF WARNING: picorv32.sdf:111240: TIMINGCHECK not supported.
SDF WARNING: picorv32.sdf:111257: TIMINGCHECK not supported.
SDF WARNING: picorv32.sdf:111274: TIMINGCHECK not supported.
SDF WARNING: picorv32.sdf:111291: TIMINGCHECK not supported.
SDF WARNING: picorv32.sdf:111308: TIMINGCHECK not supported.
SDF WARNING: picorv32.sdf:111325: TIMINGCHECK not supported.
SDF WARNING: picorv32.sdf:111342: TIMINGCHECK not supported.
SDF WARNING: picorv32.sdf:111359: TIMINGCHECK not supported.
SDF WARNING: picorv32.sdf:111376: TIMINGCHECK not supported.
SDF WARNING: picorv32.sdf:111393: TIMINGCHECK not supported.
SDF WARNING: picorv32.sdf:111410: TIMINGCHECK not supported.
SDF WARNING: picorv32.sdf:111427: TIMINGCHECK not supported.
SDF WARNING: picorv32.sdf:111444: TIMINGCHECK not supported.
SDF WARNING: picorv32.sdf:111461: TIMINGCHECK not supported.
SDF WARNING: picorv32.sdf:111478: TIMINGCHECK not supported.
SDF WARNING: picorv32.sdf:111495: TIMINGCHECK not supported.
SDF WARNING: picorv32.sdf:111512: TIMINGCHECK not supported.
SDF WARNING: picorv32.sdf:111529: TIMINGCHECK not supported.
SDF WARNING: picorv32.sdf:111546: TIMINGCHECK not supported.
SDF WARNING: picorv32.sdf:111563: TIMINGCHECK not supported.
SDF WARNING: picorv32.sdf:111580: TIMINGCHECK not supported.
SDF WARNING: picorv32.sdf:111597: TIMINGCHECK not supported.
SDF WARNING: picorv32.sdf:111614: TIMINGCHECK not supported.
SDF WARNING: picorv32.sdf:111631: TIMINGCHECK not supported.
SDF WARNING: picorv32.sdf:111648: TIMINGCHECK not supported.
SDF WARNING: picorv32.sdf:111665: TIMINGCHECK not supported.
SDF WARNING: picorv32.sdf:111682: TIMINGCHECK not supported.
SDF WARNING: picorv32.sdf:111699: TIMINGCHECK not supported.
SDF WARNING: picorv32.sdf:111716: TIMINGCHECK not supported.
SDF WARNING: picorv32.sdf:111733: TIMINGCHECK not supported.
SDF WARNING: picorv32.sdf:111750: TIMINGCHECK not supported.
SDF WARNING: picorv32.sdf:111767: TIMINGCHECK not supported.
SDF WARNING: picorv32.sdf:111784: TIMINGCHECK not supported.
SDF WARNING: picorv32.sdf:111801: TIMINGCHECK not supported.
SDF WARNING: picorv32.sdf:111818: TIMINGCHECK not supported.
SDF WARNING: picorv32.sdf:111835: TIMINGCHECK not supported.
SDF WARNING: picorv32.sdf:111852: TIMINGCHECK not supported.
SDF WARNING: picorv32.sdf:111869: TIMINGCHECK not supported.
SDF WARNING: picorv32.sdf:111886: TIMINGCHECK not supported.
SDF WARNING: picorv32.sdf:111903: TIMINGCHECK not supported.
SDF WARNING: picorv32.sdf:111920: TIMINGCHECK not supported.
SDF WARNING: picorv32.sdf:111937: TIMINGCHECK not supported.
SDF WARNING: picorv32.sdf:111954: TIMINGCHECK not supported.
SDF WARNING: picorv32.sdf:111971: TIMINGCHECK not supported.
SDF WARNING: picorv32.sdf:111988: TIMINGCHECK not supported.
SDF WARNING: picorv32.sdf:112005: TIMINGCHECK not supported.
SDF WARNING: picorv32.sdf:112022: TIMINGCHECK not supported.
SDF WARNING: picorv32.sdf:112039: TIMINGCHECK not supported.
SDF WARNING: picorv32.sdf:112056: TIMINGCHECK not supported.
SDF WARNING: picorv32.sdf:112073: TIMINGCHECK not supported.
SDF WARNING: picorv32.sdf:112090: TIMINGCHECK not supported.
SDF WARNING: picorv32.sdf:112107: TIMINGCHECK not supported.
SDF WARNING: picorv32.sdf:112124: TIMINGCHECK not supported.
SDF WARNING: picorv32.sdf:112141: TIMINGCHECK not supported.
SDF WARNING: picorv32.sdf:112158: TIMINGCHECK not supported.
SDF WARNING: picorv32.sdf:112175: TIMINGCHECK not supported.
SDF WARNING: picorv32.sdf:112192: TIMINGCHECK not supported.
SDF WARNING: picorv32.sdf:112209: TIMINGCHECK not supported.
SDF WARNING: picorv32.sdf:112226: TIMINGCHECK not supported.
SDF WARNING: picorv32.sdf:112243: TIMINGCHECK not supported.
SDF WARNING: picorv32.sdf:112260: TIMINGCHECK not supported.
SDF WARNING: picorv32.sdf:112277: TIMINGCHECK not supported.
SDF WARNING: picorv32.sdf:112294: TIMINGCHECK not supported.
SDF WARNING: picorv32.sdf:112311: TIMINGCHECK not supported.
SDF WARNING: picorv32.sdf:112328: TIMINGCHECK not supported.
SDF WARNING: picorv32.sdf:112345: TIMINGCHECK not supported.
SDF WARNING: picorv32.sdf:112362: TIMINGCHECK not supported.
SDF WARNING: picorv32.sdf:112379: TIMINGCHECK not supported.
SDF WARNING: picorv32.sdf:112396: TIMINGCHECK not supported.
SDF WARNING: picorv32.sdf:112413: TIMINGCHECK not supported.
SDF WARNING: picorv32.sdf:112430: TIMINGCHECK not supported.
SDF WARNING: picorv32.sdf:112447: TIMINGCHECK not supported.
SDF WARNING: picorv32.sdf:112464: TIMINGCHECK not supported.
SDF WARNING: picorv32.sdf:112481: TIMINGCHECK not supported.
SDF WARNING: picorv32.sdf:112498: TIMINGCHECK not supported.
SDF WARNING: picorv32.sdf:112515: TIMINGCHECK not supported.
SDF WARNING: picorv32.sdf:112532: TIMINGCHECK not supported.
SDF WARNING: picorv32.sdf:112549: TIMINGCHECK not supported.
SDF WARNING: picorv32.sdf:112566: TIMINGCHECK not supported.
SDF WARNING: picorv32.sdf:112583: TIMINGCHECK not supported.
SDF WARNING: picorv32.sdf:112600: TIMINGCHECK not supported.
SDF WARNING: picorv32.sdf:112617: TIMINGCHECK not supported.
SDF WARNING: picorv32.sdf:112634: TIMINGCHECK not supported.
SDF WARNING: picorv32.sdf:112651: TIMINGCHECK not supported.
SDF WARNING: picorv32.sdf:112668: TIMINGCHECK not supported.
SDF WARNING: picorv32.sdf:112685: TIMINGCHECK not supported.
SDF WARNING: picorv32.sdf:112702: TIMINGCHECK not supported.
SDF WARNING: picorv32.sdf:112719: TIMINGCHECK not supported.
SDF WARNING: picorv32.sdf:112736: TIMINGCHECK not supported.
SDF WARNING: picorv32.sdf:112753: TIMINGCHECK not supported.
SDF WARNING: picorv32.sdf:112770: TIMINGCHECK not supported.
SDF WARNING: picorv32.sdf:112787: TIMINGCHECK not supported.
SDF WARNING: picorv32.sdf:112804: TIMINGCHECK not supported.
SDF WARNING: picorv32.sdf:112821: TIMINGCHECK not supported.
SDF WARNING: picorv32.sdf:112838: TIMINGCHECK not supported.
SDF WARNING: picorv32.sdf:112855: TIMINGCHECK not supported.
SDF WARNING: picorv32.sdf:112872: TIMINGCHECK not supported.
SDF WARNING: picorv32.sdf:112889: TIMINGCHECK not supported.
SDF WARNING: picorv32.sdf:112906: TIMINGCHECK not supported.
SDF WARNING: picorv32.sdf:112923: TIMINGCHECK not supported.
SDF WARNING: picorv32.sdf:112940: TIMINGCHECK not supported.
SDF WARNING: picorv32.sdf:112957: TIMINGCHECK not supported.
SDF WARNING: picorv32.sdf:112974: TIMINGCHECK not supported.
SDF WARNING: picorv32.sdf:112991: TIMINGCHECK not supported.
SDF WARNING: picorv32.sdf:113008: TIMINGCHECK not supported.
SDF WARNING: picorv32.sdf:113025: TIMINGCHECK not supported.
SDF WARNING: picorv32.sdf:113042: TIMINGCHECK not supported.
SDF WARNING: picorv32.sdf:113059: TIMINGCHECK not supported.
SDF WARNING: picorv32.sdf:113076: TIMINGCHECK not supported.
SDF WARNING: picorv32.sdf:113093: TIMINGCHECK not supported.
SDF WARNING: picorv32.sdf:113110: TIMINGCHECK not supported.
SDF WARNING: picorv32.sdf:113127: TIMINGCHECK not supported.
SDF WARNING: picorv32.sdf:113144: TIMINGCHECK not supported.
SDF WARNING: picorv32.sdf:113161: TIMINGCHECK not supported.
SDF WARNING: picorv32.sdf:113178: TIMINGCHECK not supported.
SDF WARNING: picorv32.sdf:113195: TIMINGCHECK not supported.
SDF WARNING: picorv32.sdf:113212: TIMINGCHECK not supported.
SDF WARNING: picorv32.sdf:113229: TIMINGCHECK not supported.
SDF WARNING: picorv32.sdf:113246: TIMINGCHECK not supported.
SDF WARNING: picorv32.sdf:113263: TIMINGCHECK not supported.
SDF WARNING: picorv32.sdf:113280: TIMINGCHECK not supported.
SDF WARNING: picorv32.sdf:113297: TIMINGCHECK not supported.
SDF WARNING: picorv32.sdf:113314: TIMINGCHECK not supported.
SDF WARNING: picorv32.sdf:113331: TIMINGCHECK not supported.
SDF WARNING: picorv32.sdf:113348: TIMINGCHECK not supported.
SDF WARNING: picorv32.sdf:113365: TIMINGCHECK not supported.
SDF WARNING: picorv32.sdf:113382: TIMINGCHECK not supported.
SDF WARNING: picorv32.sdf:113399: TIMINGCHECK not supported.
SDF WARNING: picorv32.sdf:113416: TIMINGCHECK not supported.
SDF WARNING: picorv32.sdf:113433: TIMINGCHECK not supported.
SDF WARNING: picorv32.sdf:113450: TIMINGCHECK not supported.
SDF WARNING: picorv32.sdf:113467: TIMINGCHECK not supported.
SDF WARNING: picorv32.sdf:113484: TIMINGCHECK not supported.
SDF WARNING: picorv32.sdf:113501: TIMINGCHECK not supported.
SDF WARNING: picorv32.sdf:113518: TIMINGCHECK not supported.
SDF WARNING: picorv32.sdf:113535: TIMINGCHECK not supported.
SDF WARNING: picorv32.sdf:113552: TIMINGCHECK not supported.
SDF WARNING: picorv32.sdf:113569: TIMINGCHECK not supported.
SDF WARNING: picorv32.sdf:113586: TIMINGCHECK not supported.
SDF WARNING: picorv32.sdf:113603: TIMINGCHECK not supported.
SDF WARNING: picorv32.sdf:113620: TIMINGCHECK not supported.
SDF WARNING: picorv32.sdf:113637: TIMINGCHECK not supported.
SDF WARNING: picorv32.sdf:113654: TIMINGCHECK not supported.
SDF WARNING: picorv32.sdf:113671: TIMINGCHECK not supported.
SDF WARNING: picorv32.sdf:113688: TIMINGCHECK not supported.
SDF WARNING: picorv32.sdf:113705: TIMINGCHECK not supported.
SDF WARNING: picorv32.sdf:113722: TIMINGCHECK not supported.
SDF WARNING: picorv32.sdf:113739: TIMINGCHECK not supported.
SDF WARNING: picorv32.sdf:113756: TIMINGCHECK not supported.
SDF WARNING: picorv32.sdf:113773: TIMINGCHECK not supported.
SDF WARNING: picorv32.sdf:113790: TIMINGCHECK not supported.
SDF WARNING: picorv32.sdf:113807: TIMINGCHECK not supported.
SDF WARNING: picorv32.sdf:113824: TIMINGCHECK not supported.
SDF WARNING: picorv32.sdf:113841: TIMINGCHECK not supported.
SDF WARNING: picorv32.sdf:113858: TIMINGCHECK not supported.
SDF WARNING: picorv32.sdf:113875: TIMINGCHECK not supported.
SDF WARNING: picorv32.sdf:113892: TIMINGCHECK not supported.
SDF WARNING: picorv32.sdf:113909: TIMINGCHECK not supported.
SDF WARNING: picorv32.sdf:113926: TIMINGCHECK not supported.
SDF WARNING: picorv32.sdf:113943: TIMINGCHECK not supported.
SDF WARNING: picorv32.sdf:113960: TIMINGCHECK not supported.
SDF WARNING: picorv32.sdf:113977: TIMINGCHECK not supported.
SDF WARNING: picorv32.sdf:113994: TIMINGCHECK not supported.
SDF WARNING: picorv32.sdf:114011: TIMINGCHECK not supported.
SDF WARNING: picorv32.sdf:114028: TIMINGCHECK not supported.
SDF WARNING: picorv32.sdf:114045: TIMINGCHECK not supported.
SDF WARNING: picorv32.sdf:114062: TIMINGCHECK not supported.
SDF WARNING: picorv32.sdf:114079: TIMINGCHECK not supported.
SDF WARNING: picorv32.sdf:114096: TIMINGCHECK not supported.
SDF WARNING: picorv32.sdf:114113: TIMINGCHECK not supported.
SDF WARNING: picorv32.sdf:114130: TIMINGCHECK not supported.
SDF WARNING: picorv32.sdf:114147: TIMINGCHECK not supported.
SDF WARNING: picorv32.sdf:114164: TIMINGCHECK not supported.
SDF WARNING: picorv32.sdf:114181: TIMINGCHECK not supported.
SDF WARNING: picorv32.sdf:114198: TIMINGCHECK not supported.
SDF WARNING: picorv32.sdf:114215: TIMINGCHECK not supported.
SDF WARNING: picorv32.sdf:114232: TIMINGCHECK not supported.
SDF WARNING: picorv32.sdf:114249: TIMINGCHECK not supported.
SDF WARNING: picorv32.sdf:114266: TIMINGCHECK not supported.
SDF WARNING: picorv32.sdf:114283: TIMINGCHECK not supported.
SDF WARNING: picorv32.sdf:114300: TIMINGCHECK not supported.
SDF WARNING: picorv32.sdf:114317: TIMINGCHECK not supported.
SDF WARNING: picorv32.sdf:114334: TIMINGCHECK not supported.
SDF WARNING: picorv32.sdf:114351: TIMINGCHECK not supported.
SDF WARNING: picorv32.sdf:114368: TIMINGCHECK not supported.
SDF WARNING: picorv32.sdf:114385: TIMINGCHECK not supported.
SDF WARNING: picorv32.sdf:114402: TIMINGCHECK not supported.
SDF WARNING: picorv32.sdf:114419: TIMINGCHECK not supported.
SDF WARNING: picorv32.sdf:114436: TIMINGCHECK not supported.
SDF WARNING: picorv32.sdf:114453: TIMINGCHECK not supported.
SDF WARNING: picorv32.sdf:114470: TIMINGCHECK not supported.
SDF WARNING: picorv32.sdf:114487: TIMINGCHECK not supported.
SDF WARNING: picorv32.sdf:114504: TIMINGCHECK not supported.
SDF WARNING: picorv32.sdf:114521: TIMINGCHECK not supported.
SDF WARNING: picorv32.sdf:114538: TIMINGCHECK not supported.
SDF WARNING: picorv32.sdf:114555: TIMINGCHECK not supported.
SDF WARNING: picorv32.sdf:114572: TIMINGCHECK not supported.
SDF WARNING: picorv32.sdf:114589: TIMINGCHECK not supported.
SDF WARNING: picorv32.sdf:114606: TIMINGCHECK not supported.
SDF WARNING: picorv32.sdf:114623: TIMINGCHECK not supported.
SDF WARNING: picorv32.sdf:114640: TIMINGCHECK not supported.
SDF WARNING: picorv32.sdf:114657: TIMINGCHECK not supported.
SDF WARNING: picorv32.sdf:114674: TIMINGCHECK not supported.
SDF WARNING: picorv32.sdf:114691: TIMINGCHECK not supported.
SDF WARNING: picorv32.sdf:114708: TIMINGCHECK not supported.
SDF WARNING: picorv32.sdf:114725: TIMINGCHECK not supported.
SDF WARNING: picorv32.sdf:114742: TIMINGCHECK not supported.
SDF WARNING: picorv32.sdf:114759: TIMINGCHECK not supported.
SDF WARNING: picorv32.sdf:114776: TIMINGCHECK not supported.
SDF WARNING: picorv32.sdf:114793: TIMINGCHECK not supported.
SDF WARNING: picorv32.sdf:114810: TIMINGCHECK not supported.
SDF WARNING: picorv32.sdf:114827: TIMINGCHECK not supported.
SDF WARNING: picorv32.sdf:114844: TIMINGCHECK not supported.
SDF WARNING: picorv32.sdf:114861: TIMINGCHECK not supported.
SDF WARNING: picorv32.sdf:114878: TIMINGCHECK not supported.
SDF WARNING: picorv32.sdf:114895: TIMINGCHECK not supported.
SDF WARNING: picorv32.sdf:114912: TIMINGCHECK not supported.
SDF WARNING: picorv32.sdf:114929: TIMINGCHECK not supported.
SDF WARNING: picorv32.sdf:114946: TIMINGCHECK not supported.
SDF WARNING: picorv32.sdf:114963: TIMINGCHECK not supported.
SDF WARNING: picorv32.sdf:114980: TIMINGCHECK not supported.
SDF WARNING: picorv32.sdf:114997: TIMINGCHECK not supported.
SDF WARNING: picorv32.sdf:115014: TIMINGCHECK not supported.
SDF WARNING: picorv32.sdf:115031: TIMINGCHECK not supported.
SDF WARNING: picorv32.sdf:115048: TIMINGCHECK not supported.
SDF WARNING: picorv32.sdf:115065: TIMINGCHECK not supported.
RESULT 55
VERDICT PASS
<pkg>/sim/tb_picorv32_golden.v:79: $finish called at 1117875 (1ps)
