Netgen 1.5.316 compiled on Tue Feb 10 11:09:08 UTC 2026
Warning: netgen command 'format' use fully-qualified name '::netgen::format'
Warning: netgen command 'global' use fully-qualified name '::netgen::global'
Call to undefined subcircuit sky130_fd_pr__nfet_01v8
Creating placeholder cell definition.
Call to undefined subcircuit sky130_fd_pr__pfet_01v8_hvt
Creating placeholder cell definition.
Call to undefined subcircuit sky130_fd_pr__special_nfet_01v8
Creating placeholder cell definition.
Call to undefined subcircuit sky130_fd_pr__pfet_01v8_hvt
Creating placeholder cell definition.
Call to undefined subcircuit sky130_fd_pr__nfet_01v8
Creating placeholder cell definition.
Call to undefined subcircuit sky130_fd_pr__special_nfet_01v8
Creating placeholder cell definition.
Call to undefined subcircuit sky130_fd_pr__special_pfet_01v8_hvt
Creating placeholder cell definition.
Call to undefined subcircuit sky130_fd_sc_hd__nand2_2
Creating placeholder cell definition.
Call to undefined subcircuit sky130_fd_sc_hd__nor2_2
Creating placeholder cell definition.
Warning:  A case-insensitive file has been read and so the	verilog file must be treated case-insensitive to match.
Note:  Implicit pin HI in instance TIE_LTIELO_105 of sky130_fd_sc_hd__conb_1 in cell picorv32
Note:  Implicit pin HI in instance TIE_LTIELO_104 of sky130_fd_sc_hd__conb_1 in cell picorv32
Note:  Implicit pin HI in instance TIE_LTIELO_103 of sky130_fd_sc_hd__conb_1 in cell picorv32
Note:  Implicit pin HI in instance TIE_LTIELO_102 of sky130_fd_sc_hd__conb_1 in cell picorv32
Note:  Implicit pin HI in instance TIE_LTIELO_101 of sky130_fd_sc_hd__conb_1 in cell picorv32
Note:  Implicit pin HI in instance TIE_LTIELO_100 of sky130_fd_sc_hd__conb_1 in cell picorv32
Note:  Implicit pin HI in instance TIE_LTIELO_99 of sky130_fd_sc_hd__conb_1 in cell picorv32
Note:  Implicit pin HI in instance TIE_LTIELO_98 of sky130_fd_sc_hd__conb_1 in cell picorv32
Note:  Implicit pin HI in instance TIE_LTIELO_97 of sky130_fd_sc_hd__conb_1 in cell picorv32
Note:  Implicit pin HI in instance TIE_LTIELO_96 of sky130_fd_sc_hd__conb_1 in cell picorv32
Note:  Implicit pin HI in instance TIE_LTIELO_95 of sky130_fd_sc_hd__conb_1 in cell picorv32
Note:  Implicit pin HI in instance TIE_LTIELO_94 of sky130_fd_sc_hd__conb_1 in cell picorv32
Note:  Implicit pin HI in instance TIE_LTIELO_93 of sky130_fd_sc_hd__conb_1 in cell picorv32
Note:  Implicit pin HI in instance TIE_LTIELO_92 of sky130_fd_sc_hd__conb_1 in cell picorv32
Note:  Implicit pin HI in instance TIE_LTIELO_91 of sky130_fd_sc_hd__conb_1 in cell picorv32
Note:  Implicit pin HI in instance TIE_LTIELO_90 of sky130_fd_sc_hd__conb_1 in cell picorv32
Note:  Implicit pin HI in instance TIE_LTIELO_89 of sky130_fd_sc_hd__conb_1 in cell picorv32
Note:  Implicit pin HI in instance TIE_LTIELO_88 of sky130_fd_sc_hd__conb_1 in cell picorv32
Note:  Implicit pin HI in instance TIE_LTIELO_87 of sky130_fd_sc_hd__conb_1 in cell picorv32
Note:  Implicit pin HI in instance TIE_LTIELO_86 of sky130_fd_sc_hd__conb_1 in cell picorv32
Note:  Implicit pin HI in instance TIE_LTIELO_85 of sky130_fd_sc_hd__conb_1 in cell picorv32
Note:  Implicit pin HI in instance TIE_LTIELO_84 of sky130_fd_sc_hd__conb_1 in cell picorv32
Note:  Implicit pin HI in instance TIE_LTIELO_83 of sky130_fd_sc_hd__conb_1 in cell picorv32
Note:  Implicit pin HI in instance TIE_LTIELO_82 of sky130_fd_sc_hd__conb_1 in cell picorv32
Note:  Implicit pin HI in instance TIE_LTIELO_81 of sky130_fd_sc_hd__conb_1 in cell picorv32
Note:  Implicit pin HI in instance TIE_LTIELO_80 of sky130_fd_sc_hd__conb_1 in cell picorv32
Note:  Implicit pin HI in instance TIE_LTIELO_79 of sky130_fd_sc_hd__conb_1 in cell picorv32
Note:  Implicit pin HI in instance TIE_LTIELO_78 of sky130_fd_sc_hd__conb_1 in cell picorv32
Note:  Implicit pin HI in instance TIE_LTIELO_77 of sky130_fd_sc_hd__conb_1 in cell picorv32
Note:  Implicit pin HI in instance TIE_LTIELO_76 of sky130_fd_sc_hd__conb_1 in cell picorv32
Note:  Implicit pin HI in instance TIE_LTIELO_75 of sky130_fd_sc_hd__conb_1 in cell picorv32
Note:  Implicit pin HI in instance TIE_LTIELO_74 of sky130_fd_sc_hd__conb_1 in cell picorv32
Note:  Implicit pin HI in instance TIE_LTIELO_73 of sky130_fd_sc_hd__conb_1 in cell picorv32
Note:  Implicit pin HI in instance TIE_LTIELO_72 of sky130_fd_sc_hd__conb_1 in cell picorv32
Note:  Implicit pin HI in instance TIE_LTIELO_71 of sky130_fd_sc_hd__conb_1 in cell picorv32
Note:  Implicit pin HI in instance TIE_LTIELO_70 of sky130_fd_sc_hd__conb_1 in cell picorv32
Note:  Implicit pin HI in instance TIE_LTIELO_69 of sky130_fd_sc_hd__conb_1 in cell picorv32
Note:  Implicit pin HI in instance TIE_LTIELO_68 of sky130_fd_sc_hd__conb_1 in cell picorv32
Note:  Implicit pin HI in instance TIE_LTIELO_67 of sky130_fd_sc_hd__conb_1 in cell picorv32
Note:  Implicit pin HI in instance TIE_LTIELO_66 of sky130_fd_sc_hd__conb_1 in cell picorv32
Note:  Implicit pin HI in instance TIE_LTIELO_65 of sky130_fd_sc_hd__conb_1 in cell picorv32
Note:  Implicit pin HI in instance TIE_LTIELO_64 of sky130_fd_sc_hd__conb_1 in cell picorv32
Note:  Implicit pin HI in instance TIE_LTIELO_63 of sky130_fd_sc_hd__conb_1 in cell picorv32
Note:  Implicit pin HI in instance TIE_LTIELO_62 of sky130_fd_sc_hd__conb_1 in cell picorv32
Note:  Implicit pin HI in instance TIE_LTIELO_61 of sky130_fd_sc_hd__conb_1 in cell picorv32
Note:  Implicit pin HI in instance TIE_LTIELO_60 of sky130_fd_sc_hd__conb_1 in cell picorv32
Note:  Implicit pin HI in instance TIE_LTIELO_59 of sky130_fd_sc_hd__conb_1 in cell picorv32
Note:  Implicit pin HI in instance TIE_LTIELO_58 of sky130_fd_sc_hd__conb_1 in cell picorv32
Note:  Implicit pin HI in instance TIE_LTIELO_57 of sky130_fd_sc_hd__conb_1 in cell picorv32
Note:  Implicit pin HI in instance TIE_LTIELO_56 of sky130_fd_sc_hd__conb_1 in cell picorv32
Note:  Implicit pin HI in instance TIE_LTIELO_55 of sky130_fd_sc_hd__conb_1 in cell picorv32
Note:  Implicit pin HI in instance TIE_LTIELO_54 of sky130_fd_sc_hd__conb_1 in cell picorv32
Note:  Implicit pin HI in instance TIE_LTIELO_53 of sky130_fd_sc_hd__conb_1 in cell picorv32
Note:  Implicit pin HI in instance TIE_LTIELO_52 of sky130_fd_sc_hd__conb_1 in cell picorv32
Note:  Implicit pin HI in instance TIE_LTIELO_51 of sky130_fd_sc_hd__conb_1 in cell picorv32
Note:  Implicit pin HI in instance TIE_LTIELO_50 of sky130_fd_sc_hd__conb_1 in cell picorv32
Note:  Implicit pin HI in instance TIE_LTIELO_49 of sky130_fd_sc_hd__conb_1 in cell picorv32
Note:  Implicit pin HI in instance TIE_LTIELO_48 of sky130_fd_sc_hd__conb_1 in cell picorv32
Note:  Implicit pin HI in instance TIE_LTIELO_47 of sky130_fd_sc_hd__conb_1 in cell picorv32
Note:  Implicit pin HI in instance TIE_LTIELO_46 of sky130_fd_sc_hd__conb_1 in cell picorv32
Note:  Implicit pin HI in instance TIE_LTIELO_45 of sky130_fd_sc_hd__conb_1 in cell picorv32
Note:  Implicit pin HI in instance TIE_LTIELO_44 of sky130_fd_sc_hd__conb_1 in cell picorv32
Note:  Implicit pin HI in instance TIE_LTIELO_43 of sky130_fd_sc_hd__conb_1 in cell picorv32
Note:  Implicit pin HI in instance TIE_LTIELO_42 of sky130_fd_sc_hd__conb_1 in cell picorv32
Note:  Implicit pin HI in instance TIE_LTIELO_41 of sky130_fd_sc_hd__conb_1 in cell picorv32
Note:  Implicit pin HI in instance TIE_LTIELO_40 of sky130_fd_sc_hd__conb_1 in cell picorv32
Note:  Implicit pin HI in instance TIE_LTIELO_39 of sky130_fd_sc_hd__conb_1 in cell picorv32
Note:  Implicit pin HI in instance TIE_LTIELO_38 of sky130_fd_sc_hd__conb_1 in cell picorv32
Note:  Implicit pin HI in instance TIE_LTIELO_37 of sky130_fd_sc_hd__conb_1 in cell picorv32
Note:  Implicit pin HI in instance TIE_LTIELO_36 of sky130_fd_sc_hd__conb_1 in cell picorv32
Note:  Implicit pin HI in instance TIE_LTIELO_35 of sky130_fd_sc_hd__conb_1 in cell picorv32
Note:  Implicit pin HI in instance TIE_LTIELO_34 of sky130_fd_sc_hd__conb_1 in cell picorv32
Note:  Implicit pin HI in instance TIE_LTIELO_33 of sky130_fd_sc_hd__conb_1 in cell picorv32
Note:  Implicit pin HI in instance TIE_LTIELO_32 of sky130_fd_sc_hd__conb_1 in cell picorv32
Note:  Implicit pin HI in instance TIE_LTIELO_31 of sky130_fd_sc_hd__conb_1 in cell picorv32
Note:  Implicit pin HI in instance TIE_LTIELO_30 of sky130_fd_sc_hd__conb_1 in cell picorv32
Note:  Implicit pin HI in instance TIE_LTIELO_29 of sky130_fd_sc_hd__conb_1 in cell picorv32
Note:  Implicit pin HI in instance TIE_LTIELO_28 of sky130_fd_sc_hd__conb_1 in cell picorv32
Note:  Implicit pin HI in instance TIE_LTIELO_27 of sky130_fd_sc_hd__conb_1 in cell picorv32
Note:  Implicit pin HI in instance TIE_LTIELO_26 of sky130_fd_sc_hd__conb_1 in cell picorv32
Note:  Implicit pin HI in instance TIE_LTIELO_25 of sky130_fd_sc_hd__conb_1 in cell picorv32
Note:  Implicit pin HI in instance TIE_LTIELO_24 of sky130_fd_sc_hd__conb_1 in cell picorv32
Note:  Implicit pin HI in instance TIE_LTIELO_23 of sky130_fd_sc_hd__conb_1 in cell picorv32
Note:  Implicit pin HI in instance TIE_LTIELO_22 of sky130_fd_sc_hd__conb_1 in cell picorv32
Note:  Implicit pin HI in instance TIE_LTIELO_21 of sky130_fd_sc_hd__conb_1 in cell picorv32
Note:  Implicit pin HI in instance TIE_LTIELO_20 of sky130_fd_sc_hd__conb_1 in cell picorv32
Note:  Implicit pin HI in instance TIE_LTIELO_19 of sky130_fd_sc_hd__conb_1 in cell picorv32
Note:  Implicit pin HI in instance TIE_LTIELO_18 of sky130_fd_sc_hd__conb_1 in cell picorv32
Note:  Implicit pin HI in instance TIE_LTIELO_17 of sky130_fd_sc_hd__conb_1 in cell picorv32
Note:  Implicit pin HI in instance TIE_LTIELO_16 of sky130_fd_sc_hd__conb_1 in cell picorv32
Note:  Implicit pin HI in instance TIE_LTIELO_15 of sky130_fd_sc_hd__conb_1 in cell picorv32
Note:  Implicit pin HI in instance TIE_LTIELO_14 of sky130_fd_sc_hd__conb_1 in cell picorv32
Note:  Implicit pin HI in instance TIE_LTIELO_13 of sky130_fd_sc_hd__conb_1 in cell picorv32
Note:  Implicit pin HI in instance TIE_LTIELO_12 of sky130_fd_sc_hd__conb_1 in cell picorv32
Note:  Implicit pin HI in instance TIE_LTIELO_11 of sky130_fd_sc_hd__conb_1 in cell picorv32
Note:  Implicit pin HI in instance TIE_LTIELO_10 of sky130_fd_sc_hd__conb_1 in cell picorv32
Note:  Implicit pin HI in instance TIE_LTIELO_9 of sky130_fd_sc_hd__conb_1 in cell picorv32
Note:  Implicit pin HI in instance TIE_LTIELO_8 of sky130_fd_sc_hd__conb_1 in cell picorv32
Note:  Implicit pin HI in instance TIE_LTIELO_7 of sky130_fd_sc_hd__conb_1 in cell picorv32
Note:  Implicit pin HI in instance TIE_LTIELO_6 of sky130_fd_sc_hd__conb_1 in cell picorv32
Note:  Implicit pin HI in instance TIE_LTIELO_5 of sky130_fd_sc_hd__conb_1 in cell picorv32
Note:  Implicit pin HI in instance TIE_LTIELO_4 of sky130_fd_sc_hd__conb_1 in cell picorv32
Note:  Implicit pin HI in instance TIE_LTIELO_3 of sky130_fd_sc_hd__conb_1 in cell picorv32
Note:  Implicit pin HI in instance TIE_LTIELO_2 of sky130_fd_sc_hd__conb_1 in cell picorv32
Note:  Implicit pin HI in instance TIE_LTIELO_1 of sky130_fd_sc_hd__conb_1 in cell picorv32
Note:  Implicit pin HI in instance TIE_LTIELO of sky130_fd_sc_hd__conb_1 in cell picorv32

Reading setup file <PDK_ROOT>/sky130A/libs.tech/netgen/sky130A_setup.tcl

Model sky130_fd_pr__res_generic_po pin end_a == end_b
No property mult found for device sky130_fd_pr__res_generic_po
Model sky130_fd_pr__res_generic_po pin end_a == end_b
No property mult found for device sky130_fd_pr__res_generic_po
Model sky130_fd_pr__nfet_01v8 pin 1 == 3
No property mult found for device sky130_fd_pr__nfet_01v8
No property sa found for device sky130_fd_pr__nfet_01v8
No property sb found for device sky130_fd_pr__nfet_01v8
No property sd found for device sky130_fd_pr__nfet_01v8
No property nf found for device sky130_fd_pr__nfet_01v8
No property nrd found for device sky130_fd_pr__nfet_01v8
No property nrs found for device sky130_fd_pr__nfet_01v8
No property area found for device sky130_fd_pr__nfet_01v8
No property perim found for device sky130_fd_pr__nfet_01v8
No property topography found for device sky130_fd_pr__nfet_01v8
Model sky130_fd_pr__nfet_01v8 pin 1 == 3
No property as found for device sky130_fd_pr__nfet_01v8
No property ad found for device sky130_fd_pr__nfet_01v8
No property ps found for device sky130_fd_pr__nfet_01v8
No property pd found for device sky130_fd_pr__nfet_01v8
No property mult found for device sky130_fd_pr__nfet_01v8
No property sa found for device sky130_fd_pr__nfet_01v8
No property sb found for device sky130_fd_pr__nfet_01v8
No property sd found for device sky130_fd_pr__nfet_01v8
No property nf found for device sky130_fd_pr__nfet_01v8
No property nrd found for device sky130_fd_pr__nfet_01v8
No property nrs found for device sky130_fd_pr__nfet_01v8
No property area found for device sky130_fd_pr__nfet_01v8
No property perim found for device sky130_fd_pr__nfet_01v8
No property topography found for device sky130_fd_pr__nfet_01v8
Model sky130_fd_pr__pfet_01v8_hvt pin 1 == 3
No property mult found for device sky130_fd_pr__pfet_01v8_hvt
No property sa found for device sky130_fd_pr__pfet_01v8_hvt
No property sb found for device sky130_fd_pr__pfet_01v8_hvt
No property sd found for device sky130_fd_pr__pfet_01v8_hvt
No property nf found for device sky130_fd_pr__pfet_01v8_hvt
No property nrd found for device sky130_fd_pr__pfet_01v8_hvt
No property nrs found for device sky130_fd_pr__pfet_01v8_hvt
No property area found for device sky130_fd_pr__pfet_01v8_hvt
No property perim found for device sky130_fd_pr__pfet_01v8_hvt
No property topography found for device sky130_fd_pr__pfet_01v8_hvt
Model sky130_fd_pr__pfet_01v8_hvt pin 1 == 3
No property as found for device sky130_fd_pr__pfet_01v8_hvt
No property ad found for device sky130_fd_pr__pfet_01v8_hvt
No property ps found for device sky130_fd_pr__pfet_01v8_hvt
No property pd found for device sky130_fd_pr__pfet_01v8_hvt
No property mult found for device sky130_fd_pr__pfet_01v8_hvt
No property sa found for device sky130_fd_pr__pfet_01v8_hvt
No property sb found for device sky130_fd_pr__pfet_01v8_hvt
No property sd found for device sky130_fd_pr__pfet_01v8_hvt
No property nf found for device sky130_fd_pr__pfet_01v8_hvt
No property nrd found for device sky130_fd_pr__pfet_01v8_hvt
No property nrs found for device sky130_fd_pr__pfet_01v8_hvt
No property area found for device sky130_fd_pr__pfet_01v8_hvt
No property perim found for device sky130_fd_pr__pfet_01v8_hvt
No property topography found for device sky130_fd_pr__pfet_01v8_hvt
Model sky130_fd_pr__special_nfet_01v8 pin 1 == 3
No property mult found for device sky130_fd_pr__special_nfet_01v8
No property sa found for device sky130_fd_pr__special_nfet_01v8
No property sb found for device sky130_fd_pr__special_nfet_01v8
No property sd found for device sky130_fd_pr__special_nfet_01v8
No property nf found for device sky130_fd_pr__special_nfet_01v8
No property nrd found for device sky130_fd_pr__special_nfet_01v8
No property nrs found for device sky130_fd_pr__special_nfet_01v8
No property area found for device sky130_fd_pr__special_nfet_01v8
No property perim found for device sky130_fd_pr__special_nfet_01v8
No property topography found for device sky130_fd_pr__special_nfet_01v8
Model sky130_fd_pr__special_nfet_01v8 pin 1 == 3
No property as found for device sky130_fd_pr__special_nfet_01v8
No property ad found for device sky130_fd_pr__special_nfet_01v8
No property ps found for device sky130_fd_pr__special_nfet_01v8
No property pd found for device sky130_fd_pr__special_nfet_01v8
No property mult found for device sky130_fd_pr__special_nfet_01v8
No property sa found for device sky130_fd_pr__special_nfet_01v8
No property sb found for device sky130_fd_pr__special_nfet_01v8
No property sd found for device sky130_fd_pr__special_nfet_01v8
No property nf found for device sky130_fd_pr__special_nfet_01v8
No property nrd found for device sky130_fd_pr__special_nfet_01v8
No property nrs found for device sky130_fd_pr__special_nfet_01v8
No property area found for device sky130_fd_pr__special_nfet_01v8
No property perim found for device sky130_fd_pr__special_nfet_01v8
No property topography found for device sky130_fd_pr__special_nfet_01v8
Model sky130_fd_pr__special_pfet_01v8_hvt pin 1 == 3
No property as found for device sky130_fd_pr__special_pfet_01v8_hvt
No property ad found for device sky130_fd_pr__special_pfet_01v8_hvt
No property ps found for device sky130_fd_pr__special_pfet_01v8_hvt
No property pd found for device sky130_fd_pr__special_pfet_01v8_hvt
No property mult found for device sky130_fd_pr__special_pfet_01v8_hvt
No property sa found for device sky130_fd_pr__special_pfet_01v8_hvt
No property sb found for device sky130_fd_pr__special_pfet_01v8_hvt
No property sd found for device sky130_fd_pr__special_pfet_01v8_hvt
No property nf found for device sky130_fd_pr__special_pfet_01v8_hvt
No property nrd found for device sky130_fd_pr__special_pfet_01v8_hvt
No property nrs found for device sky130_fd_pr__special_pfet_01v8_hvt
No property area found for device sky130_fd_pr__special_pfet_01v8_hvt
No property perim found for device sky130_fd_pr__special_pfet_01v8_hvt
No property topography found for device sky130_fd_pr__special_pfet_01v8_hvt
No property value found for device sky130_fd_pr__diode_pw2nd_05v5
No property mult found for device sky130_fd_pr__diode_pw2nd_05v5
No property perim found for device sky130_fd_pr__diode_pw2nd_05v5
No property value found for device sky130_fd_pr__diode_pw2nd_05v5
No property mult found for device sky130_fd_pr__diode_pw2nd_05v5
No property perim found for device sky130_fd_pr__diode_pw2nd_05v5
Comparison output logged to file lvs_report.out
Logging to file "lvs_report.out" enabled
Circuit sky130_fd_pr__nfet_01v8 contains no devices.
Circuit sky130_fd_pr__pfet_01v8_hvt contains no devices.
Circuit sky130_fd_pr__special_nfet_01v8 contains no devices.

Contents of circuit 1:  Circuit: 'sky130_fd_sc_hd__a221oi_1'
Circuit sky130_fd_sc_hd__a221oi_1 contains 10 device instances.
  Class: sky130_fd_pr__nfet_01v8 instances:   5
  Class: sky130_fd_pr__pfet_01v8_hvt instances:   5
Circuit contains 14 nets.
Contents of circuit 2:  Circuit: 'sky130_fd_sc_hd__a221oi_1'
Circuit sky130_fd_sc_hd__a221oi_1 contains 10 device instances.
  Class: sky130_fd_pr__nfet_01v8 instances:   5
  Class: sky130_fd_pr__pfet_01v8_hvt instances:   5
Circuit contains 14 nets.

Circuit 1 contains 10 devices, Circuit 2 contains 10 devices.
Circuit 1 contains 14 nets,    Circuit 2 contains 14 nets.


Contents of circuit 1:  Circuit: 'sky130_fd_sc_hd__clkbuf_1'
Circuit sky130_fd_sc_hd__clkbuf_1 contains 4 device instances.
  Class: sky130_fd_pr__nfet_01v8 instances:   2
  Class: sky130_fd_pr__pfet_01v8_hvt instances:   2
Circuit contains 7 nets.
Contents of circuit 2:  Circuit: 'sky130_fd_sc_hd__clkbuf_1'
Circuit sky130_fd_sc_hd__clkbuf_1 contains 4 device instances.
  Class: sky130_fd_pr__nfet_01v8 instances:   2
  Class: sky130_fd_pr__pfet_01v8_hvt instances:   2
Circuit contains 7 nets.

Circuit 1 contains 4 devices, Circuit 2 contains 4 devices.
Circuit 1 contains 7 nets,    Circuit 2 contains 7 nets.


Contents of circuit 1:  Circuit: 'sky130_fd_sc_hd__inv_2'
Circuit sky130_fd_sc_hd__inv_2 contains 4 device instances.
  Class: sky130_fd_pr__nfet_01v8 instances:   2
  Class: sky130_fd_pr__pfet_01v8_hvt instances:   2
Circuit contains 6 nets.
Contents of circuit 2:  Circuit: 'sky130_fd_sc_hd__inv_2'
Circuit sky130_fd_sc_hd__inv_2 contains 4 device instances.
  Class: sky130_fd_pr__nfet_01v8 instances:   2
  Class: sky130_fd_pr__pfet_01v8_hvt instances:   2
Circuit contains 6 nets.

Circuit was modified by parallel/series device merging.
New circuit summary:

Contents of circuit 1:  Circuit: 'sky130_fd_sc_hd__inv_2'
Circuit sky130_fd_sc_hd__inv_2 contains 2 device instances.
  Class: sky130_fd_pr__nfet_01v8 instances:   1
  Class: sky130_fd_pr__pfet_01v8_hvt instances:   1
Circuit contains 6 nets.
Contents of circuit 2:  Circuit: 'sky130_fd_sc_hd__inv_2'
Circuit sky130_fd_sc_hd__inv_2 contains 2 device instances.
  Class: sky130_fd_pr__nfet_01v8 instances:   1
  Class: sky130_fd_pr__pfet_01v8_hvt instances:   1
Circuit contains 6 nets.

Circuit 1 contains 2 devices, Circuit 2 contains 2 devices.
Circuit 1 contains 6 nets,    Circuit 2 contains 6 nets.


Contents of circuit 1:  Circuit: 'sky130_fd_sc_hd__a32oi_1'
Circuit sky130_fd_sc_hd__a32oi_1 contains 10 device instances.
  Class: sky130_fd_pr__nfet_01v8 instances:   5
  Class: sky130_fd_pr__pfet_01v8_hvt instances:   5
Circuit contains 14 nets.
Contents of circuit 2:  Circuit: 'sky130_fd_sc_hd__a32oi_1'
Circuit sky130_fd_sc_hd__a32oi_1 contains 10 device instances.
  Class: sky130_fd_pr__nfet_01v8 instances:   5
  Class: sky130_fd_pr__pfet_01v8_hvt instances:   5
Circuit contains 14 nets.

Circuit 1 contains 10 devices, Circuit 2 contains 10 devices.
Circuit 1 contains 14 nets,    Circuit 2 contains 14 nets.


Contents of circuit 1:  Circuit: 'sky130_fd_sc_hd__nor4_2'
Circuit sky130_fd_sc_hd__nor4_2 contains 16 device instances.
  Class: sky130_fd_pr__nfet_01v8 instances:   8
  Class: sky130_fd_pr__pfet_01v8_hvt instances:   8
Circuit contains 12 nets.
Contents of circuit 2:  Circuit: 'sky130_fd_sc_hd__nor4_2'
Circuit sky130_fd_sc_hd__nor4_2 contains 16 device instances.
  Class: sky130_fd_pr__nfet_01v8 instances:   8
  Class: sky130_fd_pr__pfet_01v8_hvt instances:   8
Circuit contains 12 nets.

Circuit was modified by parallel/series device merging.
New circuit summary:

Contents of circuit 1:  Circuit: 'sky130_fd_sc_hd__nor4_2'
Circuit sky130_fd_sc_hd__nor4_2 contains 8 device instances.
  Class: sky130_fd_pr__nfet_01v8 instances:   4
  Class: sky130_fd_pr__pfet_01v8_hvt instances:   4
Circuit contains 12 nets.
Contents of circuit 2:  Circuit: 'sky130_fd_sc_hd__nor4_2'
Circuit sky130_fd_sc_hd__nor4_2 contains 8 device instances.
  Class: sky130_fd_pr__nfet_01v8 instances:   4
  Class: sky130_fd_pr__pfet_01v8_hvt instances:   4
Circuit contains 12 nets.

Circuit 1 contains 8 devices, Circuit 2 contains 8 devices.
Circuit 1 contains 12 nets,    Circuit 2 contains 12 nets.


Contents of circuit 1:  Circuit: 'sky130_fd_sc_hd__a221o_1'
Circuit sky130_fd_sc_hd__a221o_1 contains 12 device instances.
  Class: sky130_fd_pr__nfet_01v8 instances:   6
  Class: sky130_fd_pr__pfet_01v8_hvt instances:   6
Circuit contains 15 nets.
Contents of circuit 2:  Circuit: 'sky130_fd_sc_hd__a221o_1'
Circuit sky130_fd_sc_hd__a221o_1 contains 12 device instances.
  Class: sky130_fd_pr__nfet_01v8 instances:   6
  Class: sky130_fd_pr__pfet_01v8_hvt instances:   6
Circuit contains 15 nets.

Circuit 1 contains 12 devices, Circuit 2 contains 12 devices.
Circuit 1 contains 15 nets,    Circuit 2 contains 15 nets.


Contents of circuit 1:  Circuit: 'sky130_fd_sc_hd__o21ai_0'
Circuit sky130_fd_sc_hd__o21ai_0 contains 6 device instances.
  Class: sky130_fd_pr__nfet_01v8 instances:   3
  Class: sky130_fd_pr__pfet_01v8_hvt instances:   3
Circuit contains 10 nets.
Contents of circuit 2:  Circuit: 'sky130_fd_sc_hd__o21ai_0'
Circuit sky130_fd_sc_hd__o21ai_0 contains 6 device instances.
  Class: sky130_fd_pr__nfet_01v8 instances:   3
  Class: sky130_fd_pr__pfet_01v8_hvt instances:   3
Circuit contains 10 nets.

Circuit 1 contains 6 devices, Circuit 2 contains 6 devices.
Circuit 1 contains 10 nets,    Circuit 2 contains 10 nets.


Contents of circuit 1:  Circuit: 'sky130_fd_sc_hd__nor2_1'
Circuit sky130_fd_sc_hd__nor2_1 contains 4 device instances.
  Class: sky130_fd_pr__nfet_01v8 instances:   2
  Class: sky130_fd_pr__pfet_01v8_hvt instances:   2
Circuit contains 8 nets.
Contents of circuit 2:  Circuit: 'sky130_fd_sc_hd__nor2_1'
Circuit sky130_fd_sc_hd__nor2_1 contains 4 device instances.
  Class: sky130_fd_pr__nfet_01v8 instances:   2
  Class: sky130_fd_pr__pfet_01v8_hvt instances:   2
Circuit contains 8 nets.

Circuit 1 contains 4 devices, Circuit 2 contains 4 devices.
Circuit 1 contains 8 nets,    Circuit 2 contains 8 nets.


Contents of circuit 1:  Circuit: 'sky130_fd_sc_hd__or2_2'
Circuit sky130_fd_sc_hd__or2_2 contains 8 device instances.
  Class: sky130_fd_pr__nfet_01v8 instances:   4
  Class: sky130_fd_pr__pfet_01v8_hvt instances:   4
Circuit contains 9 nets.
Contents of circuit 2:  Circuit: 'sky130_fd_sc_hd__or2_2'
Circuit sky130_fd_sc_hd__or2_2 contains 8 device instances.
  Class: sky130_fd_pr__nfet_01v8 instances:   4
  Class: sky130_fd_pr__pfet_01v8_hvt instances:   4
Circuit contains 9 nets.

Circuit was modified by parallel/series device merging.
New circuit summary:

Contents of circuit 1:  Circuit: 'sky130_fd_sc_hd__or2_2'
Circuit sky130_fd_sc_hd__or2_2 contains 6 device instances.
  Class: sky130_fd_pr__nfet_01v8 instances:   3
  Class: sky130_fd_pr__pfet_01v8_hvt instances:   3
Circuit contains 9 nets.
Contents of circuit 2:  Circuit: 'sky130_fd_sc_hd__or2_2'
Circuit sky130_fd_sc_hd__or2_2 contains 6 device instances.
  Class: sky130_fd_pr__nfet_01v8 instances:   3
  Class: sky130_fd_pr__pfet_01v8_hvt instances:   3
Circuit contains 9 nets.

Circuit 1 contains 6 devices, Circuit 2 contains 6 devices.
Circuit 1 contains 9 nets,    Circuit 2 contains 9 nets.


Contents of circuit 1:  Circuit: 'sky130_fd_sc_hd__a22oi_1'
Circuit sky130_fd_sc_hd__a22oi_1 contains 8 device instances.
  Class: sky130_fd_pr__nfet_01v8 instances:   4
  Class: sky130_fd_pr__pfet_01v8_hvt instances:   4
Circuit contains 12 nets.
Contents of circuit 2:  Circuit: 'sky130_fd_sc_hd__a22oi_1'
Circuit sky130_fd_sc_hd__a22oi_1 contains 8 device instances.
  Class: sky130_fd_pr__nfet_01v8 instances:   4
  Class: sky130_fd_pr__pfet_01v8_hvt instances:   4
Circuit contains 12 nets.

Circuit 1 contains 8 devices, Circuit 2 contains 8 devices.
Circuit 1 contains 12 nets,    Circuit 2 contains 12 nets.


Contents of circuit 1:  Circuit: 'sky130_fd_sc_hd__clkinv_1'
Circuit sky130_fd_sc_hd__clkinv_1 contains 3 device instances.
  Class: sky130_fd_pr__nfet_01v8 instances:   1
  Class: sky130_fd_pr__pfet_01v8_hvt instances:   2
Circuit contains 6 nets.
Contents of circuit 2:  Circuit: 'sky130_fd_sc_hd__clkinv_1'
Circuit sky130_fd_sc_hd__clkinv_1 contains 3 device instances.
  Class: sky130_fd_pr__nfet_01v8 instances:   1
  Class: sky130_fd_pr__pfet_01v8_hvt instances:   2
Circuit contains 6 nets.

Circuit was modified by parallel/series device merging.
New circuit summary:

Contents of circuit 1:  Circuit: 'sky130_fd_sc_hd__clkinv_1'
Circuit sky130_fd_sc_hd__clkinv_1 contains 2 device instances.
  Class: sky130_fd_pr__nfet_01v8 instances:   1
  Class: sky130_fd_pr__pfet_01v8_hvt instances:   1
Circuit contains 6 nets.
Contents of circuit 2:  Circuit: 'sky130_fd_sc_hd__clkinv_1'
Circuit sky130_fd_sc_hd__clkinv_1 contains 2 device instances.
  Class: sky130_fd_pr__nfet_01v8 instances:   1
  Class: sky130_fd_pr__pfet_01v8_hvt instances:   1
Circuit contains 6 nets.

Circuit 1 contains 2 devices, Circuit 2 contains 2 devices.
Circuit 1 contains 6 nets,    Circuit 2 contains 6 nets.


Contents of circuit 1:  Circuit: 'sky130_fd_sc_hd__xnor2_1'
Circuit sky130_fd_sc_hd__xnor2_1 contains 10 device instances.
  Class: sky130_fd_pr__nfet_01v8 instances:   5
  Class: sky130_fd_pr__pfet_01v8_hvt instances:   5
Circuit contains 11 nets.
Contents of circuit 2:  Circuit: 'sky130_fd_sc_hd__xnor2_1'
Circuit sky130_fd_sc_hd__xnor2_1 contains 10 device instances.
  Class: sky130_fd_pr__nfet_01v8 instances:   5
  Class: sky130_fd_pr__pfet_01v8_hvt instances:   5
Circuit contains 11 nets.

Circuit 1 contains 10 devices, Circuit 2 contains 10 devices.
Circuit 1 contains 11 nets,    Circuit 2 contains 11 nets.


Contents of circuit 1:  Circuit: 'sky130_fd_sc_hd__o2bb2ai_1'
Circuit sky130_fd_sc_hd__o2bb2ai_1 contains 10 device instances.
  Class: sky130_fd_pr__nfet_01v8 instances:   5
  Class: sky130_fd_pr__pfet_01v8_hvt instances:   5
Circuit contains 13 nets.
Contents of circuit 2:  Circuit: 'sky130_fd_sc_hd__o2bb2ai_1'
Circuit sky130_fd_sc_hd__o2bb2ai_1 contains 10 device instances.
  Class: sky130_fd_pr__nfet_01v8 instances:   5
  Class: sky130_fd_pr__pfet_01v8_hvt instances:   5
Circuit contains 13 nets.

Circuit 1 contains 10 devices, Circuit 2 contains 10 devices.
Circuit 1 contains 13 nets,    Circuit 2 contains 13 nets.


Contents of circuit 1:  Circuit: 'sky130_fd_sc_hd__a21oi_4'
Circuit sky130_fd_sc_hd__a21oi_4 contains 24 device instances.
  Class: sky130_fd_pr__nfet_01v8 instances:  12
  Class: sky130_fd_pr__pfet_01v8_hvt instances:  12
Circuit contains 10 nets.
Contents of circuit 2:  Circuit: 'sky130_fd_sc_hd__a21oi_4'
Circuit sky130_fd_sc_hd__a21oi_4 contains 24 device instances.
  Class: sky130_fd_pr__nfet_01v8 instances:  12
  Class: sky130_fd_pr__pfet_01v8_hvt instances:  12
Circuit contains 10 nets.

Circuit was modified by parallel/series device merging.
New circuit summary:

Contents of circuit 1:  Circuit: 'sky130_fd_sc_hd__a21oi_4'
Circuit sky130_fd_sc_hd__a21oi_4 contains 6 device instances.
  Class: sky130_fd_pr__nfet_01v8 instances:   3
  Class: sky130_fd_pr__pfet_01v8_hvt instances:   3
Circuit contains 10 nets.
Contents of circuit 2:  Circuit: 'sky130_fd_sc_hd__a21oi_4'
Circuit sky130_fd_sc_hd__a21oi_4 contains 6 device instances.
  Class: sky130_fd_pr__nfet_01v8 instances:   3
  Class: sky130_fd_pr__pfet_01v8_hvt instances:   3
Circuit contains 10 nets.

Circuit 1 contains 6 devices, Circuit 2 contains 6 devices.
Circuit 1 contains 10 nets,    Circuit 2 contains 10 nets.


Contents of circuit 1:  Circuit: 'sky130_fd_sc_hd__dfxtp_1'
Circuit sky130_fd_sc_hd__dfxtp_1 contains 24 device instances.
  Class: sky130_fd_pr__nfet_01v8 instances:   8
  Class: sky130_fd_pr__pfet_01v8_hvt instances:  12
  Class: sky130_fd_pr__special_nfet_01v8 instances:   4
Circuit contains 18 nets.
Contents of circuit 2:  Circuit: 'sky130_fd_sc_hd__dfxtp_1'
Circuit sky130_fd_sc_hd__dfxtp_1 contains 24 device instances.
  Class: sky130_fd_pr__nfet_01v8 instances:   8
  Class: sky130_fd_pr__pfet_01v8_hvt instances:  12
  Class: sky130_fd_pr__special_nfet_01v8 instances:   4
Circuit contains 18 nets.

Circuit 1 contains 24 devices, Circuit 2 contains 24 devices.
Circuit 1 contains 18 nets,    Circuit 2 contains 18 nets.


Contents of circuit 1:  Circuit: 'sky130_fd_sc_hd__a32o_1'
Circuit sky130_fd_sc_hd__a32o_1 contains 12 device instances.
  Class: sky130_fd_pr__nfet_01v8 instances:   6
  Class: sky130_fd_pr__pfet_01v8_hvt instances:   6
Circuit contains 15 nets.
Contents of circuit 2:  Circuit: 'sky130_fd_sc_hd__a32o_1'
Circuit sky130_fd_sc_hd__a32o_1 contains 12 device instances.
  Class: sky130_fd_pr__nfet_01v8 instances:   6
  Class: sky130_fd_pr__pfet_01v8_hvt instances:   6
Circuit contains 15 nets.

Circuit 1 contains 12 devices, Circuit 2 contains 12 devices.
Circuit 1 contains 15 nets,    Circuit 2 contains 15 nets.


Contents of circuit 1:  Circuit: 'sky130_fd_sc_hd__clkbuf_4'
Circuit sky130_fd_sc_hd__clkbuf_4 contains 10 device instances.
  Class: sky130_fd_pr__nfet_01v8 instances:   5
  Class: sky130_fd_pr__pfet_01v8_hvt instances:   5
Circuit contains 7 nets.
Contents of circuit 2:  Circuit: 'sky130_fd_sc_hd__clkbuf_4'
Circuit sky130_fd_sc_hd__clkbuf_4 contains 10 device instances.
  Class: sky130_fd_pr__nfet_01v8 instances:   5
  Class: sky130_fd_pr__pfet_01v8_hvt instances:   5
Circuit contains 7 nets.

Circuit was modified by parallel/series device merging.
New circuit summary:

Contents of circuit 1:  Circuit: 'sky130_fd_sc_hd__clkbuf_4'
Circuit sky130_fd_sc_hd__clkbuf_4 contains 4 device instances.
  Class: sky130_fd_pr__nfet_01v8 instances:   2
  Class: sky130_fd_pr__pfet_01v8_hvt instances:   2
Circuit contains 7 nets.
Contents of circuit 2:  Circuit: 'sky130_fd_sc_hd__clkbuf_4'
Circuit sky130_fd_sc_hd__clkbuf_4 contains 4 device instances.
  Class: sky130_fd_pr__nfet_01v8 instances:   2
  Class: sky130_fd_pr__pfet_01v8_hvt instances:   2
Circuit contains 7 nets.

Circuit 1 contains 4 devices, Circuit 2 contains 4 devices.
Circuit 1 contains 7 nets,    Circuit 2 contains 7 nets.


Contents of circuit 1:  Circuit: 'sky130_fd_sc_hd__or2_0'
Circuit sky130_fd_sc_hd__or2_0 contains 6 device instances.
  Class: sky130_fd_pr__nfet_01v8 instances:   3
  Class: sky130_fd_pr__pfet_01v8_hvt instances:   3
Circuit contains 9 nets.
Contents of circuit 2:  Circuit: 'sky130_fd_sc_hd__or2_0'
Circuit sky130_fd_sc_hd__or2_0 contains 6 device instances.
  Class: sky130_fd_pr__nfet_01v8 instances:   3
  Class: sky130_fd_pr__pfet_01v8_hvt instances:   3
Circuit contains 9 nets.

Circuit 1 contains 6 devices, Circuit 2 contains 6 devices.
Circuit 1 contains 9 nets,    Circuit 2 contains 9 nets.


Contents of circuit 1:  Circuit: 'sky130_fd_sc_hd__a31oi_1'
Circuit sky130_fd_sc_hd__a31oi_1 contains 8 device instances.
  Class: sky130_fd_pr__nfet_01v8 instances:   4
  Class: sky130_fd_pr__pfet_01v8_hvt instances:   4
Circuit contains 12 nets.
Contents of circuit 2:  Circuit: 'sky130_fd_sc_hd__a31oi_1'
Circuit sky130_fd_sc_hd__a31oi_1 contains 8 device instances.
  Class: sky130_fd_pr__nfet_01v8 instances:   4
  Class: sky130_fd_pr__pfet_01v8_hvt instances:   4
Circuit contains 12 nets.

Circuit 1 contains 8 devices, Circuit 2 contains 8 devices.
Circuit 1 contains 12 nets,    Circuit 2 contains 12 nets.


Contents of circuit 1:  Circuit: 'sky130_fd_sc_hd__a211o_1'
Circuit sky130_fd_sc_hd__a211o_1 contains 10 device instances.
  Class: sky130_fd_pr__nfet_01v8 instances:   5
  Class: sky130_fd_pr__pfet_01v8_hvt instances:   5
Circuit contains 13 nets.
Contents of circuit 2:  Circuit: 'sky130_fd_sc_hd__a211o_1'
Circuit sky130_fd_sc_hd__a211o_1 contains 10 device instances.
  Class: sky130_fd_pr__nfet_01v8 instances:   5
  Class: sky130_fd_pr__pfet_01v8_hvt instances:   5
Circuit contains 13 nets.

Circuit 1 contains 10 devices, Circuit 2 contains 10 devices.
Circuit 1 contains 13 nets,    Circuit 2 contains 13 nets.


Contents of circuit 1:  Circuit: 'sky130_fd_sc_hd__o21a_1'
Circuit sky130_fd_sc_hd__o21a_1 contains 8 device instances.
  Class: sky130_fd_pr__nfet_01v8 instances:   4
  Class: sky130_fd_pr__pfet_01v8_hvt instances:   4
Circuit contains 11 nets.
Contents of circuit 2:  Circuit: 'sky130_fd_sc_hd__o21a_1'
Circuit sky130_fd_sc_hd__o21a_1 contains 8 device instances.
  Class: sky130_fd_pr__nfet_01v8 instances:   4
  Class: sky130_fd_pr__pfet_01v8_hvt instances:   4
Circuit contains 11 nets.

Circuit 1 contains 8 devices, Circuit 2 contains 8 devices.
Circuit 1 contains 11 nets,    Circuit 2 contains 11 nets.


Contents of circuit 1:  Circuit: 'sky130_fd_sc_hd__and2_1'
Circuit sky130_fd_sc_hd__and2_1 contains 6 device instances.
  Class: sky130_fd_pr__nfet_01v8 instances:   3
  Class: sky130_fd_pr__pfet_01v8_hvt instances:   3
Circuit contains 9 nets.
Contents of circuit 2:  Circuit: 'sky130_fd_sc_hd__and2_1'
Circuit sky130_fd_sc_hd__and2_1 contains 6 device instances.
  Class: sky130_fd_pr__nfet_01v8 instances:   3
  Class: sky130_fd_pr__pfet_01v8_hvt instances:   3
Circuit contains 9 nets.

Circuit 1 contains 6 devices, Circuit 2 contains 6 devices.
Circuit 1 contains 9 nets,    Circuit 2 contains 9 nets.


Contents of circuit 1:  Circuit: 'sky130_fd_sc_hd__nand4_1'
Circuit sky130_fd_sc_hd__nand4_1 contains 8 device instances.
  Class: sky130_fd_pr__nfet_01v8 instances:   4
  Class: sky130_fd_pr__pfet_01v8_hvt instances:   4
Circuit contains 12 nets.
Contents of circuit 2:  Circuit: 'sky130_fd_sc_hd__nand4_1'
Circuit sky130_fd_sc_hd__nand4_1 contains 8 device instances.
  Class: sky130_fd_pr__nfet_01v8 instances:   4
  Class: sky130_fd_pr__pfet_01v8_hvt instances:   4
Circuit contains 12 nets.

Circuit 1 contains 8 devices, Circuit 2 contains 8 devices.
Circuit 1 contains 12 nets,    Circuit 2 contains 12 nets.


Contents of circuit 1:  Circuit: 'sky130_fd_sc_hd__conb_1'
Circuit sky130_fd_sc_hd__conb_1 contains 2 device instances.
  Class: sky130_fd_pr__res_generic_po instances:   2
Circuit contains 4 nets, and 2 disconnected pins.
Contents of circuit 2:  Circuit: 'sky130_fd_sc_hd__conb_1'
Circuit sky130_fd_sc_hd__conb_1 contains 2 device instances.
  Class: sky130_fd_pr__res_generic_po instances:   2
Circuit contains 4 nets, and 2 disconnected pins.

Circuit 1 contains 2 devices, Circuit 2 contains 2 devices.
Circuit 1 contains 4 nets,    Circuit 2 contains 4 nets.


Contents of circuit 1:  Circuit: 'sky130_fd_sc_hd__nand3_1'
Circuit sky130_fd_sc_hd__nand3_1 contains 6 device instances.
  Class: sky130_fd_pr__nfet_01v8 instances:   3
  Class: sky130_fd_pr__pfet_01v8_hvt instances:   3
Circuit contains 10 nets.
Contents of circuit 2:  Circuit: 'sky130_fd_sc_hd__nand3_1'
Circuit sky130_fd_sc_hd__nand3_1 contains 6 device instances.
  Class: sky130_fd_pr__nfet_01v8 instances:   3
  Class: sky130_fd_pr__pfet_01v8_hvt instances:   3
Circuit contains 10 nets.

Circuit 1 contains 6 devices, Circuit 2 contains 6 devices.
Circuit 1 contains 10 nets,    Circuit 2 contains 10 nets.


Contents of circuit 1:  Circuit: 'sky130_fd_sc_hd__nand2_8'
Circuit sky130_fd_sc_hd__nand2_8 contains 32 device instances.
  Class: sky130_fd_pr__nfet_01v8 instances:  16
  Class: sky130_fd_pr__pfet_01v8_hvt instances:  16
Circuit contains 8 nets.
Contents of circuit 2:  Circuit: 'sky130_fd_sc_hd__nand2_8'
Circuit sky130_fd_sc_hd__nand2_8 contains 32 device instances.
  Class: sky130_fd_pr__nfet_01v8 instances:  16
  Class: sky130_fd_pr__pfet_01v8_hvt instances:  16
Circuit contains 8 nets.

Circuit was modified by parallel/series device merging.
New circuit summary:

Contents of circuit 1:  Circuit: 'sky130_fd_sc_hd__nand2_8'
Circuit sky130_fd_sc_hd__nand2_8 contains 4 device instances.
  Class: sky130_fd_pr__nfet_01v8 instances:   2
  Class: sky130_fd_pr__pfet_01v8_hvt instances:   2
Circuit contains 8 nets.
Contents of circuit 2:  Circuit: 'sky130_fd_sc_hd__nand2_8'
Circuit sky130_fd_sc_hd__nand2_8 contains 4 device instances.
  Class: sky130_fd_pr__nfet_01v8 instances:   2
  Class: sky130_fd_pr__pfet_01v8_hvt instances:   2
Circuit contains 8 nets.

Circuit 1 contains 4 devices, Circuit 2 contains 4 devices.
Circuit 1 contains 8 nets,    Circuit 2 contains 8 nets.


Contents of circuit 1:  Circuit: 'sky130_fd_sc_hd__o21ai_1'
Circuit sky130_fd_sc_hd__o21ai_1 contains 6 device instances.
  Class: sky130_fd_pr__nfet_01v8 instances:   3
  Class: sky130_fd_pr__pfet_01v8_hvt instances:   3
Circuit contains 10 nets.
Contents of circuit 2:  Circuit: 'sky130_fd_sc_hd__o21ai_1'
Circuit sky130_fd_sc_hd__o21ai_1 contains 6 device instances.
  Class: sky130_fd_pr__nfet_01v8 instances:   3
  Class: sky130_fd_pr__pfet_01v8_hvt instances:   3
Circuit contains 10 nets.

Circuit 1 contains 6 devices, Circuit 2 contains 6 devices.
Circuit 1 contains 10 nets,    Circuit 2 contains 10 nets.


Contents of circuit 1:  Circuit: 'sky130_fd_sc_hd__o21bai_1'
Circuit sky130_fd_sc_hd__o21bai_1 contains 8 device instances.
  Class: sky130_fd_pr__nfet_01v8 instances:   4
  Class: sky130_fd_pr__pfet_01v8_hvt instances:   4
Circuit contains 11 nets.
Contents of circuit 2:  Circuit: 'sky130_fd_sc_hd__o21bai_1'
Circuit sky130_fd_sc_hd__o21bai_1 contains 8 device instances.
  Class: sky130_fd_pr__nfet_01v8 instances:   4
  Class: sky130_fd_pr__pfet_01v8_hvt instances:   4
Circuit contains 11 nets.

Circuit 1 contains 8 devices, Circuit 2 contains 8 devices.
Circuit 1 contains 11 nets,    Circuit 2 contains 11 nets.


Contents of circuit 1:  Circuit: 'sky130_fd_sc_hd__nand2_1'
Circuit sky130_fd_sc_hd__nand2_1 contains 4 device instances.
  Class: sky130_fd_pr__nfet_01v8 instances:   2
  Class: sky130_fd_pr__pfet_01v8_hvt instances:   2
Circuit contains 8 nets.
Contents of circuit 2:  Circuit: 'sky130_fd_sc_hd__nand2_1'
Circuit sky130_fd_sc_hd__nand2_1 contains 4 device instances.
  Class: sky130_fd_pr__nfet_01v8 instances:   2
  Class: sky130_fd_pr__pfet_01v8_hvt instances:   2
Circuit contains 8 nets.

Circuit 1 contains 4 devices, Circuit 2 contains 4 devices.
Circuit 1 contains 8 nets,    Circuit 2 contains 8 nets.


Contents of circuit 1:  Circuit: 'sky130_fd_sc_hd__nor2b_1'
Circuit sky130_fd_sc_hd__nor2b_1 contains 6 device instances.
  Class: sky130_fd_pr__nfet_01v8 instances:   3
  Class: sky130_fd_pr__pfet_01v8_hvt instances:   3
Circuit contains 9 nets.
Contents of circuit 2:  Circuit: 'sky130_fd_sc_hd__nor2b_1'
Circuit sky130_fd_sc_hd__nor2b_1 contains 6 device instances.
  Class: sky130_fd_pr__nfet_01v8 instances:   3
  Class: sky130_fd_pr__pfet_01v8_hvt instances:   3
Circuit contains 9 nets.

Circuit 1 contains 6 devices, Circuit 2 contains 6 devices.
Circuit 1 contains 9 nets,    Circuit 2 contains 9 nets.


Contents of circuit 1:  Circuit: 'sky130_fd_sc_hd__buf_1'
Circuit sky130_fd_sc_hd__buf_1 contains 4 device instances.
  Class: sky130_fd_pr__nfet_01v8 instances:   2
  Class: sky130_fd_pr__pfet_01v8_hvt instances:   2
Circuit contains 7 nets.
Contents of circuit 2:  Circuit: 'sky130_fd_sc_hd__buf_1'
Circuit sky130_fd_sc_hd__buf_1 contains 4 device instances.
  Class: sky130_fd_pr__nfet_01v8 instances:   2
  Class: sky130_fd_pr__pfet_01v8_hvt instances:   2
Circuit contains 7 nets.

Circuit 1 contains 4 devices, Circuit 2 contains 4 devices.
Circuit 1 contains 7 nets,    Circuit 2 contains 7 nets.


Contents of circuit 1:  Circuit: 'sky130_fd_sc_hd__or3_1'
Circuit sky130_fd_sc_hd__or3_1 contains 8 device instances.
  Class: sky130_fd_pr__nfet_01v8 instances:   4
  Class: sky130_fd_pr__pfet_01v8_hvt instances:   4
Circuit contains 11 nets.
Contents of circuit 2:  Circuit: 'sky130_fd_sc_hd__or3_1'
Circuit sky130_fd_sc_hd__or3_1 contains 8 device instances.
  Class: sky130_fd_pr__nfet_01v8 instances:   4
  Class: sky130_fd_pr__pfet_01v8_hvt instances:   4
Circuit contains 11 nets.

Circuit 1 contains 8 devices, Circuit 2 contains 8 devices.
Circuit 1 contains 11 nets,    Circuit 2 contains 11 nets.


Contents of circuit 1:  Circuit: 'sky130_fd_sc_hd__a21oi_1'
Circuit sky130_fd_sc_hd__a21oi_1 contains 6 device instances.
  Class: sky130_fd_pr__nfet_01v8 instances:   3
  Class: sky130_fd_pr__pfet_01v8_hvt instances:   3
Circuit contains 10 nets.
Contents of circuit 2:  Circuit: 'sky130_fd_sc_hd__a21oi_1'
Circuit sky130_fd_sc_hd__a21oi_1 contains 6 device instances.
  Class: sky130_fd_pr__nfet_01v8 instances:   3
  Class: sky130_fd_pr__pfet_01v8_hvt instances:   3
Circuit contains 10 nets.

Circuit 1 contains 6 devices, Circuit 2 contains 6 devices.
Circuit 1 contains 10 nets,    Circuit 2 contains 10 nets.


Contents of circuit 1:  Circuit: 'sky130_fd_sc_hd__nor3_1'
Circuit sky130_fd_sc_hd__nor3_1 contains 6 device instances.
  Class: sky130_fd_pr__nfet_01v8 instances:   3
  Class: sky130_fd_pr__pfet_01v8_hvt instances:   3
Circuit contains 10 nets.
Contents of circuit 2:  Circuit: 'sky130_fd_sc_hd__nor3_1'
Circuit sky130_fd_sc_hd__nor3_1 contains 6 device instances.
  Class: sky130_fd_pr__nfet_01v8 instances:   3
  Class: sky130_fd_pr__pfet_01v8_hvt instances:   3
Circuit contains 10 nets.

Circuit 1 contains 6 devices, Circuit 2 contains 6 devices.
Circuit 1 contains 10 nets,    Circuit 2 contains 10 nets.


Contents of circuit 1:  Circuit: 'sky130_fd_sc_hd__inv_1'
Circuit sky130_fd_sc_hd__inv_1 contains 2 device instances.
  Class: sky130_fd_pr__nfet_01v8 instances:   1
  Class: sky130_fd_pr__pfet_01v8_hvt instances:   1
Circuit contains 6 nets.
Contents of circuit 2:  Circuit: 'sky130_fd_sc_hd__inv_1'
Circuit sky130_fd_sc_hd__inv_1 contains 2 device instances.
  Class: sky130_fd_pr__nfet_01v8 instances:   1
  Class: sky130_fd_pr__pfet_01v8_hvt instances:   1
Circuit contains 6 nets.

Circuit 1 contains 2 devices, Circuit 2 contains 2 devices.
Circuit 1 contains 6 nets,    Circuit 2 contains 6 nets.


Contents of circuit 1:  Circuit: 'sky130_fd_sc_hd__o221ai_1'
Circuit sky130_fd_sc_hd__o221ai_1 contains 10 device instances.
  Class: sky130_fd_pr__nfet_01v8 instances:   5
  Class: sky130_fd_pr__pfet_01v8_hvt instances:   5
Circuit contains 14 nets.
Contents of circuit 2:  Circuit: 'sky130_fd_sc_hd__o221ai_1'
Circuit sky130_fd_sc_hd__o221ai_1 contains 10 device instances.
  Class: sky130_fd_pr__nfet_01v8 instances:   5
  Class: sky130_fd_pr__pfet_01v8_hvt instances:   5
Circuit contains 14 nets.

Circuit 1 contains 10 devices, Circuit 2 contains 10 devices.
Circuit 1 contains 14 nets,    Circuit 2 contains 14 nets.


Contents of circuit 1:  Circuit: 'sky130_fd_sc_hd__a22o_1'
Circuit sky130_fd_sc_hd__a22o_1 contains 10 device instances.
  Class: sky130_fd_pr__nfet_01v8 instances:   5
  Class: sky130_fd_pr__pfet_01v8_hvt instances:   5
Circuit contains 13 nets.
Contents of circuit 2:  Circuit: 'sky130_fd_sc_hd__a22o_1'
Circuit sky130_fd_sc_hd__a22o_1 contains 10 device instances.
  Class: sky130_fd_pr__nfet_01v8 instances:   5
  Class: sky130_fd_pr__pfet_01v8_hvt instances:   5
Circuit contains 13 nets.

Circuit 1 contains 10 devices, Circuit 2 contains 10 devices.
Circuit 1 contains 13 nets,    Circuit 2 contains 13 nets.


Contents of circuit 1:  Circuit: 'sky130_fd_sc_hd__clkbuf_8'
Circuit sky130_fd_sc_hd__clkbuf_8 contains 20 device instances.
  Class: sky130_fd_pr__nfet_01v8 instances:  10
  Class: sky130_fd_pr__pfet_01v8_hvt instances:  10
Circuit contains 7 nets.
Contents of circuit 2:  Circuit: 'sky130_fd_sc_hd__clkbuf_8'
Circuit sky130_fd_sc_hd__clkbuf_8 contains 20 device instances.
  Class: sky130_fd_pr__nfet_01v8 instances:  10
  Class: sky130_fd_pr__pfet_01v8_hvt instances:  10
Circuit contains 7 nets.

Circuit was modified by parallel/series device merging.
New circuit summary:

Contents of circuit 1:  Circuit: 'sky130_fd_sc_hd__clkbuf_8'
Circuit sky130_fd_sc_hd__clkbuf_8 contains 4 device instances.
  Class: sky130_fd_pr__nfet_01v8 instances:   2
  Class: sky130_fd_pr__pfet_01v8_hvt instances:   2
Circuit contains 7 nets.
Contents of circuit 2:  Circuit: 'sky130_fd_sc_hd__clkbuf_8'
Circuit sky130_fd_sc_hd__clkbuf_8 contains 4 device instances.
  Class: sky130_fd_pr__nfet_01v8 instances:   2
  Class: sky130_fd_pr__pfet_01v8_hvt instances:   2
Circuit contains 7 nets.

Circuit 1 contains 4 devices, Circuit 2 contains 4 devices.
Circuit 1 contains 7 nets,    Circuit 2 contains 7 nets.


Contents of circuit 1:  Circuit: 'sky130_fd_sc_hd__o21ai_2'
Circuit sky130_fd_sc_hd__o21ai_2 contains 12 device instances.
  Class: sky130_fd_pr__nfet_01v8 instances:   6
  Class: sky130_fd_pr__pfet_01v8_hvt instances:   6
Circuit contains 10 nets.
Contents of circuit 2:  Circuit: 'sky130_fd_sc_hd__o21ai_2'
Circuit sky130_fd_sc_hd__o21ai_2 contains 12 device instances.
  Class: sky130_fd_pr__nfet_01v8 instances:   6
  Class: sky130_fd_pr__pfet_01v8_hvt instances:   6
Circuit contains 10 nets.

Circuit was modified by parallel/series device merging.
New circuit summary:

Contents of circuit 1:  Circuit: 'sky130_fd_sc_hd__o21ai_2'
Circuit sky130_fd_sc_hd__o21ai_2 contains 6 device instances.
  Class: sky130_fd_pr__nfet_01v8 instances:   3
  Class: sky130_fd_pr__pfet_01v8_hvt instances:   3
Circuit contains 10 nets.
Contents of circuit 2:  Circuit: 'sky130_fd_sc_hd__o21ai_2'
Circuit sky130_fd_sc_hd__o21ai_2 contains 6 device instances.
  Class: sky130_fd_pr__nfet_01v8 instances:   3
  Class: sky130_fd_pr__pfet_01v8_hvt instances:   3
Circuit contains 10 nets.

Circuit 1 contains 6 devices, Circuit 2 contains 6 devices.
Circuit 1 contains 10 nets,    Circuit 2 contains 10 nets.


Contents of circuit 1:  Circuit: 'sky130_fd_sc_hd__xor2_1'
Circuit sky130_fd_sc_hd__xor2_1 contains 10 device instances.
  Class: sky130_fd_pr__nfet_01v8 instances:   5
  Class: sky130_fd_pr__pfet_01v8_hvt instances:   5
Circuit contains 11 nets.
Contents of circuit 2:  Circuit: 'sky130_fd_sc_hd__xor2_1'
Circuit sky130_fd_sc_hd__xor2_1 contains 10 device instances.
  Class: sky130_fd_pr__nfet_01v8 instances:   5
  Class: sky130_fd_pr__pfet_01v8_hvt instances:   5
Circuit contains 11 nets.

Circuit 1 contains 10 devices, Circuit 2 contains 10 devices.
Circuit 1 contains 11 nets,    Circuit 2 contains 11 nets.


Contents of circuit 1:  Circuit: 'sky130_fd_sc_hd__nand3_2'
Circuit sky130_fd_sc_hd__nand3_2 contains 12 device instances.
  Class: sky130_fd_pr__nfet_01v8 instances:   6
  Class: sky130_fd_pr__pfet_01v8_hvt instances:   6
Circuit contains 10 nets.
Contents of circuit 2:  Circuit: 'sky130_fd_sc_hd__nand3_2'
Circuit sky130_fd_sc_hd__nand3_2 contains 12 device instances.
  Class: sky130_fd_pr__nfet_01v8 instances:   6
  Class: sky130_fd_pr__pfet_01v8_hvt instances:   6
Circuit contains 10 nets.

Circuit was modified by parallel/series device merging.
New circuit summary:

Contents of circuit 1:  Circuit: 'sky130_fd_sc_hd__nand3_2'
Circuit sky130_fd_sc_hd__nand3_2 contains 6 device instances.
  Class: sky130_fd_pr__nfet_01v8 instances:   3
  Class: sky130_fd_pr__pfet_01v8_hvt instances:   3
Circuit contains 10 nets.
Contents of circuit 2:  Circuit: 'sky130_fd_sc_hd__nand3_2'
Circuit sky130_fd_sc_hd__nand3_2 contains 6 device instances.
  Class: sky130_fd_pr__nfet_01v8 instances:   3
  Class: sky130_fd_pr__pfet_01v8_hvt instances:   3
Circuit contains 10 nets.

Circuit 1 contains 6 devices, Circuit 2 contains 6 devices.
Circuit 1 contains 10 nets,    Circuit 2 contains 10 nets.


Contents of circuit 1:  Circuit: 'sky130_fd_sc_hd__and3_1'
Circuit sky130_fd_sc_hd__and3_1 contains 8 device instances.
  Class: sky130_fd_pr__nfet_01v8 instances:   4
  Class: sky130_fd_pr__pfet_01v8_hvt instances:   4
Circuit contains 11 nets.
Contents of circuit 2:  Circuit: 'sky130_fd_sc_hd__and3_1'
Circuit sky130_fd_sc_hd__and3_1 contains 8 device instances.
  Class: sky130_fd_pr__nfet_01v8 instances:   4
  Class: sky130_fd_pr__pfet_01v8_hvt instances:   4
Circuit contains 11 nets.

Circuit 1 contains 8 devices, Circuit 2 contains 8 devices.
Circuit 1 contains 11 nets,    Circuit 2 contains 11 nets.


Contents of circuit 1:  Circuit: 'sky130_fd_sc_hd__a22oi_2'
Circuit sky130_fd_sc_hd__a22oi_2 contains 16 device instances.
  Class: sky130_fd_pr__nfet_01v8 instances:   8
  Class: sky130_fd_pr__pfet_01v8_hvt instances:   8
Circuit contains 12 nets.
Contents of circuit 2:  Circuit: 'sky130_fd_sc_hd__a22oi_2'
Circuit sky130_fd_sc_hd__a22oi_2 contains 16 device instances.
  Class: sky130_fd_pr__nfet_01v8 instances:   8
  Class: sky130_fd_pr__pfet_01v8_hvt instances:   8
Circuit contains 12 nets.

Circuit was modified by parallel/series device merging.
New circuit summary:

Contents of circuit 1:  Circuit: 'sky130_fd_sc_hd__a22oi_2'
Circuit sky130_fd_sc_hd__a22oi_2 contains 8 device instances.
  Class: sky130_fd_pr__nfet_01v8 instances:   4
  Class: sky130_fd_pr__pfet_01v8_hvt instances:   4
Circuit contains 12 nets.
Contents of circuit 2:  Circuit: 'sky130_fd_sc_hd__a22oi_2'
Circuit sky130_fd_sc_hd__a22oi_2 contains 8 device instances.
  Class: sky130_fd_pr__nfet_01v8 instances:   4
  Class: sky130_fd_pr__pfet_01v8_hvt instances:   4
Circuit contains 12 nets.

Circuit 1 contains 8 devices, Circuit 2 contains 8 devices.
Circuit 1 contains 12 nets,    Circuit 2 contains 12 nets.


Contents of circuit 1:  Circuit: 'sky130_fd_sc_hd__nand2b_4'
Circuit sky130_fd_sc_hd__nand2b_4 contains 18 device instances.
  Class: sky130_fd_pr__nfet_01v8 instances:   9
  Class: sky130_fd_pr__pfet_01v8_hvt instances:   9
Circuit contains 9 nets.
Contents of circuit 2:  Circuit: 'sky130_fd_sc_hd__nand2b_4'
Circuit sky130_fd_sc_hd__nand2b_4 contains 18 device instances.
  Class: sky130_fd_pr__nfet_01v8 instances:   9
  Class: sky130_fd_pr__pfet_01v8_hvt instances:   9
Circuit contains 9 nets.

Circuit was modified by parallel/series device merging.
New circuit summary:

Contents of circuit 1:  Circuit: 'sky130_fd_sc_hd__nand2b_4'
Circuit sky130_fd_sc_hd__nand2b_4 contains 6 device instances.
  Class: sky130_fd_pr__nfet_01v8 instances:   3
  Class: sky130_fd_pr__pfet_01v8_hvt instances:   3
Circuit contains 9 nets.
Contents of circuit 2:  Circuit: 'sky130_fd_sc_hd__nand2b_4'
Circuit sky130_fd_sc_hd__nand2b_4 contains 6 device instances.
  Class: sky130_fd_pr__nfet_01v8 instances:   3
  Class: sky130_fd_pr__pfet_01v8_hvt instances:   3
Circuit contains 9 nets.

Circuit 1 contains 6 devices, Circuit 2 contains 6 devices.
Circuit 1 contains 9 nets,    Circuit 2 contains 9 nets.


Contents of circuit 1:  Circuit: 'sky130_fd_sc_hd__a21oi_2'
Circuit sky130_fd_sc_hd__a21oi_2 contains 12 device instances.
  Class: sky130_fd_pr__nfet_01v8 instances:   6
  Class: sky130_fd_pr__pfet_01v8_hvt instances:   6
Circuit contains 11 nets.
Contents of circuit 2:  Circuit: 'sky130_fd_sc_hd__a21oi_2'
Circuit sky130_fd_sc_hd__a21oi_2 contains 12 device instances.
  Class: sky130_fd_pr__nfet_01v8 instances:   6
  Class: sky130_fd_pr__pfet_01v8_hvt instances:   6
Circuit contains 11 nets.

Circuit was modified by parallel/series device merging.
New circuit summary:

Contents of circuit 1:  Circuit: 'sky130_fd_sc_hd__a21oi_2'
Circuit sky130_fd_sc_hd__a21oi_2 contains 8 device instances.
  Class: sky130_fd_pr__nfet_01v8 instances:   5
  Class: sky130_fd_pr__pfet_01v8_hvt instances:   3
Circuit contains 11 nets.
Contents of circuit 2:  Circuit: 'sky130_fd_sc_hd__a21oi_2'
Circuit sky130_fd_sc_hd__a21oi_2 contains 8 device instances.
  Class: sky130_fd_pr__nfet_01v8 instances:   5
  Class: sky130_fd_pr__pfet_01v8_hvt instances:   3
Circuit contains 11 nets.

Circuit 1 contains 8 devices, Circuit 2 contains 8 devices.
Circuit 1 contains 11 nets,    Circuit 2 contains 11 nets.


Contents of circuit 1:  Circuit: 'sky130_fd_sc_hd__o211a_2'
Circuit sky130_fd_sc_hd__o211a_2 contains 12 device instances.
  Class: sky130_fd_pr__nfet_01v8 instances:   6
  Class: sky130_fd_pr__pfet_01v8_hvt instances:   6
Circuit contains 13 nets.
Contents of circuit 2:  Circuit: 'sky130_fd_sc_hd__o211a_2'
Circuit sky130_fd_sc_hd__o211a_2 contains 12 device instances.
  Class: sky130_fd_pr__nfet_01v8 instances:   6
  Class: sky130_fd_pr__pfet_01v8_hvt instances:   6
Circuit contains 13 nets.

Circuit was modified by parallel/series device merging.
New circuit summary:

Contents of circuit 1:  Circuit: 'sky130_fd_sc_hd__o211a_2'
Circuit sky130_fd_sc_hd__o211a_2 contains 10 device instances.
  Class: sky130_fd_pr__nfet_01v8 instances:   5
  Class: sky130_fd_pr__pfet_01v8_hvt instances:   5
Circuit contains 13 nets.
Contents of circuit 2:  Circuit: 'sky130_fd_sc_hd__o211a_2'
Circuit sky130_fd_sc_hd__o211a_2 contains 10 device instances.
  Class: sky130_fd_pr__nfet_01v8 instances:   5
  Class: sky130_fd_pr__pfet_01v8_hvt instances:   5
Circuit contains 13 nets.

Circuit 1 contains 10 devices, Circuit 2 contains 10 devices.
Circuit 1 contains 13 nets,    Circuit 2 contains 13 nets.


Contents of circuit 1:  Circuit: 'sky130_fd_sc_hd__nand4b_1'
Circuit sky130_fd_sc_hd__nand4b_1 contains 10 device instances.
  Class: sky130_fd_pr__nfet_01v8 instances:   5
  Class: sky130_fd_pr__pfet_01v8_hvt instances:   5
Circuit contains 13 nets.
Contents of circuit 2:  Circuit: 'sky130_fd_sc_hd__nand4b_1'
Circuit sky130_fd_sc_hd__nand4b_1 contains 10 device instances.
  Class: sky130_fd_pr__nfet_01v8 instances:   5
  Class: sky130_fd_pr__pfet_01v8_hvt instances:   5
Circuit contains 13 nets.

Circuit 1 contains 10 devices, Circuit 2 contains 10 devices.
Circuit 1 contains 13 nets,    Circuit 2 contains 13 nets.


Contents of circuit 1:  Circuit: 'sky130_fd_sc_hd__ha_1'
Circuit sky130_fd_sc_hd__ha_1 contains 14 device instances.
  Class: sky130_fd_pr__nfet_01v8 instances:   7
  Class: sky130_fd_pr__pfet_01v8_hvt instances:   7
Circuit contains 13 nets.
Contents of circuit 2:  Circuit: 'sky130_fd_sc_hd__ha_1'
Circuit sky130_fd_sc_hd__ha_1 contains 14 device instances.
  Class: sky130_fd_pr__nfet_01v8 instances:   7
  Class: sky130_fd_pr__pfet_01v8_hvt instances:   7
Circuit contains 13 nets.

Circuit 1 contains 14 devices, Circuit 2 contains 14 devices.
Circuit 1 contains 13 nets,    Circuit 2 contains 13 nets.


Contents of circuit 1:  Circuit: 'sky130_fd_sc_hd__or4_4'
Circuit sky130_fd_sc_hd__or4_4 contains 16 device instances.
  Class: sky130_fd_pr__nfet_01v8 instances:   8
  Class: sky130_fd_pr__pfet_01v8_hvt instances:   8
Circuit contains 13 nets.
Contents of circuit 2:  Circuit: 'sky130_fd_sc_hd__or4_4'
Circuit sky130_fd_sc_hd__or4_4 contains 16 device instances.
  Class: sky130_fd_pr__nfet_01v8 instances:   8
  Class: sky130_fd_pr__pfet_01v8_hvt instances:   8
Circuit contains 13 nets.

Circuit was modified by parallel/series device merging.
New circuit summary:

Contents of circuit 1:  Circuit: 'sky130_fd_sc_hd__or4_4'
Circuit sky130_fd_sc_hd__or4_4 contains 10 device instances.
  Class: sky130_fd_pr__nfet_01v8 instances:   5
  Class: sky130_fd_pr__pfet_01v8_hvt instances:   5
Circuit contains 13 nets.
Contents of circuit 2:  Circuit: 'sky130_fd_sc_hd__or4_4'
Circuit sky130_fd_sc_hd__or4_4 contains 10 device instances.
  Class: sky130_fd_pr__nfet_01v8 instances:   5
  Class: sky130_fd_pr__pfet_01v8_hvt instances:   5
Circuit contains 13 nets.

Circuit 1 contains 10 devices, Circuit 2 contains 10 devices.
Circuit 1 contains 13 nets,    Circuit 2 contains 13 nets.


Contents of circuit 1:  Circuit: 'sky130_fd_sc_hd__inv_12'
Circuit sky130_fd_sc_hd__inv_12 contains 24 device instances.
  Class: sky130_fd_pr__nfet_01v8 instances:  12
  Class: sky130_fd_pr__pfet_01v8_hvt instances:  12
Circuit contains 6 nets.
Contents of circuit 2:  Circuit: 'sky130_fd_sc_hd__inv_12'
Circuit sky130_fd_sc_hd__inv_12 contains 24 device instances.
  Class: sky130_fd_pr__nfet_01v8 instances:  12
  Class: sky130_fd_pr__pfet_01v8_hvt instances:  12
Circuit contains 6 nets.

Circuit was modified by parallel/series device merging.
New circuit summary:

Contents of circuit 1:  Circuit: 'sky130_fd_sc_hd__inv_12'
Circuit sky130_fd_sc_hd__inv_12 contains 2 device instances.
  Class: sky130_fd_pr__nfet_01v8 instances:   1
  Class: sky130_fd_pr__pfet_01v8_hvt instances:   1
Circuit contains 6 nets.
Contents of circuit 2:  Circuit: 'sky130_fd_sc_hd__inv_12'
Circuit sky130_fd_sc_hd__inv_12 contains 2 device instances.
  Class: sky130_fd_pr__nfet_01v8 instances:   1
  Class: sky130_fd_pr__pfet_01v8_hvt instances:   1
Circuit contains 6 nets.

Circuit 1 contains 2 devices, Circuit 2 contains 2 devices.
Circuit 1 contains 6 nets,    Circuit 2 contains 6 nets.


Contents of circuit 1:  Circuit: 'sky130_fd_sc_hd__inv_8'
Circuit sky130_fd_sc_hd__inv_8 contains 16 device instances.
  Class: sky130_fd_pr__nfet_01v8 instances:   8
  Class: sky130_fd_pr__pfet_01v8_hvt instances:   8
Circuit contains 6 nets.
Contents of circuit 2:  Circuit: 'sky130_fd_sc_hd__inv_8'
Circuit sky130_fd_sc_hd__inv_8 contains 16 device instances.
  Class: sky130_fd_pr__nfet_01v8 instances:   8
  Class: sky130_fd_pr__pfet_01v8_hvt instances:   8
Circuit contains 6 nets.

Circuit was modified by parallel/series device merging.
New circuit summary:

Contents of circuit 1:  Circuit: 'sky130_fd_sc_hd__inv_8'
Circuit sky130_fd_sc_hd__inv_8 contains 2 device instances.
  Class: sky130_fd_pr__nfet_01v8 instances:   1
  Class: sky130_fd_pr__pfet_01v8_hvt instances:   1
Circuit contains 6 nets.
Contents of circuit 2:  Circuit: 'sky130_fd_sc_hd__inv_8'
Circuit sky130_fd_sc_hd__inv_8 contains 2 device instances.
  Class: sky130_fd_pr__nfet_01v8 instances:   1
  Class: sky130_fd_pr__pfet_01v8_hvt instances:   1
Circuit contains 6 nets.

Circuit 1 contains 2 devices, Circuit 2 contains 2 devices.
Circuit 1 contains 6 nets,    Circuit 2 contains 6 nets.


Contents of circuit 1:  Circuit: 'sky130_fd_sc_hd__o31a_1'
Circuit sky130_fd_sc_hd__o31a_1 contains 10 device instances.
  Class: sky130_fd_pr__nfet_01v8 instances:   5
  Class: sky130_fd_pr__pfet_01v8_hvt instances:   5
Circuit contains 13 nets.
Contents of circuit 2:  Circuit: 'sky130_fd_sc_hd__o31a_1'
Circuit sky130_fd_sc_hd__o31a_1 contains 10 device instances.
  Class: sky130_fd_pr__nfet_01v8 instances:   5
  Class: sky130_fd_pr__pfet_01v8_hvt instances:   5
Circuit contains 13 nets.

Circuit 1 contains 10 devices, Circuit 2 contains 10 devices.
Circuit 1 contains 13 nets,    Circuit 2 contains 13 nets.


Contents of circuit 1:  Circuit: 'sky130_fd_sc_hd__nand2_4'
Circuit sky130_fd_sc_hd__nand2_4 contains 16 device instances.
  Class: sky130_fd_pr__nfet_01v8 instances:   8
  Class: sky130_fd_pr__pfet_01v8_hvt instances:   8
Circuit contains 8 nets.
Contents of circuit 2:  Circuit: 'sky130_fd_sc_hd__nand2_4'
Circuit sky130_fd_sc_hd__nand2_4 contains 16 device instances.
  Class: sky130_fd_pr__nfet_01v8 instances:   8
  Class: sky130_fd_pr__pfet_01v8_hvt instances:   8
Circuit contains 8 nets.

Circuit was modified by parallel/series device merging.
New circuit summary:

Contents of circuit 1:  Circuit: 'sky130_fd_sc_hd__nand2_4'
Circuit sky130_fd_sc_hd__nand2_4 contains 4 device instances.
  Class: sky130_fd_pr__nfet_01v8 instances:   2
  Class: sky130_fd_pr__pfet_01v8_hvt instances:   2
Circuit contains 8 nets.
Contents of circuit 2:  Circuit: 'sky130_fd_sc_hd__nand2_4'
Circuit sky130_fd_sc_hd__nand2_4 contains 4 device instances.
  Class: sky130_fd_pr__nfet_01v8 instances:   2
  Class: sky130_fd_pr__pfet_01v8_hvt instances:   2
Circuit contains 8 nets.

Circuit 1 contains 4 devices, Circuit 2 contains 4 devices.
Circuit 1 contains 8 nets,    Circuit 2 contains 8 nets.


Contents of circuit 1:  Circuit: 'sky130_fd_sc_hd__nand2b_1'
Circuit sky130_fd_sc_hd__nand2b_1 contains 6 device instances.
  Class: sky130_fd_pr__nfet_01v8 instances:   3
  Class: sky130_fd_pr__pfet_01v8_hvt instances:   3
Circuit contains 9 nets.
Contents of circuit 2:  Circuit: 'sky130_fd_sc_hd__nand2b_1'
Circuit sky130_fd_sc_hd__nand2b_1 contains 6 device instances.
  Class: sky130_fd_pr__nfet_01v8 instances:   3
  Class: sky130_fd_pr__pfet_01v8_hvt instances:   3
Circuit contains 9 nets.

Circuit 1 contains 6 devices, Circuit 2 contains 6 devices.
Circuit 1 contains 9 nets,    Circuit 2 contains 9 nets.


Contents of circuit 1:  Circuit: 'sky130_fd_sc_hd__or4_1'
Circuit sky130_fd_sc_hd__or4_1 contains 10 device instances.
  Class: sky130_fd_pr__nfet_01v8 instances:   5
  Class: sky130_fd_pr__pfet_01v8_hvt instances:   5
Circuit contains 13 nets.
Contents of circuit 2:  Circuit: 'sky130_fd_sc_hd__or4_1'
Circuit sky130_fd_sc_hd__or4_1 contains 10 device instances.
  Class: sky130_fd_pr__nfet_01v8 instances:   5
  Class: sky130_fd_pr__pfet_01v8_hvt instances:   5
Circuit contains 13 nets.

Circuit 1 contains 10 devices, Circuit 2 contains 10 devices.
Circuit 1 contains 13 nets,    Circuit 2 contains 13 nets.


Contents of circuit 1:  Circuit: 'sky130_fd_sc_hd__nand2b_2'
Circuit sky130_fd_sc_hd__nand2b_2 contains 10 device instances.
  Class: sky130_fd_pr__nfet_01v8 instances:   5
  Class: sky130_fd_pr__pfet_01v8_hvt instances:   5
Circuit contains 9 nets.
Contents of circuit 2:  Circuit: 'sky130_fd_sc_hd__nand2b_2'
Circuit sky130_fd_sc_hd__nand2b_2 contains 10 device instances.
  Class: sky130_fd_pr__nfet_01v8 instances:   5
  Class: sky130_fd_pr__pfet_01v8_hvt instances:   5
Circuit contains 9 nets.

Circuit was modified by parallel/series device merging.
New circuit summary:

Contents of circuit 1:  Circuit: 'sky130_fd_sc_hd__nand2b_2'
Circuit sky130_fd_sc_hd__nand2b_2 contains 6 device instances.
  Class: sky130_fd_pr__nfet_01v8 instances:   3
  Class: sky130_fd_pr__pfet_01v8_hvt instances:   3
Circuit contains 9 nets.
Contents of circuit 2:  Circuit: 'sky130_fd_sc_hd__nand2b_2'
Circuit sky130_fd_sc_hd__nand2b_2 contains 6 device instances.
  Class: sky130_fd_pr__nfet_01v8 instances:   3
  Class: sky130_fd_pr__pfet_01v8_hvt instances:   3
Circuit contains 9 nets.

Circuit 1 contains 6 devices, Circuit 2 contains 6 devices.
Circuit 1 contains 9 nets,    Circuit 2 contains 9 nets.


Contents of circuit 1:  Circuit: 'sky130_fd_sc_hd__fa_2'
Circuit sky130_fd_sc_hd__fa_2 contains 32 device instances.
  Class: sky130_fd_pr__nfet_01v8 instances:  16
  Class: sky130_fd_pr__pfet_01v8_hvt instances:  16
Circuit contains 21 nets.
Contents of circuit 2:  Circuit: 'sky130_fd_sc_hd__fa_2'
Circuit sky130_fd_sc_hd__fa_2 contains 32 device instances.
  Class: sky130_fd_pr__nfet_01v8 instances:  16
  Class: sky130_fd_pr__pfet_01v8_hvt instances:  16
Circuit contains 21 nets.

Circuit was modified by parallel/series device merging.
New circuit summary:

Contents of circuit 1:  Circuit: 'sky130_fd_sc_hd__fa_2'
Circuit sky130_fd_sc_hd__fa_2 contains 28 device instances.
  Class: sky130_fd_pr__nfet_01v8 instances:  14
  Class: sky130_fd_pr__pfet_01v8_hvt instances:  14
Circuit contains 21 nets.
Contents of circuit 2:  Circuit: 'sky130_fd_sc_hd__fa_2'
Circuit sky130_fd_sc_hd__fa_2 contains 28 device instances.
  Class: sky130_fd_pr__nfet_01v8 instances:  14
  Class: sky130_fd_pr__pfet_01v8_hvt instances:  14
Circuit contains 21 nets.

Circuit 1 contains 28 devices, Circuit 2 contains 28 devices.
Circuit 1 contains 21 nets,    Circuit 2 contains 21 nets.


Contents of circuit 1:  Circuit: 'sky130_fd_sc_hd__a31oi_4'
Circuit sky130_fd_sc_hd__a31oi_4 contains 32 device instances.
  Class: sky130_fd_pr__nfet_01v8 instances:  16
  Class: sky130_fd_pr__pfet_01v8_hvt instances:  16
Circuit contains 12 nets.
Contents of circuit 2:  Circuit: 'sky130_fd_sc_hd__a31oi_4'
Circuit sky130_fd_sc_hd__a31oi_4 contains 32 device instances.
  Class: sky130_fd_pr__nfet_01v8 instances:  16
  Class: sky130_fd_pr__pfet_01v8_hvt instances:  16
Circuit contains 12 nets.

Circuit was modified by parallel/series device merging.
New circuit summary:

Contents of circuit 1:  Circuit: 'sky130_fd_sc_hd__a31oi_4'
Circuit sky130_fd_sc_hd__a31oi_4 contains 8 device instances.
  Class: sky130_fd_pr__nfet_01v8 instances:   4
  Class: sky130_fd_pr__pfet_01v8_hvt instances:   4
Circuit contains 12 nets.
Contents of circuit 2:  Circuit: 'sky130_fd_sc_hd__a31oi_4'
Circuit sky130_fd_sc_hd__a31oi_4 contains 8 device instances.
  Class: sky130_fd_pr__nfet_01v8 instances:   4
  Class: sky130_fd_pr__pfet_01v8_hvt instances:   4
Circuit contains 12 nets.

Circuit 1 contains 8 devices, Circuit 2 contains 8 devices.
Circuit 1 contains 12 nets,    Circuit 2 contains 12 nets.


Contents of circuit 1:  Circuit: 'sky130_fd_sc_hd__and3b_1'
Circuit sky130_fd_sc_hd__and3b_1 contains 10 device instances.
  Class: sky130_fd_pr__nfet_01v8 instances:   5
  Class: sky130_fd_pr__pfet_01v8_hvt instances:   5
Circuit contains 12 nets.
Contents of circuit 2:  Circuit: 'sky130_fd_sc_hd__and3b_1'
Circuit sky130_fd_sc_hd__and3b_1 contains 10 device instances.
  Class: sky130_fd_pr__nfet_01v8 instances:   5
  Class: sky130_fd_pr__pfet_01v8_hvt instances:   5
Circuit contains 12 nets.

Circuit 1 contains 10 devices, Circuit 2 contains 10 devices.
Circuit 1 contains 12 nets,    Circuit 2 contains 12 nets.


Contents of circuit 1:  Circuit: 'sky130_fd_sc_hd__o211ai_2'
Circuit sky130_fd_sc_hd__o211ai_2 contains 16 device instances.
  Class: sky130_fd_pr__nfet_01v8 instances:   8
  Class: sky130_fd_pr__pfet_01v8_hvt instances:   8
Circuit contains 12 nets.
Contents of circuit 2:  Circuit: 'sky130_fd_sc_hd__o211ai_2'
Circuit sky130_fd_sc_hd__o211ai_2 contains 16 device instances.
  Class: sky130_fd_pr__nfet_01v8 instances:   8
  Class: sky130_fd_pr__pfet_01v8_hvt instances:   8
Circuit contains 12 nets.

Circuit was modified by parallel/series device merging.
New circuit summary:

Contents of circuit 1:  Circuit: 'sky130_fd_sc_hd__o211ai_2'
Circuit sky130_fd_sc_hd__o211ai_2 contains 8 device instances.
  Class: sky130_fd_pr__nfet_01v8 instances:   4
  Class: sky130_fd_pr__pfet_01v8_hvt instances:   4
Circuit contains 12 nets.
Contents of circuit 2:  Circuit: 'sky130_fd_sc_hd__o211ai_2'
Circuit sky130_fd_sc_hd__o211ai_2 contains 8 device instances.
  Class: sky130_fd_pr__nfet_01v8 instances:   4
  Class: sky130_fd_pr__pfet_01v8_hvt instances:   4
Circuit contains 12 nets.

Circuit 1 contains 8 devices, Circuit 2 contains 8 devices.
Circuit 1 contains 12 nets,    Circuit 2 contains 12 nets.


Contents of circuit 1:  Circuit: 'sky130_fd_sc_hd__o41ai_2'
Circuit sky130_fd_sc_hd__o41ai_2 contains 20 device instances.
  Class: sky130_fd_pr__nfet_01v8 instances:  10
  Class: sky130_fd_pr__pfet_01v8_hvt instances:  10
Circuit contains 14 nets.
Contents of circuit 2:  Circuit: 'sky130_fd_sc_hd__o41ai_2'
Circuit sky130_fd_sc_hd__o41ai_2 contains 20 device instances.
  Class: sky130_fd_pr__nfet_01v8 instances:  10
  Class: sky130_fd_pr__pfet_01v8_hvt instances:  10
Circuit contains 14 nets.

Circuit was modified by parallel/series device merging.
New circuit summary:

Contents of circuit 1:  Circuit: 'sky130_fd_sc_hd__o41ai_2'
Circuit sky130_fd_sc_hd__o41ai_2 contains 10 device instances.
  Class: sky130_fd_pr__nfet_01v8 instances:   5
  Class: sky130_fd_pr__pfet_01v8_hvt instances:   5
Circuit contains 14 nets.
Contents of circuit 2:  Circuit: 'sky130_fd_sc_hd__o41ai_2'
Circuit sky130_fd_sc_hd__o41ai_2 contains 10 device instances.
  Class: sky130_fd_pr__nfet_01v8 instances:   5
  Class: sky130_fd_pr__pfet_01v8_hvt instances:   5
Circuit contains 14 nets.

Circuit 1 contains 10 devices, Circuit 2 contains 10 devices.
Circuit 1 contains 14 nets,    Circuit 2 contains 14 nets.


Contents of circuit 1:  Circuit: 'sky130_fd_sc_hd__or4_2'
Circuit sky130_fd_sc_hd__or4_2 contains 12 device instances.
  Class: sky130_fd_pr__nfet_01v8 instances:   6
  Class: sky130_fd_pr__pfet_01v8_hvt instances:   6
Circuit contains 13 nets.
Contents of circuit 2:  Circuit: 'sky130_fd_sc_hd__or4_2'
Circuit sky130_fd_sc_hd__or4_2 contains 12 device instances.
  Class: sky130_fd_pr__nfet_01v8 instances:   6
  Class: sky130_fd_pr__pfet_01v8_hvt instances:   6
Circuit contains 13 nets.

Circuit was modified by parallel/series device merging.
New circuit summary:

Contents of circuit 1:  Circuit: 'sky130_fd_sc_hd__or4_2'
Circuit sky130_fd_sc_hd__or4_2 contains 10 device instances.
  Class: sky130_fd_pr__nfet_01v8 instances:   5
  Class: sky130_fd_pr__pfet_01v8_hvt instances:   5
Circuit contains 13 nets.
Contents of circuit 2:  Circuit: 'sky130_fd_sc_hd__or4_2'
Circuit sky130_fd_sc_hd__or4_2 contains 10 device instances.
  Class: sky130_fd_pr__nfet_01v8 instances:   5
  Class: sky130_fd_pr__pfet_01v8_hvt instances:   5
Circuit contains 13 nets.

Circuit 1 contains 10 devices, Circuit 2 contains 10 devices.
Circuit 1 contains 13 nets,    Circuit 2 contains 13 nets.


Contents of circuit 1:  Circuit: 'sky130_fd_sc_hd__clkinv_4'
Circuit sky130_fd_sc_hd__clkinv_4 contains 10 device instances.
  Class: sky130_fd_pr__nfet_01v8 instances:   4
  Class: sky130_fd_pr__pfet_01v8_hvt instances:   6
Circuit contains 6 nets.
Contents of circuit 2:  Circuit: 'sky130_fd_sc_hd__clkinv_4'
Circuit sky130_fd_sc_hd__clkinv_4 contains 10 device instances.
  Class: sky130_fd_pr__nfet_01v8 instances:   4
  Class: sky130_fd_pr__pfet_01v8_hvt instances:   6
Circuit contains 6 nets.

Circuit was modified by parallel/series device merging.
New circuit summary:

Contents of circuit 1:  Circuit: 'sky130_fd_sc_hd__clkinv_4'
Circuit sky130_fd_sc_hd__clkinv_4 contains 2 device instances.
  Class: sky130_fd_pr__nfet_01v8 instances:   1
  Class: sky130_fd_pr__pfet_01v8_hvt instances:   1
Circuit contains 6 nets.
Contents of circuit 2:  Circuit: 'sky130_fd_sc_hd__clkinv_4'
Circuit sky130_fd_sc_hd__clkinv_4 contains 2 device instances.
  Class: sky130_fd_pr__nfet_01v8 instances:   1
  Class: sky130_fd_pr__pfet_01v8_hvt instances:   1
Circuit contains 6 nets.

Circuit 1 contains 2 devices, Circuit 2 contains 2 devices.
Circuit 1 contains 6 nets,    Circuit 2 contains 6 nets.


Contents of circuit 1:  Circuit: 'sky130_fd_sc_hd__buf_6'
Circuit sky130_fd_sc_hd__buf_6 contains 16 device instances.
  Class: sky130_fd_pr__nfet_01v8 instances:   8
  Class: sky130_fd_pr__pfet_01v8_hvt instances:   8
Circuit contains 7 nets.
Contents of circuit 2:  Circuit: 'sky130_fd_sc_hd__buf_6'
Circuit sky130_fd_sc_hd__buf_6 contains 16 device instances.
  Class: sky130_fd_pr__nfet_01v8 instances:   8
  Class: sky130_fd_pr__pfet_01v8_hvt instances:   8
Circuit contains 7 nets.

Circuit was modified by parallel/series device merging.
New circuit summary:

Contents of circuit 1:  Circuit: 'sky130_fd_sc_hd__buf_6'
Circuit sky130_fd_sc_hd__buf_6 contains 4 device instances.
  Class: sky130_fd_pr__nfet_01v8 instances:   2
  Class: sky130_fd_pr__pfet_01v8_hvt instances:   2
Circuit contains 7 nets.
Contents of circuit 2:  Circuit: 'sky130_fd_sc_hd__buf_6'
Circuit sky130_fd_sc_hd__buf_6 contains 4 device instances.
  Class: sky130_fd_pr__nfet_01v8 instances:   2
  Class: sky130_fd_pr__pfet_01v8_hvt instances:   2
Circuit contains 7 nets.

Circuit 1 contains 4 devices, Circuit 2 contains 4 devices.
Circuit 1 contains 7 nets,    Circuit 2 contains 7 nets.


Contents of circuit 1:  Circuit: 'sky130_fd_sc_hd__inv_6'
Circuit sky130_fd_sc_hd__inv_6 contains 12 device instances.
  Class: sky130_fd_pr__nfet_01v8 instances:   6
  Class: sky130_fd_pr__pfet_01v8_hvt instances:   6
Circuit contains 6 nets.
Contents of circuit 2:  Circuit: 'sky130_fd_sc_hd__inv_6'
Circuit sky130_fd_sc_hd__inv_6 contains 12 device instances.
  Class: sky130_fd_pr__nfet_01v8 instances:   6
  Class: sky130_fd_pr__pfet_01v8_hvt instances:   6
Circuit contains 6 nets.

Circuit was modified by parallel/series device merging.
New circuit summary:

Contents of circuit 1:  Circuit: 'sky130_fd_sc_hd__inv_6'
Circuit sky130_fd_sc_hd__inv_6 contains 2 device instances.
  Class: sky130_fd_pr__nfet_01v8 instances:   1
  Class: sky130_fd_pr__pfet_01v8_hvt instances:   1
Circuit contains 6 nets.
Contents of circuit 2:  Circuit: 'sky130_fd_sc_hd__inv_6'
Circuit sky130_fd_sc_hd__inv_6 contains 2 device instances.
  Class: sky130_fd_pr__nfet_01v8 instances:   1
  Class: sky130_fd_pr__pfet_01v8_hvt instances:   1
Circuit contains 6 nets.

Circuit 1 contains 2 devices, Circuit 2 contains 2 devices.
Circuit 1 contains 6 nets,    Circuit 2 contains 6 nets.


Contents of circuit 1:  Circuit: 'sky130_fd_sc_hd__nor2b_4'
Circuit sky130_fd_sc_hd__nor2b_4 contains 18 device instances.
  Class: sky130_fd_pr__nfet_01v8 instances:   9
  Class: sky130_fd_pr__pfet_01v8_hvt instances:   9
Circuit contains 9 nets.
Contents of circuit 2:  Circuit: 'sky130_fd_sc_hd__nor2b_4'
Circuit sky130_fd_sc_hd__nor2b_4 contains 18 device instances.
  Class: sky130_fd_pr__nfet_01v8 instances:   9
  Class: sky130_fd_pr__pfet_01v8_hvt instances:   9
Circuit contains 9 nets.

Circuit was modified by parallel/series device merging.
New circuit summary:

Contents of circuit 1:  Circuit: 'sky130_fd_sc_hd__nor2b_4'
Circuit sky130_fd_sc_hd__nor2b_4 contains 6 device instances.
  Class: sky130_fd_pr__nfet_01v8 instances:   3
  Class: sky130_fd_pr__pfet_01v8_hvt instances:   3
Circuit contains 9 nets.
Contents of circuit 2:  Circuit: 'sky130_fd_sc_hd__nor2b_4'
Circuit sky130_fd_sc_hd__nor2b_4 contains 6 device instances.
  Class: sky130_fd_pr__nfet_01v8 instances:   3
  Class: sky130_fd_pr__pfet_01v8_hvt instances:   3
Circuit contains 9 nets.

Circuit 1 contains 6 devices, Circuit 2 contains 6 devices.
Circuit 1 contains 9 nets,    Circuit 2 contains 9 nets.


Contents of circuit 1:  Circuit: 'sky130_fd_sc_hd__nor4b_1'
Circuit sky130_fd_sc_hd__nor4b_1 contains 10 device instances.
  Class: sky130_fd_pr__nfet_01v8 instances:   5
  Class: sky130_fd_pr__pfet_01v8_hvt instances:   5
Circuit contains 13 nets.
Contents of circuit 2:  Circuit: 'sky130_fd_sc_hd__nor4b_1'
Circuit sky130_fd_sc_hd__nor4b_1 contains 10 device instances.
  Class: sky130_fd_pr__nfet_01v8 instances:   5
  Class: sky130_fd_pr__pfet_01v8_hvt instances:   5
Circuit contains 13 nets.

Circuit 1 contains 10 devices, Circuit 2 contains 10 devices.
Circuit 1 contains 13 nets,    Circuit 2 contains 13 nets.


Contents of circuit 1:  Circuit: 'sky130_fd_sc_hd__a221oi_2'
Circuit sky130_fd_sc_hd__a221oi_2 contains 20 device instances.
  Class: sky130_fd_pr__nfet_01v8 instances:  10
  Class: sky130_fd_pr__pfet_01v8_hvt instances:  10
Circuit contains 14 nets.
Contents of circuit 2:  Circuit: 'sky130_fd_sc_hd__a221oi_2'
Circuit sky130_fd_sc_hd__a221oi_2 contains 20 device instances.
  Class: sky130_fd_pr__nfet_01v8 instances:  10
  Class: sky130_fd_pr__pfet_01v8_hvt instances:  10
Circuit contains 14 nets.

Circuit was modified by parallel/series device merging.
New circuit summary:

Contents of circuit 1:  Circuit: 'sky130_fd_sc_hd__a221oi_2'
Circuit sky130_fd_sc_hd__a221oi_2 contains 10 device instances.
  Class: sky130_fd_pr__nfet_01v8 instances:   5
  Class: sky130_fd_pr__pfet_01v8_hvt instances:   5
Circuit contains 14 nets.
Contents of circuit 2:  Circuit: 'sky130_fd_sc_hd__a221oi_2'
Circuit sky130_fd_sc_hd__a221oi_2 contains 10 device instances.
  Class: sky130_fd_pr__nfet_01v8 instances:   5
  Class: sky130_fd_pr__pfet_01v8_hvt instances:   5
Circuit contains 14 nets.

Circuit 1 contains 10 devices, Circuit 2 contains 10 devices.
Circuit 1 contains 14 nets,    Circuit 2 contains 14 nets.


Contents of circuit 1:  Circuit: 'sky130_fd_sc_hd__nor3_4'
Circuit sky130_fd_sc_hd__nor3_4 contains 24 device instances.
  Class: sky130_fd_pr__nfet_01v8 instances:  12
  Class: sky130_fd_pr__pfet_01v8_hvt instances:  12
Circuit contains 10 nets.
Contents of circuit 2:  Circuit: 'sky130_fd_sc_hd__nor3_4'
Circuit sky130_fd_sc_hd__nor3_4 contains 24 device instances.
  Class: sky130_fd_pr__nfet_01v8 instances:  12
  Class: sky130_fd_pr__pfet_01v8_hvt instances:  12
Circuit contains 10 nets.

Circuit was modified by parallel/series device merging.
New circuit summary:

Contents of circuit 1:  Circuit: 'sky130_fd_sc_hd__nor3_4'
Circuit sky130_fd_sc_hd__nor3_4 contains 6 device instances.
  Class: sky130_fd_pr__nfet_01v8 instances:   3
  Class: sky130_fd_pr__pfet_01v8_hvt instances:   3
Circuit contains 10 nets.
Contents of circuit 2:  Circuit: 'sky130_fd_sc_hd__nor3_4'
Circuit sky130_fd_sc_hd__nor3_4 contains 6 device instances.
  Class: sky130_fd_pr__nfet_01v8 instances:   3
  Class: sky130_fd_pr__pfet_01v8_hvt instances:   3
Circuit contains 10 nets.

Circuit 1 contains 6 devices, Circuit 2 contains 6 devices.
Circuit 1 contains 10 nets,    Circuit 2 contains 10 nets.


Contents of circuit 1:  Circuit: 'sky130_fd_sc_hd__nand2_2'
Circuit sky130_fd_sc_hd__nand2_2 contains 8 device instances.
  Class: sky130_fd_pr__nfet_01v8 instances:   4
  Class: sky130_fd_pr__pfet_01v8_hvt instances:   4
Circuit contains 8 nets.
Contents of circuit 2:  Circuit: 'sky130_fd_sc_hd__nand2_2'
Circuit sky130_fd_sc_hd__nand2_2 contains 8 device instances.
  Class: sky130_fd_pr__nfet_01v8 instances:   4
  Class: sky130_fd_pr__pfet_01v8_hvt instances:   4
Circuit contains 8 nets.

Circuit was modified by parallel/series device merging.
New circuit summary:

Contents of circuit 1:  Circuit: 'sky130_fd_sc_hd__nand2_2'
Circuit sky130_fd_sc_hd__nand2_2 contains 4 device instances.
  Class: sky130_fd_pr__nfet_01v8 instances:   2
  Class: sky130_fd_pr__pfet_01v8_hvt instances:   2
Circuit contains 8 nets.
Contents of circuit 2:  Circuit: 'sky130_fd_sc_hd__nand2_2'
Circuit sky130_fd_sc_hd__nand2_2 contains 4 device instances.
  Class: sky130_fd_pr__nfet_01v8 instances:   2
  Class: sky130_fd_pr__pfet_01v8_hvt instances:   2
Circuit contains 8 nets.

Circuit 1 contains 4 devices, Circuit 2 contains 4 devices.
Circuit 1 contains 8 nets,    Circuit 2 contains 8 nets.


Contents of circuit 1:  Circuit: 'sky130_fd_sc_hd__a31oi_2'
Circuit sky130_fd_sc_hd__a31oi_2 contains 16 device instances.
  Class: sky130_fd_pr__nfet_01v8 instances:   8
  Class: sky130_fd_pr__pfet_01v8_hvt instances:   8
Circuit contains 12 nets.
Contents of circuit 2:  Circuit: 'sky130_fd_sc_hd__a31oi_2'
Circuit sky130_fd_sc_hd__a31oi_2 contains 16 device instances.
  Class: sky130_fd_pr__nfet_01v8 instances:   8
  Class: sky130_fd_pr__pfet_01v8_hvt instances:   8
Circuit contains 12 nets.

Circuit was modified by parallel/series device merging.
New circuit summary:

Contents of circuit 1:  Circuit: 'sky130_fd_sc_hd__a31oi_2'
Circuit sky130_fd_sc_hd__a31oi_2 contains 8 device instances.
  Class: sky130_fd_pr__nfet_01v8 instances:   4
  Class: sky130_fd_pr__pfet_01v8_hvt instances:   4
Circuit contains 12 nets.
Contents of circuit 2:  Circuit: 'sky130_fd_sc_hd__a31oi_2'
Circuit sky130_fd_sc_hd__a31oi_2 contains 8 device instances.
  Class: sky130_fd_pr__nfet_01v8 instances:   4
  Class: sky130_fd_pr__pfet_01v8_hvt instances:   4
Circuit contains 12 nets.

Circuit 1 contains 8 devices, Circuit 2 contains 8 devices.
Circuit 1 contains 12 nets,    Circuit 2 contains 12 nets.


Contents of circuit 1:  Circuit: 'sky130_fd_sc_hd__and3_4'
Circuit sky130_fd_sc_hd__and3_4 contains 14 device instances.
  Class: sky130_fd_pr__nfet_01v8 instances:   7
  Class: sky130_fd_pr__pfet_01v8_hvt instances:   7
Circuit contains 11 nets.
Contents of circuit 2:  Circuit: 'sky130_fd_sc_hd__and3_4'
Circuit sky130_fd_sc_hd__and3_4 contains 14 device instances.
  Class: sky130_fd_pr__nfet_01v8 instances:   7
  Class: sky130_fd_pr__pfet_01v8_hvt instances:   7
Circuit contains 11 nets.

Circuit was modified by parallel/series device merging.
New circuit summary:

Contents of circuit 1:  Circuit: 'sky130_fd_sc_hd__and3_4'
Circuit sky130_fd_sc_hd__and3_4 contains 8 device instances.
  Class: sky130_fd_pr__nfet_01v8 instances:   4
  Class: sky130_fd_pr__pfet_01v8_hvt instances:   4
Circuit contains 11 nets.
Contents of circuit 2:  Circuit: 'sky130_fd_sc_hd__and3_4'
Circuit sky130_fd_sc_hd__and3_4 contains 8 device instances.
  Class: sky130_fd_pr__nfet_01v8 instances:   4
  Class: sky130_fd_pr__pfet_01v8_hvt instances:   4
Circuit contains 11 nets.

Circuit 1 contains 8 devices, Circuit 2 contains 8 devices.
Circuit 1 contains 11 nets,    Circuit 2 contains 11 nets.


Contents of circuit 1:  Circuit: 'sky130_fd_sc_hd__clkbuf_2'
Circuit sky130_fd_sc_hd__clkbuf_2 contains 6 device instances.
  Class: sky130_fd_pr__nfet_01v8 instances:   3
  Class: sky130_fd_pr__pfet_01v8_hvt instances:   3
Circuit contains 7 nets.
Contents of circuit 2:  Circuit: 'sky130_fd_sc_hd__clkbuf_2'
Circuit sky130_fd_sc_hd__clkbuf_2 contains 6 device instances.
  Class: sky130_fd_pr__nfet_01v8 instances:   3
  Class: sky130_fd_pr__pfet_01v8_hvt instances:   3
Circuit contains 7 nets.

Circuit was modified by parallel/series device merging.
New circuit summary:

Contents of circuit 1:  Circuit: 'sky130_fd_sc_hd__clkbuf_2'
Circuit sky130_fd_sc_hd__clkbuf_2 contains 4 device instances.
  Class: sky130_fd_pr__nfet_01v8 instances:   2
  Class: sky130_fd_pr__pfet_01v8_hvt instances:   2
Circuit contains 7 nets.
Contents of circuit 2:  Circuit: 'sky130_fd_sc_hd__clkbuf_2'
Circuit sky130_fd_sc_hd__clkbuf_2 contains 4 device instances.
  Class: sky130_fd_pr__nfet_01v8 instances:   2
  Class: sky130_fd_pr__pfet_01v8_hvt instances:   2
Circuit contains 7 nets.

Circuit 1 contains 4 devices, Circuit 2 contains 4 devices.
Circuit 1 contains 7 nets,    Circuit 2 contains 7 nets.


Contents of circuit 1:  Circuit: 'sky130_fd_sc_hd__clkinv_2'
Circuit sky130_fd_sc_hd__clkinv_2 contains 5 device instances.
  Class: sky130_fd_pr__nfet_01v8 instances:   2
  Class: sky130_fd_pr__pfet_01v8_hvt instances:   3
Circuit contains 6 nets.
Contents of circuit 2:  Circuit: 'sky130_fd_sc_hd__clkinv_2'
Circuit sky130_fd_sc_hd__clkinv_2 contains 5 device instances.
  Class: sky130_fd_pr__nfet_01v8 instances:   2
  Class: sky130_fd_pr__pfet_01v8_hvt instances:   3
Circuit contains 6 nets.

Circuit was modified by parallel/series device merging.
New circuit summary:

Contents of circuit 1:  Circuit: 'sky130_fd_sc_hd__clkinv_2'
Circuit sky130_fd_sc_hd__clkinv_2 contains 2 device instances.
  Class: sky130_fd_pr__nfet_01v8 instances:   1
  Class: sky130_fd_pr__pfet_01v8_hvt instances:   1
Circuit contains 6 nets.
Contents of circuit 2:  Circuit: 'sky130_fd_sc_hd__clkinv_2'
Circuit sky130_fd_sc_hd__clkinv_2 contains 2 device instances.
  Class: sky130_fd_pr__nfet_01v8 instances:   1
  Class: sky130_fd_pr__pfet_01v8_hvt instances:   1
Circuit contains 6 nets.

Circuit 1 contains 2 devices, Circuit 2 contains 2 devices.
Circuit 1 contains 6 nets,    Circuit 2 contains 6 nets.


Contents of circuit 1:  Circuit: 'sky130_fd_sc_hd__dfxtp_4'
Circuit sky130_fd_sc_hd__dfxtp_4 contains 30 device instances.
  Class: sky130_fd_pr__nfet_01v8 instances:  11
  Class: sky130_fd_pr__pfet_01v8_hvt instances:  15
  Class: sky130_fd_pr__special_nfet_01v8 instances:   4
Circuit contains 18 nets.
Contents of circuit 2:  Circuit: 'sky130_fd_sc_hd__dfxtp_4'
Circuit sky130_fd_sc_hd__dfxtp_4 contains 30 device instances.
  Class: sky130_fd_pr__nfet_01v8 instances:  11
  Class: sky130_fd_pr__pfet_01v8_hvt instances:  15
  Class: sky130_fd_pr__special_nfet_01v8 instances:   4
Circuit contains 18 nets.

Circuit was modified by parallel/series device merging.
New circuit summary:

Contents of circuit 1:  Circuit: 'sky130_fd_sc_hd__dfxtp_4'
Circuit sky130_fd_sc_hd__dfxtp_4 contains 24 device instances.
  Class: sky130_fd_pr__nfet_01v8 instances:   8
  Class: sky130_fd_pr__pfet_01v8_hvt instances:  12
  Class: sky130_fd_pr__special_nfet_01v8 instances:   4
Circuit contains 18 nets.
Contents of circuit 2:  Circuit: 'sky130_fd_sc_hd__dfxtp_4'
Circuit sky130_fd_sc_hd__dfxtp_4 contains 24 device instances.
  Class: sky130_fd_pr__nfet_01v8 instances:   8
  Class: sky130_fd_pr__pfet_01v8_hvt instances:  12
  Class: sky130_fd_pr__special_nfet_01v8 instances:   4
Circuit contains 18 nets.

Circuit 1 contains 24 devices, Circuit 2 contains 24 devices.
Circuit 1 contains 18 nets,    Circuit 2 contains 18 nets.


Contents of circuit 1:  Circuit: 'sky130_fd_sc_hd__buf_4'
Circuit sky130_fd_sc_hd__buf_4 contains 10 device instances.
  Class: sky130_fd_pr__nfet_01v8 instances:   5
  Class: sky130_fd_pr__pfet_01v8_hvt instances:   5
Circuit contains 7 nets.
Contents of circuit 2:  Circuit: 'sky130_fd_sc_hd__buf_4'
Circuit sky130_fd_sc_hd__buf_4 contains 10 device instances.
  Class: sky130_fd_pr__nfet_01v8 instances:   5
  Class: sky130_fd_pr__pfet_01v8_hvt instances:   5
Circuit contains 7 nets.

Circuit was modified by parallel/series device merging.
New circuit summary:

Contents of circuit 1:  Circuit: 'sky130_fd_sc_hd__buf_4'
Circuit sky130_fd_sc_hd__buf_4 contains 4 device instances.
  Class: sky130_fd_pr__nfet_01v8 instances:   2
  Class: sky130_fd_pr__pfet_01v8_hvt instances:   2
Circuit contains 7 nets.
Contents of circuit 2:  Circuit: 'sky130_fd_sc_hd__buf_4'
Circuit sky130_fd_sc_hd__buf_4 contains 4 device instances.
  Class: sky130_fd_pr__nfet_01v8 instances:   2
  Class: sky130_fd_pr__pfet_01v8_hvt instances:   2
Circuit contains 7 nets.

Circuit 1 contains 4 devices, Circuit 2 contains 4 devices.
Circuit 1 contains 7 nets,    Circuit 2 contains 7 nets.


Contents of circuit 1:  Circuit: 'sky130_fd_sc_hd__inv_4'
Circuit sky130_fd_sc_hd__inv_4 contains 8 device instances.
  Class: sky130_fd_pr__nfet_01v8 instances:   4
  Class: sky130_fd_pr__pfet_01v8_hvt instances:   4
Circuit contains 6 nets.
Contents of circuit 2:  Circuit: 'sky130_fd_sc_hd__inv_4'
Circuit sky130_fd_sc_hd__inv_4 contains 8 device instances.
  Class: sky130_fd_pr__nfet_01v8 instances:   4
  Class: sky130_fd_pr__pfet_01v8_hvt instances:   4
Circuit contains 6 nets.

Circuit was modified by parallel/series device merging.
New circuit summary:

Contents of circuit 1:  Circuit: 'sky130_fd_sc_hd__inv_4'
Circuit sky130_fd_sc_hd__inv_4 contains 2 device instances.
  Class: sky130_fd_pr__nfet_01v8 instances:   1
  Class: sky130_fd_pr__pfet_01v8_hvt instances:   1
Circuit contains 6 nets.
Contents of circuit 2:  Circuit: 'sky130_fd_sc_hd__inv_4'
Circuit sky130_fd_sc_hd__inv_4 contains 2 device instances.
  Class: sky130_fd_pr__nfet_01v8 instances:   1
  Class: sky130_fd_pr__pfet_01v8_hvt instances:   1
Circuit contains 6 nets.

Circuit 1 contains 2 devices, Circuit 2 contains 2 devices.
Circuit 1 contains 6 nets,    Circuit 2 contains 6 nets.


Contents of circuit 1:  Circuit: 'sky130_fd_sc_hd__nor2b_2'
Circuit sky130_fd_sc_hd__nor2b_2 contains 10 device instances.
  Class: sky130_fd_pr__nfet_01v8 instances:   5
  Class: sky130_fd_pr__pfet_01v8_hvt instances:   5
Circuit contains 9 nets.
Contents of circuit 2:  Circuit: 'sky130_fd_sc_hd__nor2b_2'
Circuit sky130_fd_sc_hd__nor2b_2 contains 10 device instances.
  Class: sky130_fd_pr__nfet_01v8 instances:   5
  Class: sky130_fd_pr__pfet_01v8_hvt instances:   5
Circuit contains 9 nets.

Circuit was modified by parallel/series device merging.
New circuit summary:

Contents of circuit 1:  Circuit: 'sky130_fd_sc_hd__nor2b_2'
Circuit sky130_fd_sc_hd__nor2b_2 contains 6 device instances.
  Class: sky130_fd_pr__nfet_01v8 instances:   3
  Class: sky130_fd_pr__pfet_01v8_hvt instances:   3
Circuit contains 9 nets.
Contents of circuit 2:  Circuit: 'sky130_fd_sc_hd__nor2b_2'
Circuit sky130_fd_sc_hd__nor2b_2 contains 6 device instances.
  Class: sky130_fd_pr__nfet_01v8 instances:   3
  Class: sky130_fd_pr__pfet_01v8_hvt instances:   3
Circuit contains 9 nets.

Circuit 1 contains 6 devices, Circuit 2 contains 6 devices.
Circuit 1 contains 9 nets,    Circuit 2 contains 9 nets.


Contents of circuit 1:  Circuit: 'sky130_fd_sc_hd__a21boi_2'
Circuit sky130_fd_sc_hd__a21boi_2 contains 14 device instances.
  Class: sky130_fd_pr__nfet_01v8 instances:   7
  Class: sky130_fd_pr__pfet_01v8_hvt instances:   7
Circuit contains 12 nets.
Contents of circuit 2:  Circuit: 'sky130_fd_sc_hd__a21boi_2'
Circuit sky130_fd_sc_hd__a21boi_2 contains 14 device instances.
  Class: sky130_fd_pr__nfet_01v8 instances:   7
  Class: sky130_fd_pr__pfet_01v8_hvt instances:   7
Circuit contains 12 nets.

Circuit was modified by parallel/series device merging.
New circuit summary:

Contents of circuit 1:  Circuit: 'sky130_fd_sc_hd__a21boi_2'
Circuit sky130_fd_sc_hd__a21boi_2 contains 10 device instances.
  Class: sky130_fd_pr__nfet_01v8 instances:   6
  Class: sky130_fd_pr__pfet_01v8_hvt instances:   4
Circuit contains 12 nets.
Contents of circuit 2:  Circuit: 'sky130_fd_sc_hd__a21boi_2'
Circuit sky130_fd_sc_hd__a21boi_2 contains 10 device instances.
  Class: sky130_fd_pr__nfet_01v8 instances:   6
  Class: sky130_fd_pr__pfet_01v8_hvt instances:   4
Circuit contains 12 nets.

Circuit 1 contains 10 devices, Circuit 2 contains 10 devices.
Circuit 1 contains 12 nets,    Circuit 2 contains 12 nets.


Contents of circuit 1:  Circuit: 'sky130_fd_sc_hd__a21o_1'
Circuit sky130_fd_sc_hd__a21o_1 contains 8 device instances.
  Class: sky130_fd_pr__nfet_01v8 instances:   4
  Class: sky130_fd_pr__pfet_01v8_hvt instances:   4
Circuit contains 11 nets.
Contents of circuit 2:  Circuit: 'sky130_fd_sc_hd__a21o_1'
Circuit sky130_fd_sc_hd__a21o_1 contains 8 device instances.
  Class: sky130_fd_pr__nfet_01v8 instances:   4
  Class: sky130_fd_pr__pfet_01v8_hvt instances:   4
Circuit contains 11 nets.

Circuit 1 contains 8 devices, Circuit 2 contains 8 devices.
Circuit 1 contains 11 nets,    Circuit 2 contains 11 nets.


Contents of circuit 1:  Circuit: 'sky130_fd_sc_hd__nor3b_1'
Circuit sky130_fd_sc_hd__nor3b_1 contains 8 device instances.
  Class: sky130_fd_pr__nfet_01v8 instances:   4
  Class: sky130_fd_pr__pfet_01v8_hvt instances:   4
Circuit contains 11 nets.
Contents of circuit 2:  Circuit: 'sky130_fd_sc_hd__nor3b_1'
Circuit sky130_fd_sc_hd__nor3b_1 contains 8 device instances.
  Class: sky130_fd_pr__nfet_01v8 instances:   4
  Class: sky130_fd_pr__pfet_01v8_hvt instances:   4
Circuit contains 11 nets.

Circuit 1 contains 8 devices, Circuit 2 contains 8 devices.
Circuit 1 contains 11 nets,    Circuit 2 contains 11 nets.


Contents of circuit 1:  Circuit: 'sky130_fd_sc_hd__nor3_2'
Circuit sky130_fd_sc_hd__nor3_2 contains 12 device instances.
  Class: sky130_fd_pr__nfet_01v8 instances:   6
  Class: sky130_fd_pr__pfet_01v8_hvt instances:   6
Circuit contains 10 nets.
Contents of circuit 2:  Circuit: 'sky130_fd_sc_hd__nor3_2'
Circuit sky130_fd_sc_hd__nor3_2 contains 12 device instances.
  Class: sky130_fd_pr__nfet_01v8 instances:   6
  Class: sky130_fd_pr__pfet_01v8_hvt instances:   6
Circuit contains 10 nets.

Circuit was modified by parallel/series device merging.
New circuit summary:

Contents of circuit 1:  Circuit: 'sky130_fd_sc_hd__nor3_2'
Circuit sky130_fd_sc_hd__nor3_2 contains 6 device instances.
  Class: sky130_fd_pr__nfet_01v8 instances:   3
  Class: sky130_fd_pr__pfet_01v8_hvt instances:   3
Circuit contains 10 nets.
Contents of circuit 2:  Circuit: 'sky130_fd_sc_hd__nor3_2'
Circuit sky130_fd_sc_hd__nor3_2 contains 6 device instances.
  Class: sky130_fd_pr__nfet_01v8 instances:   3
  Class: sky130_fd_pr__pfet_01v8_hvt instances:   3
Circuit contains 10 nets.

Circuit 1 contains 6 devices, Circuit 2 contains 6 devices.
Circuit 1 contains 10 nets,    Circuit 2 contains 10 nets.


Contents of circuit 1:  Circuit: 'sky130_fd_sc_hd__o22ai_1'
Circuit sky130_fd_sc_hd__o22ai_1 contains 8 device instances.
  Class: sky130_fd_pr__nfet_01v8 instances:   4
  Class: sky130_fd_pr__pfet_01v8_hvt instances:   4
Circuit contains 12 nets.
Contents of circuit 2:  Circuit: 'sky130_fd_sc_hd__o22ai_1'
Circuit sky130_fd_sc_hd__o22ai_1 contains 8 device instances.
  Class: sky130_fd_pr__nfet_01v8 instances:   4
  Class: sky130_fd_pr__pfet_01v8_hvt instances:   4
Circuit contains 12 nets.

Circuit 1 contains 8 devices, Circuit 2 contains 8 devices.
Circuit 1 contains 12 nets,    Circuit 2 contains 12 nets.


Contents of circuit 1:  Circuit: 'sky130_fd_sc_hd__o2111ai_1'
Circuit sky130_fd_sc_hd__o2111ai_1 contains 10 device instances.
  Class: sky130_fd_pr__nfet_01v8 instances:   5
  Class: sky130_fd_pr__pfet_01v8_hvt instances:   5
Circuit contains 14 nets.
Contents of circuit 2:  Circuit: 'sky130_fd_sc_hd__o2111ai_1'
Circuit sky130_fd_sc_hd__o2111ai_1 contains 10 device instances.
  Class: sky130_fd_pr__nfet_01v8 instances:   5
  Class: sky130_fd_pr__pfet_01v8_hvt instances:   5
Circuit contains 14 nets.

Circuit 1 contains 10 devices, Circuit 2 contains 10 devices.
Circuit 1 contains 14 nets,    Circuit 2 contains 14 nets.


Contents of circuit 1:  Circuit: 'sky130_fd_sc_hd__a311oi_1'
Circuit sky130_fd_sc_hd__a311oi_1 contains 10 device instances.
  Class: sky130_fd_pr__nfet_01v8 instances:   5
  Class: sky130_fd_pr__pfet_01v8_hvt instances:   5
Circuit contains 14 nets.
Contents of circuit 2:  Circuit: 'sky130_fd_sc_hd__a311oi_1'
Circuit sky130_fd_sc_hd__a311oi_1 contains 10 device instances.
  Class: sky130_fd_pr__nfet_01v8 instances:   5
  Class: sky130_fd_pr__pfet_01v8_hvt instances:   5
Circuit contains 14 nets.

Circuit 1 contains 10 devices, Circuit 2 contains 10 devices.
Circuit 1 contains 14 nets,    Circuit 2 contains 14 nets.


Contents of circuit 1:  Circuit: 'sky130_fd_sc_hd__or2_1'
Circuit sky130_fd_sc_hd__or2_1 contains 6 device instances.
  Class: sky130_fd_pr__nfet_01v8 instances:   3
  Class: sky130_fd_pr__pfet_01v8_hvt instances:   3
Circuit contains 9 nets.
Contents of circuit 2:  Circuit: 'sky130_fd_sc_hd__or2_1'
Circuit sky130_fd_sc_hd__or2_1 contains 6 device instances.
  Class: sky130_fd_pr__nfet_01v8 instances:   3
  Class: sky130_fd_pr__pfet_01v8_hvt instances:   3
Circuit contains 9 nets.

Circuit 1 contains 6 devices, Circuit 2 contains 6 devices.
Circuit 1 contains 9 nets,    Circuit 2 contains 9 nets.


Contents of circuit 1:  Circuit: 'sky130_fd_sc_hd__o21bai_4'
Circuit sky130_fd_sc_hd__o21bai_4 contains 26 device instances.
  Class: sky130_fd_pr__nfet_01v8 instances:  13
  Class: sky130_fd_pr__pfet_01v8_hvt instances:  13
Circuit contains 11 nets.
Contents of circuit 2:  Circuit: 'sky130_fd_sc_hd__o21bai_4'
Circuit sky130_fd_sc_hd__o21bai_4 contains 26 device instances.
  Class: sky130_fd_pr__nfet_01v8 instances:  13
  Class: sky130_fd_pr__pfet_01v8_hvt instances:  13
Circuit contains 11 nets.

Circuit was modified by parallel/series device merging.
New circuit summary:

Contents of circuit 1:  Circuit: 'sky130_fd_sc_hd__o21bai_4'
Circuit sky130_fd_sc_hd__o21bai_4 contains 8 device instances.
  Class: sky130_fd_pr__nfet_01v8 instances:   4
  Class: sky130_fd_pr__pfet_01v8_hvt instances:   4
Circuit contains 11 nets.
Contents of circuit 2:  Circuit: 'sky130_fd_sc_hd__o21bai_4'
Circuit sky130_fd_sc_hd__o21bai_4 contains 8 device instances.
  Class: sky130_fd_pr__nfet_01v8 instances:   4
  Class: sky130_fd_pr__pfet_01v8_hvt instances:   4
Circuit contains 11 nets.

Circuit 1 contains 8 devices, Circuit 2 contains 8 devices.
Circuit 1 contains 11 nets,    Circuit 2 contains 11 nets.


Contents of circuit 1:  Circuit: 'sky130_fd_sc_hd__a222oi_1'
Circuit sky130_fd_sc_hd__a222oi_1 contains 12 device instances.
  Class: sky130_fd_pr__nfet_01v8 instances:   6
  Class: sky130_fd_pr__pfet_01v8_hvt instances:   6
Circuit contains 16 nets.
Contents of circuit 2:  Circuit: 'sky130_fd_sc_hd__a222oi_1'
Circuit sky130_fd_sc_hd__a222oi_1 contains 12 device instances.
  Class: sky130_fd_pr__nfet_01v8 instances:   6
  Class: sky130_fd_pr__pfet_01v8_hvt instances:   6
Circuit contains 16 nets.

Circuit 1 contains 12 devices, Circuit 2 contains 12 devices.
Circuit 1 contains 16 nets,    Circuit 2 contains 16 nets.


Contents of circuit 1:  Circuit: 'sky130_fd_sc_hd__o221ai_2'
Circuit sky130_fd_sc_hd__o221ai_2 contains 20 device instances.
  Class: sky130_fd_pr__nfet_01v8 instances:  10
  Class: sky130_fd_pr__pfet_01v8_hvt instances:  10
Circuit contains 14 nets.
Contents of circuit 2:  Circuit: 'sky130_fd_sc_hd__o221ai_2'
Circuit sky130_fd_sc_hd__o221ai_2 contains 20 device instances.
  Class: sky130_fd_pr__nfet_01v8 instances:  10
  Class: sky130_fd_pr__pfet_01v8_hvt instances:  10
Circuit contains 14 nets.

Circuit was modified by parallel/series device merging.
New circuit summary:

Contents of circuit 1:  Circuit: 'sky130_fd_sc_hd__o221ai_2'
Circuit sky130_fd_sc_hd__o221ai_2 contains 10 device instances.
  Class: sky130_fd_pr__nfet_01v8 instances:   5
  Class: sky130_fd_pr__pfet_01v8_hvt instances:   5
Circuit contains 14 nets.
Contents of circuit 2:  Circuit: 'sky130_fd_sc_hd__o221ai_2'
Circuit sky130_fd_sc_hd__o221ai_2 contains 10 device instances.
  Class: sky130_fd_pr__nfet_01v8 instances:   5
  Class: sky130_fd_pr__pfet_01v8_hvt instances:   5
Circuit contains 14 nets.

Circuit 1 contains 10 devices, Circuit 2 contains 10 devices.
Circuit 1 contains 14 nets,    Circuit 2 contains 14 nets.


Contents of circuit 1:  Circuit: 'sky130_fd_sc_hd__nor2_8'
Circuit sky130_fd_sc_hd__nor2_8 contains 32 device instances.
  Class: sky130_fd_pr__nfet_01v8 instances:  16
  Class: sky130_fd_pr__pfet_01v8_hvt instances:  16
Circuit contains 8 nets.
Contents of circuit 2:  Circuit: 'sky130_fd_sc_hd__nor2_8'
Circuit sky130_fd_sc_hd__nor2_8 contains 32 device instances.
  Class: sky130_fd_pr__nfet_01v8 instances:  16
  Class: sky130_fd_pr__pfet_01v8_hvt instances:  16
Circuit contains 8 nets.

Circuit was modified by parallel/series device merging.
New circuit summary:

Contents of circuit 1:  Circuit: 'sky130_fd_sc_hd__nor2_8'
Circuit sky130_fd_sc_hd__nor2_8 contains 4 device instances.
  Class: sky130_fd_pr__nfet_01v8 instances:   2
  Class: sky130_fd_pr__pfet_01v8_hvt instances:   2
Circuit contains 8 nets.
Contents of circuit 2:  Circuit: 'sky130_fd_sc_hd__nor2_8'
Circuit sky130_fd_sc_hd__nor2_8 contains 4 device instances.
  Class: sky130_fd_pr__nfet_01v8 instances:   2
  Class: sky130_fd_pr__pfet_01v8_hvt instances:   2
Circuit contains 8 nets.

Circuit 1 contains 4 devices, Circuit 2 contains 4 devices.
Circuit 1 contains 8 nets,    Circuit 2 contains 8 nets.


Contents of circuit 1:  Circuit: 'sky130_fd_sc_hd__dfxtp_2'
Circuit sky130_fd_sc_hd__dfxtp_2 contains 26 device instances.
  Class: sky130_fd_pr__nfet_01v8 instances:   9
  Class: sky130_fd_pr__pfet_01v8_hvt instances:  13
  Class: sky130_fd_pr__special_nfet_01v8 instances:   4
Circuit contains 18 nets.
Contents of circuit 2:  Circuit: 'sky130_fd_sc_hd__dfxtp_2'
Circuit sky130_fd_sc_hd__dfxtp_2 contains 26 device instances.
  Class: sky130_fd_pr__nfet_01v8 instances:   9
  Class: sky130_fd_pr__pfet_01v8_hvt instances:  13
  Class: sky130_fd_pr__special_nfet_01v8 instances:   4
Circuit contains 18 nets.

Circuit was modified by parallel/series device merging.
New circuit summary:

Contents of circuit 1:  Circuit: 'sky130_fd_sc_hd__dfxtp_2'
Circuit sky130_fd_sc_hd__dfxtp_2 contains 24 device instances.
  Class: sky130_fd_pr__nfet_01v8 instances:   8
  Class: sky130_fd_pr__pfet_01v8_hvt instances:  12
  Class: sky130_fd_pr__special_nfet_01v8 instances:   4
Circuit contains 18 nets.
Contents of circuit 2:  Circuit: 'sky130_fd_sc_hd__dfxtp_2'
Circuit sky130_fd_sc_hd__dfxtp_2 contains 24 device instances.
  Class: sky130_fd_pr__nfet_01v8 instances:   8
  Class: sky130_fd_pr__pfet_01v8_hvt instances:  12
  Class: sky130_fd_pr__special_nfet_01v8 instances:   4
Circuit contains 18 nets.

Circuit 1 contains 24 devices, Circuit 2 contains 24 devices.
Circuit 1 contains 18 nets,    Circuit 2 contains 18 nets.


Contents of circuit 1:  Circuit: 'sky130_fd_sc_hd__buf_2'
Circuit sky130_fd_sc_hd__buf_2 contains 6 device instances.
  Class: sky130_fd_pr__nfet_01v8 instances:   3
  Class: sky130_fd_pr__pfet_01v8_hvt instances:   3
Circuit contains 7 nets.
Contents of circuit 2:  Circuit: 'sky130_fd_sc_hd__buf_2'
Circuit sky130_fd_sc_hd__buf_2 contains 6 device instances.
  Class: sky130_fd_pr__nfet_01v8 instances:   3
  Class: sky130_fd_pr__pfet_01v8_hvt instances:   3
Circuit contains 7 nets.

Circuit was modified by parallel/series device merging.
New circuit summary:

Contents of circuit 1:  Circuit: 'sky130_fd_sc_hd__buf_2'
Circuit sky130_fd_sc_hd__buf_2 contains 4 device instances.
  Class: sky130_fd_pr__nfet_01v8 instances:   2
  Class: sky130_fd_pr__pfet_01v8_hvt instances:   2
Circuit contains 7 nets.
Contents of circuit 2:  Circuit: 'sky130_fd_sc_hd__buf_2'
Circuit sky130_fd_sc_hd__buf_2 contains 4 device instances.
  Class: sky130_fd_pr__nfet_01v8 instances:   2
  Class: sky130_fd_pr__pfet_01v8_hvt instances:   2
Circuit contains 7 nets.

Circuit 1 contains 4 devices, Circuit 2 contains 4 devices.
Circuit 1 contains 7 nets,    Circuit 2 contains 7 nets.


Contents of circuit 1:  Circuit: 'sky130_fd_sc_hd__mux2_2'
Circuit sky130_fd_sc_hd__mux2_2 contains 14 device instances.
  Class: sky130_fd_pr__nfet_01v8 instances:   7
  Class: sky130_fd_pr__pfet_01v8_hvt instances:   7
Circuit contains 14 nets.
Contents of circuit 2:  Circuit: 'sky130_fd_sc_hd__mux2_2'
Circuit sky130_fd_sc_hd__mux2_2 contains 14 device instances.
  Class: sky130_fd_pr__nfet_01v8 instances:   7
  Class: sky130_fd_pr__pfet_01v8_hvt instances:   7
Circuit contains 14 nets.

Circuit was modified by parallel/series device merging.
New circuit summary:

Contents of circuit 1:  Circuit: 'sky130_fd_sc_hd__mux2_2'
Circuit sky130_fd_sc_hd__mux2_2 contains 12 device instances.
  Class: sky130_fd_pr__nfet_01v8 instances:   6
  Class: sky130_fd_pr__pfet_01v8_hvt instances:   6
Circuit contains 14 nets.
Contents of circuit 2:  Circuit: 'sky130_fd_sc_hd__mux2_2'
Circuit sky130_fd_sc_hd__mux2_2 contains 12 device instances.
  Class: sky130_fd_pr__nfet_01v8 instances:   6
  Class: sky130_fd_pr__pfet_01v8_hvt instances:   6
Circuit contains 14 nets.

Circuit 1 contains 12 devices, Circuit 2 contains 12 devices.
Circuit 1 contains 14 nets,    Circuit 2 contains 14 nets.


Contents of circuit 1:  Circuit: 'sky130_fd_sc_hd__or3_4'
Circuit sky130_fd_sc_hd__or3_4 contains 14 device instances.
  Class: sky130_fd_pr__nfet_01v8 instances:   7
  Class: sky130_fd_pr__pfet_01v8_hvt instances:   7
Circuit contains 11 nets.
Contents of circuit 2:  Circuit: 'sky130_fd_sc_hd__or3_4'
Circuit sky130_fd_sc_hd__or3_4 contains 14 device instances.
  Class: sky130_fd_pr__nfet_01v8 instances:   7
  Class: sky130_fd_pr__pfet_01v8_hvt instances:   7
Circuit contains 11 nets.

Circuit was modified by parallel/series device merging.
New circuit summary:

Contents of circuit 1:  Circuit: 'sky130_fd_sc_hd__or3_4'
Circuit sky130_fd_sc_hd__or3_4 contains 8 device instances.
  Class: sky130_fd_pr__nfet_01v8 instances:   4
  Class: sky130_fd_pr__pfet_01v8_hvt instances:   4
Circuit contains 11 nets.
Contents of circuit 2:  Circuit: 'sky130_fd_sc_hd__or3_4'
Circuit sky130_fd_sc_hd__or3_4 contains 8 device instances.
  Class: sky130_fd_pr__nfet_01v8 instances:   4
  Class: sky130_fd_pr__pfet_01v8_hvt instances:   4
Circuit contains 11 nets.

Circuit 1 contains 8 devices, Circuit 2 contains 8 devices.
Circuit 1 contains 11 nets,    Circuit 2 contains 11 nets.


Contents of circuit 1:  Circuit: 'sky130_fd_sc_hd__nand3b_1'
Circuit sky130_fd_sc_hd__nand3b_1 contains 8 device instances.
  Class: sky130_fd_pr__nfet_01v8 instances:   4
  Class: sky130_fd_pr__pfet_01v8_hvt instances:   4
Circuit contains 11 nets.
Contents of circuit 2:  Circuit: 'sky130_fd_sc_hd__nand3b_1'
Circuit sky130_fd_sc_hd__nand3b_1 contains 8 device instances.
  Class: sky130_fd_pr__nfet_01v8 instances:   4
  Class: sky130_fd_pr__pfet_01v8_hvt instances:   4
Circuit contains 11 nets.

Circuit 1 contains 8 devices, Circuit 2 contains 8 devices.
Circuit 1 contains 11 nets,    Circuit 2 contains 11 nets.


Contents of circuit 1:  Circuit: 'sky130_fd_sc_hd__o211a_1'
Circuit sky130_fd_sc_hd__o211a_1 contains 10 device instances.
  Class: sky130_fd_pr__nfet_01v8 instances:   5
  Class: sky130_fd_pr__pfet_01v8_hvt instances:   5
Circuit contains 13 nets.
Contents of circuit 2:  Circuit: 'sky130_fd_sc_hd__o211a_1'
Circuit sky130_fd_sc_hd__o211a_1 contains 10 device instances.
  Class: sky130_fd_pr__nfet_01v8 instances:   5
  Class: sky130_fd_pr__pfet_01v8_hvt instances:   5
Circuit contains 13 nets.

Circuit 1 contains 10 devices, Circuit 2 contains 10 devices.
Circuit 1 contains 13 nets,    Circuit 2 contains 13 nets.


Contents of circuit 1:  Circuit: 'sky130_fd_sc_hd__dfxbp_1'
Circuit sky130_fd_sc_hd__dfxbp_1 contains 28 device instances.
  Class: sky130_fd_pr__nfet_01v8 instances:  10
  Class: sky130_fd_pr__pfet_01v8_hvt instances:  14
  Class: sky130_fd_pr__special_nfet_01v8 instances:   4
Circuit contains 20 nets.
Contents of circuit 2:  Circuit: 'sky130_fd_sc_hd__dfxbp_1'
Circuit sky130_fd_sc_hd__dfxbp_1 contains 28 device instances.
  Class: sky130_fd_pr__nfet_01v8 instances:  10
  Class: sky130_fd_pr__pfet_01v8_hvt instances:  14
  Class: sky130_fd_pr__special_nfet_01v8 instances:   4
Circuit contains 20 nets.

Circuit 1 contains 28 devices, Circuit 2 contains 28 devices.
Circuit 1 contains 20 nets,    Circuit 2 contains 20 nets.


Contents of circuit 1:  Circuit: 'sky130_fd_sc_hd__nand4_4'
Circuit sky130_fd_sc_hd__nand4_4 contains 32 device instances.
  Class: sky130_fd_pr__nfet_01v8 instances:  16
  Class: sky130_fd_pr__pfet_01v8_hvt instances:  16
Circuit contains 12 nets.
Contents of circuit 2:  Circuit: 'sky130_fd_sc_hd__nand4_4'
Circuit sky130_fd_sc_hd__nand4_4 contains 32 device instances.
  Class: sky130_fd_pr__nfet_01v8 instances:  16
  Class: sky130_fd_pr__pfet_01v8_hvt instances:  16
Circuit contains 12 nets.

Circuit was modified by parallel/series device merging.
New circuit summary:

Contents of circuit 1:  Circuit: 'sky130_fd_sc_hd__nand4_4'
Circuit sky130_fd_sc_hd__nand4_4 contains 8 device instances.
  Class: sky130_fd_pr__nfet_01v8 instances:   4
  Class: sky130_fd_pr__pfet_01v8_hvt instances:   4
Circuit contains 12 nets.
Contents of circuit 2:  Circuit: 'sky130_fd_sc_hd__nand4_4'
Circuit sky130_fd_sc_hd__nand4_4 contains 8 device instances.
  Class: sky130_fd_pr__nfet_01v8 instances:   4
  Class: sky130_fd_pr__pfet_01v8_hvt instances:   4
Circuit contains 12 nets.

Circuit 1 contains 8 devices, Circuit 2 contains 8 devices.
Circuit 1 contains 12 nets,    Circuit 2 contains 12 nets.


Contents of circuit 1:  Circuit: 'sky130_fd_sc_hd__diode_2'
Circuit sky130_fd_sc_hd__diode_2 contains 1 device instances.
  Class: sky130_fd_pr__diode_pw2nd_05v5 instances:   1
Circuit contains 2 nets, and 3 disconnected pins.
Contents of circuit 2:  Circuit: 'sky130_fd_sc_hd__diode_2'
Circuit sky130_fd_sc_hd__diode_2 contains 1 device instances.
  Class: sky130_fd_pr__diode_pw2nd_05v5 instances:   1
Circuit contains 2 nets, and 3 disconnected pins.

Circuit 1 contains 1 devices, Circuit 2 contains 1 devices.
Circuit 1 contains 2 nets,    Circuit 2 contains 2 nets.


Contents of circuit 1:  Circuit: 'sky130_fd_sc_hd__o31ai_1'
Circuit sky130_fd_sc_hd__o31ai_1 contains 8 device instances.
  Class: sky130_fd_pr__nfet_01v8 instances:   4
  Class: sky130_fd_pr__pfet_01v8_hvt instances:   4
Circuit contains 12 nets.
Contents of circuit 2:  Circuit: 'sky130_fd_sc_hd__o31ai_1'
Circuit sky130_fd_sc_hd__o31ai_1 contains 8 device instances.
  Class: sky130_fd_pr__nfet_01v8 instances:   4
  Class: sky130_fd_pr__pfet_01v8_hvt instances:   4
Circuit contains 12 nets.

Circuit 1 contains 8 devices, Circuit 2 contains 8 devices.
Circuit 1 contains 12 nets,    Circuit 2 contains 12 nets.


Contents of circuit 1:  Circuit: 'sky130_fd_sc_hd__nor2_4'
Circuit sky130_fd_sc_hd__nor2_4 contains 16 device instances.
  Class: sky130_fd_pr__nfet_01v8 instances:   8
  Class: sky130_fd_pr__pfet_01v8_hvt instances:   8
Circuit contains 8 nets.
Contents of circuit 2:  Circuit: 'sky130_fd_sc_hd__nor2_4'
Circuit sky130_fd_sc_hd__nor2_4 contains 16 device instances.
  Class: sky130_fd_pr__nfet_01v8 instances:   8
  Class: sky130_fd_pr__pfet_01v8_hvt instances:   8
Circuit contains 8 nets.

Circuit was modified by parallel/series device merging.
New circuit summary:

Contents of circuit 1:  Circuit: 'sky130_fd_sc_hd__nor2_4'
Circuit sky130_fd_sc_hd__nor2_4 contains 4 device instances.
  Class: sky130_fd_pr__nfet_01v8 instances:   2
  Class: sky130_fd_pr__pfet_01v8_hvt instances:   2
Circuit contains 8 nets.
Contents of circuit 2:  Circuit: 'sky130_fd_sc_hd__nor2_4'
Circuit sky130_fd_sc_hd__nor2_4 contains 4 device instances.
  Class: sky130_fd_pr__nfet_01v8 instances:   2
  Class: sky130_fd_pr__pfet_01v8_hvt instances:   2
Circuit contains 8 nets.

Circuit 1 contains 4 devices, Circuit 2 contains 4 devices.
Circuit 1 contains 8 nets,    Circuit 2 contains 8 nets.


Contents of circuit 1:  Circuit: 'sky130_fd_sc_hd__clkbuf_16'
Circuit sky130_fd_sc_hd__clkbuf_16 contains 40 device instances.
  Class: sky130_fd_pr__nfet_01v8 instances:  20
  Class: sky130_fd_pr__pfet_01v8_hvt instances:  20
Circuit contains 7 nets.
Contents of circuit 2:  Circuit: 'sky130_fd_sc_hd__clkbuf_16'
Circuit sky130_fd_sc_hd__clkbuf_16 contains 40 device instances.
  Class: sky130_fd_pr__nfet_01v8 instances:  20
  Class: sky130_fd_pr__pfet_01v8_hvt instances:  20
Circuit contains 7 nets.

Circuit was modified by parallel/series device merging.
New circuit summary:

Contents of circuit 1:  Circuit: 'sky130_fd_sc_hd__clkbuf_16'
Circuit sky130_fd_sc_hd__clkbuf_16 contains 4 device instances.
  Class: sky130_fd_pr__nfet_01v8 instances:   2
  Class: sky130_fd_pr__pfet_01v8_hvt instances:   2
Circuit contains 7 nets.
Contents of circuit 2:  Circuit: 'sky130_fd_sc_hd__clkbuf_16'
Circuit sky130_fd_sc_hd__clkbuf_16 contains 4 device instances.
  Class: sky130_fd_pr__nfet_01v8 instances:   2
  Class: sky130_fd_pr__pfet_01v8_hvt instances:   2
Circuit contains 7 nets.

Circuit 1 contains 4 devices, Circuit 2 contains 4 devices.
Circuit 1 contains 7 nets,    Circuit 2 contains 7 nets.


Contents of circuit 1:  Circuit: 'sky130_fd_sc_hd__nor4_1'
Circuit sky130_fd_sc_hd__nor4_1 contains 8 device instances.
  Class: sky130_fd_pr__nfet_01v8 instances:   4
  Class: sky130_fd_pr__pfet_01v8_hvt instances:   4
Circuit contains 12 nets.
Contents of circuit 2:  Circuit: 'sky130_fd_sc_hd__nor4_1'
Circuit sky130_fd_sc_hd__nor4_1 contains 8 device instances.
  Class: sky130_fd_pr__nfet_01v8 instances:   4
  Class: sky130_fd_pr__pfet_01v8_hvt instances:   4
Circuit contains 12 nets.

Circuit 1 contains 8 devices, Circuit 2 contains 8 devices.
Circuit 1 contains 12 nets,    Circuit 2 contains 12 nets.


Contents of circuit 1:  Circuit: 'sky130_fd_sc_hd__and2_4'
Circuit sky130_fd_sc_hd__and2_4 contains 12 device instances.
  Class: sky130_fd_pr__nfet_01v8 instances:   6
  Class: sky130_fd_pr__pfet_01v8_hvt instances:   6
Circuit contains 9 nets.
Contents of circuit 2:  Circuit: 'sky130_fd_sc_hd__and2_4'
Circuit sky130_fd_sc_hd__and2_4 contains 12 device instances.
  Class: sky130_fd_pr__nfet_01v8 instances:   6
  Class: sky130_fd_pr__pfet_01v8_hvt instances:   6
Circuit contains 9 nets.

Circuit was modified by parallel/series device merging.
New circuit summary:

Contents of circuit 1:  Circuit: 'sky130_fd_sc_hd__and2_4'
Circuit sky130_fd_sc_hd__and2_4 contains 6 device instances.
  Class: sky130_fd_pr__nfet_01v8 instances:   3
  Class: sky130_fd_pr__pfet_01v8_hvt instances:   3
Circuit contains 9 nets.
Contents of circuit 2:  Circuit: 'sky130_fd_sc_hd__and2_4'
Circuit sky130_fd_sc_hd__and2_4 contains 6 device instances.
  Class: sky130_fd_pr__nfet_01v8 instances:   3
  Class: sky130_fd_pr__pfet_01v8_hvt instances:   3
Circuit contains 9 nets.

Circuit 1 contains 6 devices, Circuit 2 contains 6 devices.
Circuit 1 contains 9 nets,    Circuit 2 contains 9 nets.


Contents of circuit 1:  Circuit: 'sky130_fd_sc_hd__a2bb2oi_1'
Circuit sky130_fd_sc_hd__a2bb2oi_1 contains 10 device instances.
  Class: sky130_fd_pr__nfet_01v8 instances:   5
  Class: sky130_fd_pr__pfet_01v8_hvt instances:   5
Circuit contains 13 nets.
Contents of circuit 2:  Circuit: 'sky130_fd_sc_hd__a2bb2oi_1'
Circuit sky130_fd_sc_hd__a2bb2oi_1 contains 10 device instances.
  Class: sky130_fd_pr__nfet_01v8 instances:   5
  Class: sky130_fd_pr__pfet_01v8_hvt instances:   5
Circuit contains 13 nets.

Circuit 1 contains 10 devices, Circuit 2 contains 10 devices.
Circuit 1 contains 13 nets,    Circuit 2 contains 13 nets.


Contents of circuit 1:  Circuit: 'sky130_fd_sc_hd__a211oi_1'
Circuit sky130_fd_sc_hd__a211oi_1 contains 8 device instances.
  Class: sky130_fd_pr__nfet_01v8 instances:   4
  Class: sky130_fd_pr__pfet_01v8_hvt instances:   4
Circuit contains 12 nets.
Contents of circuit 2:  Circuit: 'sky130_fd_sc_hd__a211oi_1'
Circuit sky130_fd_sc_hd__a211oi_1 contains 8 device instances.
  Class: sky130_fd_pr__nfet_01v8 instances:   4
  Class: sky130_fd_pr__pfet_01v8_hvt instances:   4
Circuit contains 12 nets.

Circuit 1 contains 8 devices, Circuit 2 contains 8 devices.
Circuit 1 contains 12 nets,    Circuit 2 contains 12 nets.


Contents of circuit 1:  Circuit: 'sky130_fd_sc_hd__o221a_1'
Circuit sky130_fd_sc_hd__o221a_1 contains 12 device instances.
  Class: sky130_fd_pr__nfet_01v8 instances:   6
  Class: sky130_fd_pr__pfet_01v8_hvt instances:   6
Circuit contains 15 nets.
Contents of circuit 2:  Circuit: 'sky130_fd_sc_hd__o221a_1'
Circuit sky130_fd_sc_hd__o221a_1 contains 12 device instances.
  Class: sky130_fd_pr__nfet_01v8 instances:   6
  Class: sky130_fd_pr__pfet_01v8_hvt instances:   6
Circuit contains 15 nets.

Circuit 1 contains 12 devices, Circuit 2 contains 12 devices.
Circuit 1 contains 15 nets,    Circuit 2 contains 15 nets.


Contents of circuit 1:  Circuit: 'sky130_fd_sc_hd__nand4_2'
Circuit sky130_fd_sc_hd__nand4_2 contains 16 device instances.
  Class: sky130_fd_pr__nfet_01v8 instances:   8
  Class: sky130_fd_pr__pfet_01v8_hvt instances:   8
Circuit contains 12 nets.
Contents of circuit 2:  Circuit: 'sky130_fd_sc_hd__nand4_2'
Circuit sky130_fd_sc_hd__nand4_2 contains 16 device instances.
  Class: sky130_fd_pr__nfet_01v8 instances:   8
  Class: sky130_fd_pr__pfet_01v8_hvt instances:   8
Circuit contains 12 nets.

Circuit was modified by parallel/series device merging.
New circuit summary:

Contents of circuit 1:  Circuit: 'sky130_fd_sc_hd__nand4_2'
Circuit sky130_fd_sc_hd__nand4_2 contains 8 device instances.
  Class: sky130_fd_pr__nfet_01v8 instances:   4
  Class: sky130_fd_pr__pfet_01v8_hvt instances:   4
Circuit contains 12 nets.
Contents of circuit 2:  Circuit: 'sky130_fd_sc_hd__nand4_2'
Circuit sky130_fd_sc_hd__nand4_2 contains 8 device instances.
  Class: sky130_fd_pr__nfet_01v8 instances:   4
  Class: sky130_fd_pr__pfet_01v8_hvt instances:   4
Circuit contains 12 nets.

Circuit 1 contains 8 devices, Circuit 2 contains 8 devices.
Circuit 1 contains 12 nets,    Circuit 2 contains 12 nets.


Contents of circuit 1:  Circuit: 'sky130_fd_sc_hd__and3b_2'
Circuit sky130_fd_sc_hd__and3b_2 contains 12 device instances.
  Class: sky130_fd_pr__nfet_01v8 instances:   6
  Class: sky130_fd_pr__pfet_01v8_hvt instances:   6
Circuit contains 12 nets.
Contents of circuit 2:  Circuit: 'sky130_fd_sc_hd__and3b_2'
Circuit sky130_fd_sc_hd__and3b_2 contains 12 device instances.
  Class: sky130_fd_pr__nfet_01v8 instances:   6
  Class: sky130_fd_pr__pfet_01v8_hvt instances:   6
Circuit contains 12 nets.

Circuit was modified by parallel/series device merging.
New circuit summary:

Contents of circuit 1:  Circuit: 'sky130_fd_sc_hd__and3b_2'
Circuit sky130_fd_sc_hd__and3b_2 contains 10 device instances.
  Class: sky130_fd_pr__nfet_01v8 instances:   5
  Class: sky130_fd_pr__pfet_01v8_hvt instances:   5
Circuit contains 12 nets.
Contents of circuit 2:  Circuit: 'sky130_fd_sc_hd__and3b_2'
Circuit sky130_fd_sc_hd__and3b_2 contains 10 device instances.
  Class: sky130_fd_pr__nfet_01v8 instances:   5
  Class: sky130_fd_pr__pfet_01v8_hvt instances:   5
Circuit contains 12 nets.

Circuit 1 contains 10 devices, Circuit 2 contains 10 devices.
Circuit 1 contains 12 nets,    Circuit 2 contains 12 nets.


Contents of circuit 1:  Circuit: 'sky130_fd_sc_hd__nor2_2'
Circuit sky130_fd_sc_hd__nor2_2 contains 8 device instances.
  Class: sky130_fd_pr__nfet_01v8 instances:   4
  Class: sky130_fd_pr__pfet_01v8_hvt instances:   4
Circuit contains 8 nets.
Contents of circuit 2:  Circuit: 'sky130_fd_sc_hd__nor2_2'
Circuit sky130_fd_sc_hd__nor2_2 contains 8 device instances.
  Class: sky130_fd_pr__nfet_01v8 instances:   4
  Class: sky130_fd_pr__pfet_01v8_hvt instances:   4
Circuit contains 8 nets.

Circuit was modified by parallel/series device merging.
New circuit summary:

Contents of circuit 1:  Circuit: 'sky130_fd_sc_hd__nor2_2'
Circuit sky130_fd_sc_hd__nor2_2 contains 4 device instances.
  Class: sky130_fd_pr__nfet_01v8 instances:   2
  Class: sky130_fd_pr__pfet_01v8_hvt instances:   2
Circuit contains 8 nets.
Contents of circuit 2:  Circuit: 'sky130_fd_sc_hd__nor2_2'
Circuit sky130_fd_sc_hd__nor2_2 contains 4 device instances.
  Class: sky130_fd_pr__nfet_01v8 instances:   2
  Class: sky130_fd_pr__pfet_01v8_hvt instances:   2
Circuit contains 8 nets.

Circuit 1 contains 4 devices, Circuit 2 contains 4 devices.
Circuit 1 contains 8 nets,    Circuit 2 contains 8 nets.


Contents of circuit 1:  Circuit: 'sky130_fd_sc_hd__or4b_1'
Circuit sky130_fd_sc_hd__or4b_1 contains 12 device instances.
  Class: sky130_fd_pr__nfet_01v8 instances:   6
  Class: sky130_fd_pr__pfet_01v8_hvt instances:   6
Circuit contains 14 nets.
Contents of circuit 2:  Circuit: 'sky130_fd_sc_hd__or4b_1'
Circuit sky130_fd_sc_hd__or4b_1 contains 12 device instances.
  Class: sky130_fd_pr__nfet_01v8 instances:   6
  Class: sky130_fd_pr__pfet_01v8_hvt instances:   6
Circuit contains 14 nets.

Circuit 1 contains 12 devices, Circuit 2 contains 12 devices.
Circuit 1 contains 14 nets,    Circuit 2 contains 14 nets.


Contents of circuit 1:  Circuit: 'sky130_fd_sc_hd__o2bb2a_1'
Circuit sky130_fd_sc_hd__o2bb2a_1 contains 12 device instances.
  Class: sky130_fd_pr__nfet_01v8 instances:   6
  Class: sky130_fd_pr__pfet_01v8_hvt instances:   6
Circuit contains 14 nets.
Contents of circuit 2:  Circuit: 'sky130_fd_sc_hd__o2bb2a_1'
Circuit sky130_fd_sc_hd__o2bb2a_1 contains 12 device instances.
  Class: sky130_fd_pr__nfet_01v8 instances:   6
  Class: sky130_fd_pr__pfet_01v8_hvt instances:   6
Circuit contains 14 nets.

Circuit 1 contains 12 devices, Circuit 2 contains 12 devices.
Circuit 1 contains 14 nets,    Circuit 2 contains 14 nets.


Contents of circuit 1:  Circuit: 'sky130_fd_sc_hd__a31o_4'
Circuit sky130_fd_sc_hd__a31o_4 contains 24 device instances.
  Class: sky130_fd_pr__nfet_01v8 instances:  12
  Class: sky130_fd_pr__pfet_01v8_hvt instances:  12
Circuit contains 15 nets.
Contents of circuit 2:  Circuit: 'sky130_fd_sc_hd__a31o_4'
Circuit sky130_fd_sc_hd__a31o_4 contains 24 device instances.
  Class: sky130_fd_pr__nfet_01v8 instances:  12
  Class: sky130_fd_pr__pfet_01v8_hvt instances:  12
Circuit contains 15 nets.

Circuit was modified by parallel/series device merging.
New circuit summary:

Contents of circuit 1:  Circuit: 'sky130_fd_sc_hd__a31o_4'
Circuit sky130_fd_sc_hd__a31o_4 contains 13 device instances.
  Class: sky130_fd_pr__nfet_01v8 instances:   8
  Class: sky130_fd_pr__pfet_01v8_hvt instances:   5
Circuit contains 15 nets.
Contents of circuit 2:  Circuit: 'sky130_fd_sc_hd__a31o_4'
Circuit sky130_fd_sc_hd__a31o_4 contains 13 device instances.
  Class: sky130_fd_pr__nfet_01v8 instances:   8
  Class: sky130_fd_pr__pfet_01v8_hvt instances:   5
Circuit contains 15 nets.

Circuit 1 contains 13 devices, Circuit 2 contains 13 devices.
Circuit 1 contains 15 nets,    Circuit 2 contains 15 nets.


Contents of circuit 1:  Circuit: 'sky130_fd_sc_hd__or2_4'
Circuit sky130_fd_sc_hd__or2_4 contains 12 device instances.
  Class: sky130_fd_pr__nfet_01v8 instances:   6
  Class: sky130_fd_pr__pfet_01v8_hvt instances:   6
Circuit contains 9 nets.
Contents of circuit 2:  Circuit: 'sky130_fd_sc_hd__or2_4'
Circuit sky130_fd_sc_hd__or2_4 contains 12 device instances.
  Class: sky130_fd_pr__nfet_01v8 instances:   6
  Class: sky130_fd_pr__pfet_01v8_hvt instances:   6
Circuit contains 9 nets.

Circuit was modified by parallel/series device merging.
New circuit summary:

Contents of circuit 1:  Circuit: 'sky130_fd_sc_hd__or2_4'
Circuit sky130_fd_sc_hd__or2_4 contains 6 device instances.
  Class: sky130_fd_pr__nfet_01v8 instances:   3
  Class: sky130_fd_pr__pfet_01v8_hvt instances:   3
Circuit contains 9 nets.
Contents of circuit 2:  Circuit: 'sky130_fd_sc_hd__or2_4'
Circuit sky130_fd_sc_hd__or2_4 contains 6 device instances.
  Class: sky130_fd_pr__nfet_01v8 instances:   3
  Class: sky130_fd_pr__pfet_01v8_hvt instances:   3
Circuit contains 9 nets.

Circuit 1 contains 6 devices, Circuit 2 contains 6 devices.
Circuit 1 contains 9 nets,    Circuit 2 contains 9 nets.


Contents of circuit 1:  Circuit: 'sky130_fd_sc_hd__o211ai_1'
Circuit sky130_fd_sc_hd__o211ai_1 contains 8 device instances.
  Class: sky130_fd_pr__nfet_01v8 instances:   4
  Class: sky130_fd_pr__pfet_01v8_hvt instances:   4
Circuit contains 12 nets.
Contents of circuit 2:  Circuit: 'sky130_fd_sc_hd__o211ai_1'
Circuit sky130_fd_sc_hd__o211ai_1 contains 8 device instances.
  Class: sky130_fd_pr__nfet_01v8 instances:   4
  Class: sky130_fd_pr__pfet_01v8_hvt instances:   4
Circuit contains 12 nets.

Circuit 1 contains 8 devices, Circuit 2 contains 8 devices.
Circuit 1 contains 12 nets,    Circuit 2 contains 12 nets.


Contents of circuit 1:  Circuit: 'sky130_fd_sc_hd__o41ai_1'
Circuit sky130_fd_sc_hd__o41ai_1 contains 10 device instances.
  Class: sky130_fd_pr__nfet_01v8 instances:   5
  Class: sky130_fd_pr__pfet_01v8_hvt instances:   5
Circuit contains 14 nets.
Contents of circuit 2:  Circuit: 'sky130_fd_sc_hd__o41ai_1'
Circuit sky130_fd_sc_hd__o41ai_1 contains 10 device instances.
  Class: sky130_fd_pr__nfet_01v8 instances:   5
  Class: sky130_fd_pr__pfet_01v8_hvt instances:   5
Circuit contains 14 nets.

Circuit 1 contains 10 devices, Circuit 2 contains 10 devices.
Circuit 1 contains 14 nets,    Circuit 2 contains 14 nets.


Contents of circuit 1:  Circuit: 'sky130_fd_sc_hd__o22ai_2'
Circuit sky130_fd_sc_hd__o22ai_2 contains 16 device instances.
  Class: sky130_fd_pr__nfet_01v8 instances:   8
  Class: sky130_fd_pr__pfet_01v8_hvt instances:   8
Circuit contains 12 nets.
Contents of circuit 2:  Circuit: 'sky130_fd_sc_hd__o22ai_2'
Circuit sky130_fd_sc_hd__o22ai_2 contains 16 device instances.
  Class: sky130_fd_pr__nfet_01v8 instances:   8
  Class: sky130_fd_pr__pfet_01v8_hvt instances:   8
Circuit contains 12 nets.

Circuit was modified by parallel/series device merging.
New circuit summary:

Contents of circuit 1:  Circuit: 'sky130_fd_sc_hd__o22ai_2'
Circuit sky130_fd_sc_hd__o22ai_2 contains 8 device instances.
  Class: sky130_fd_pr__nfet_01v8 instances:   4
  Class: sky130_fd_pr__pfet_01v8_hvt instances:   4
Circuit contains 12 nets.
Contents of circuit 2:  Circuit: 'sky130_fd_sc_hd__o22ai_2'
Circuit sky130_fd_sc_hd__o22ai_2 contains 8 device instances.
  Class: sky130_fd_pr__nfet_01v8 instances:   4
  Class: sky130_fd_pr__pfet_01v8_hvt instances:   4
Circuit contains 12 nets.

Circuit 1 contains 8 devices, Circuit 2 contains 8 devices.
Circuit 1 contains 12 nets,    Circuit 2 contains 12 nets.


Contents of circuit 1:  Circuit: 'sky130_fd_sc_hd__a311oi_2'
Circuit sky130_fd_sc_hd__a311oi_2 contains 20 device instances.
  Class: sky130_fd_pr__nfet_01v8 instances:  10
  Class: sky130_fd_pr__pfet_01v8_hvt instances:  10
Circuit contains 14 nets.
Contents of circuit 2:  Circuit: 'sky130_fd_sc_hd__a311oi_2'
Circuit sky130_fd_sc_hd__a311oi_2 contains 20 device instances.
  Class: sky130_fd_pr__nfet_01v8 instances:  10
  Class: sky130_fd_pr__pfet_01v8_hvt instances:  10
Circuit contains 14 nets.

Circuit was modified by parallel/series device merging.
New circuit summary:

Contents of circuit 1:  Circuit: 'sky130_fd_sc_hd__a311oi_2'
Circuit sky130_fd_sc_hd__a311oi_2 contains 10 device instances.
  Class: sky130_fd_pr__nfet_01v8 instances:   5
  Class: sky130_fd_pr__pfet_01v8_hvt instances:   5
Circuit contains 14 nets.
Contents of circuit 2:  Circuit: 'sky130_fd_sc_hd__a311oi_2'
Circuit sky130_fd_sc_hd__a311oi_2 contains 10 device instances.
  Class: sky130_fd_pr__nfet_01v8 instances:   5
  Class: sky130_fd_pr__pfet_01v8_hvt instances:   5
Circuit contains 14 nets.

Circuit 1 contains 10 devices, Circuit 2 contains 10 devices.
Circuit 1 contains 14 nets,    Circuit 2 contains 14 nets.


Contents of circuit 1:  Circuit: 'sky130_fd_sc_hd__a21bo_1'
Circuit sky130_fd_sc_hd__a21bo_1 contains 10 device instances.
  Class: sky130_fd_pr__nfet_01v8 instances:   5
  Class: sky130_fd_pr__pfet_01v8_hvt instances:   5
Circuit contains 12 nets.
Contents of circuit 2:  Circuit: 'sky130_fd_sc_hd__a21bo_1'
Circuit sky130_fd_sc_hd__a21bo_1 contains 10 device instances.
  Class: sky130_fd_pr__nfet_01v8 instances:   5
  Class: sky130_fd_pr__pfet_01v8_hvt instances:   5
Circuit contains 12 nets.

Circuit 1 contains 10 devices, Circuit 2 contains 10 devices.
Circuit 1 contains 12 nets,    Circuit 2 contains 12 nets.


Contents of circuit 1:  Circuit: 'sky130_fd_sc_hd__mux2i_1'
Circuit sky130_fd_sc_hd__mux2i_1 contains 10 device instances.
  Class: sky130_fd_pr__nfet_01v8 instances:   5
  Class: sky130_fd_pr__pfet_01v8_hvt instances:   5
Circuit contains 13 nets.
Contents of circuit 2:  Circuit: 'sky130_fd_sc_hd__mux2i_1'
Circuit sky130_fd_sc_hd__mux2i_1 contains 10 device instances.
  Class: sky130_fd_pr__nfet_01v8 instances:   5
  Class: sky130_fd_pr__pfet_01v8_hvt instances:   5
Circuit contains 13 nets.

Circuit 1 contains 10 devices, Circuit 2 contains 10 devices.
Circuit 1 contains 13 nets,    Circuit 2 contains 13 nets.


Contents of circuit 1:  Circuit: 'sky130_fd_sc_hd__nand3_4'
Circuit sky130_fd_sc_hd__nand3_4 contains 24 device instances.
  Class: sky130_fd_pr__nfet_01v8 instances:  12
  Class: sky130_fd_pr__pfet_01v8_hvt instances:  12
Circuit contains 10 nets.
Contents of circuit 2:  Circuit: 'sky130_fd_sc_hd__nand3_4'
Circuit sky130_fd_sc_hd__nand3_4 contains 24 device instances.
  Class: sky130_fd_pr__nfet_01v8 instances:  12
  Class: sky130_fd_pr__pfet_01v8_hvt instances:  12
Circuit contains 10 nets.

Circuit was modified by parallel/series device merging.
New circuit summary:

Contents of circuit 1:  Circuit: 'sky130_fd_sc_hd__nand3_4'
Circuit sky130_fd_sc_hd__nand3_4 contains 6 device instances.
  Class: sky130_fd_pr__nfet_01v8 instances:   3
  Class: sky130_fd_pr__pfet_01v8_hvt instances:   3
Circuit contains 10 nets.
Contents of circuit 2:  Circuit: 'sky130_fd_sc_hd__nand3_4'
Circuit sky130_fd_sc_hd__nand3_4 contains 6 device instances.
  Class: sky130_fd_pr__nfet_01v8 instances:   3
  Class: sky130_fd_pr__pfet_01v8_hvt instances:   3
Circuit contains 10 nets.

Circuit 1 contains 6 devices, Circuit 2 contains 6 devices.
Circuit 1 contains 10 nets,    Circuit 2 contains 10 nets.


Contents of circuit 1:  Circuit: 'sky130_fd_sc_hd__a21boi_1'
Circuit sky130_fd_sc_hd__a21boi_1 contains 8 device instances.
  Class: sky130_fd_pr__nfet_01v8 instances:   4
  Class: sky130_fd_pr__pfet_01v8_hvt instances:   4
Circuit contains 11 nets.
Contents of circuit 2:  Circuit: 'sky130_fd_sc_hd__a21boi_1'
Circuit sky130_fd_sc_hd__a21boi_1 contains 8 device instances.
  Class: sky130_fd_pr__nfet_01v8 instances:   4
  Class: sky130_fd_pr__pfet_01v8_hvt instances:   4
Circuit contains 11 nets.

Circuit 1 contains 8 devices, Circuit 2 contains 8 devices.
Circuit 1 contains 11 nets,    Circuit 2 contains 11 nets.


Contents of circuit 1:  Circuit: 'sky130_fd_sc_hd__o22a_1'
Circuit sky130_fd_sc_hd__o22a_1 contains 10 device instances.
  Class: sky130_fd_pr__nfet_01v8 instances:   5
  Class: sky130_fd_pr__pfet_01v8_hvt instances:   5
Circuit contains 13 nets.
Contents of circuit 2:  Circuit: 'sky130_fd_sc_hd__o22a_1'
Circuit sky130_fd_sc_hd__o22a_1 contains 10 device instances.
  Class: sky130_fd_pr__nfet_01v8 instances:   5
  Class: sky130_fd_pr__pfet_01v8_hvt instances:   5
Circuit contains 13 nets.

Circuit 1 contains 10 devices, Circuit 2 contains 10 devices.
Circuit 1 contains 13 nets,    Circuit 2 contains 13 nets.


Contents of circuit 1:  Circuit: 'sky130_fd_sc_hd__nand3b_2'
Circuit sky130_fd_sc_hd__nand3b_2 contains 14 device instances.
  Class: sky130_fd_pr__nfet_01v8 instances:   7
  Class: sky130_fd_pr__pfet_01v8_hvt instances:   7
Circuit contains 11 nets.
Contents of circuit 2:  Circuit: 'sky130_fd_sc_hd__nand3b_2'
Circuit sky130_fd_sc_hd__nand3b_2 contains 14 device instances.
  Class: sky130_fd_pr__nfet_01v8 instances:   7
  Class: sky130_fd_pr__pfet_01v8_hvt instances:   7
Circuit contains 11 nets.

Circuit was modified by parallel/series device merging.
New circuit summary:

Contents of circuit 1:  Circuit: 'sky130_fd_sc_hd__nand3b_2'
Circuit sky130_fd_sc_hd__nand3b_2 contains 8 device instances.
  Class: sky130_fd_pr__nfet_01v8 instances:   4
  Class: sky130_fd_pr__pfet_01v8_hvt instances:   4
Circuit contains 11 nets.
Contents of circuit 2:  Circuit: 'sky130_fd_sc_hd__nand3b_2'
Circuit sky130_fd_sc_hd__nand3b_2 contains 8 device instances.
  Class: sky130_fd_pr__nfet_01v8 instances:   4
  Class: sky130_fd_pr__pfet_01v8_hvt instances:   4
Circuit contains 11 nets.

Circuit 1 contains 8 devices, Circuit 2 contains 8 devices.
Circuit 1 contains 11 nets,    Circuit 2 contains 11 nets.


Contents of circuit 1:  Circuit: 'sky130_fd_sc_hd__and4b_1'
Circuit sky130_fd_sc_hd__and4b_1 contains 12 device instances.
  Class: sky130_fd_pr__nfet_01v8 instances:   6
  Class: sky130_fd_pr__pfet_01v8_hvt instances:   6
Circuit contains 14 nets.
Contents of circuit 2:  Circuit: 'sky130_fd_sc_hd__and4b_1'
Circuit sky130_fd_sc_hd__and4b_1 contains 12 device instances.
  Class: sky130_fd_pr__nfet_01v8 instances:   6
  Class: sky130_fd_pr__pfet_01v8_hvt instances:   6
Circuit contains 14 nets.

Circuit 1 contains 12 devices, Circuit 2 contains 12 devices.
Circuit 1 contains 14 nets,    Circuit 2 contains 14 nets.


Contents of circuit 1:  Circuit: 'sky130_fd_sc_hd__nor3b_4'
Circuit sky130_fd_sc_hd__nor3b_4 contains 26 device instances.
  Class: sky130_fd_pr__nfet_01v8 instances:  13
  Class: sky130_fd_pr__pfet_01v8_hvt instances:  13
Circuit contains 11 nets.
Contents of circuit 2:  Circuit: 'sky130_fd_sc_hd__nor3b_4'
Circuit sky130_fd_sc_hd__nor3b_4 contains 26 device instances.
  Class: sky130_fd_pr__nfet_01v8 instances:  13
  Class: sky130_fd_pr__pfet_01v8_hvt instances:  13
Circuit contains 11 nets.

Circuit was modified by parallel/series device merging.
New circuit summary:

Contents of circuit 1:  Circuit: 'sky130_fd_sc_hd__nor3b_4'
Circuit sky130_fd_sc_hd__nor3b_4 contains 8 device instances.
  Class: sky130_fd_pr__nfet_01v8 instances:   4
  Class: sky130_fd_pr__pfet_01v8_hvt instances:   4
Circuit contains 11 nets.
Contents of circuit 2:  Circuit: 'sky130_fd_sc_hd__nor3b_4'
Circuit sky130_fd_sc_hd__nor3b_4 contains 8 device instances.
  Class: sky130_fd_pr__nfet_01v8 instances:   4
  Class: sky130_fd_pr__pfet_01v8_hvt instances:   4
Circuit contains 11 nets.

Circuit 1 contains 8 devices, Circuit 2 contains 8 devices.
Circuit 1 contains 11 nets,    Circuit 2 contains 11 nets.


Contents of circuit 1:  Circuit: 'sky130_fd_sc_hd__o31ai_4'
Circuit sky130_fd_sc_hd__o31ai_4 contains 32 device instances.
  Class: sky130_fd_pr__nfet_01v8 instances:  16
  Class: sky130_fd_pr__pfet_01v8_hvt instances:  16
Circuit contains 12 nets.
Contents of circuit 2:  Circuit: 'sky130_fd_sc_hd__o31ai_4'
Circuit sky130_fd_sc_hd__o31ai_4 contains 32 device instances.
  Class: sky130_fd_pr__nfet_01v8 instances:  16
  Class: sky130_fd_pr__pfet_01v8_hvt instances:  16
Circuit contains 12 nets.

Circuit was modified by parallel/series device merging.
New circuit summary:

Contents of circuit 1:  Circuit: 'sky130_fd_sc_hd__o31ai_4'
Circuit sky130_fd_sc_hd__o31ai_4 contains 8 device instances.
  Class: sky130_fd_pr__nfet_01v8 instances:   4
  Class: sky130_fd_pr__pfet_01v8_hvt instances:   4
Circuit contains 12 nets.
Contents of circuit 2:  Circuit: 'sky130_fd_sc_hd__o31ai_4'
Circuit sky130_fd_sc_hd__o31ai_4 contains 8 device instances.
  Class: sky130_fd_pr__nfet_01v8 instances:   4
  Class: sky130_fd_pr__pfet_01v8_hvt instances:   4
Circuit contains 12 nets.

Circuit 1 contains 8 devices, Circuit 2 contains 8 devices.
Circuit 1 contains 12 nets,    Circuit 2 contains 12 nets.


Contents of circuit 1:  Circuit: 'sky130_fd_sc_hd__dfxbp_2'
Circuit sky130_fd_sc_hd__dfxbp_2 contains 32 device instances.
  Class: sky130_fd_pr__nfet_01v8 instances:  12
  Class: sky130_fd_pr__pfet_01v8_hvt instances:  16
  Class: sky130_fd_pr__special_nfet_01v8 instances:   4
Circuit contains 20 nets.
Contents of circuit 2:  Circuit: 'sky130_fd_sc_hd__dfxbp_2'
Circuit sky130_fd_sc_hd__dfxbp_2 contains 32 device instances.
  Class: sky130_fd_pr__nfet_01v8 instances:  12
  Class: sky130_fd_pr__pfet_01v8_hvt instances:  16
  Class: sky130_fd_pr__special_nfet_01v8 instances:   4
Circuit contains 20 nets.

Circuit was modified by parallel/series device merging.
New circuit summary:

Contents of circuit 1:  Circuit: 'sky130_fd_sc_hd__dfxbp_2'
Circuit sky130_fd_sc_hd__dfxbp_2 contains 28 device instances.
  Class: sky130_fd_pr__nfet_01v8 instances:  10
  Class: sky130_fd_pr__pfet_01v8_hvt instances:  14
  Class: sky130_fd_pr__special_nfet_01v8 instances:   4
Circuit contains 20 nets.
Contents of circuit 2:  Circuit: 'sky130_fd_sc_hd__dfxbp_2'
Circuit sky130_fd_sc_hd__dfxbp_2 contains 28 device instances.
  Class: sky130_fd_pr__nfet_01v8 instances:  10
  Class: sky130_fd_pr__pfet_01v8_hvt instances:  14
  Class: sky130_fd_pr__special_nfet_01v8 instances:   4
Circuit contains 20 nets.

Circuit 1 contains 28 devices, Circuit 2 contains 28 devices.
Circuit 1 contains 20 nets,    Circuit 2 contains 20 nets.


Contents of circuit 1:  Circuit: 'sky130_fd_sc_hd__nor4_4'
Circuit sky130_fd_sc_hd__nor4_4 contains 32 device instances.
  Class: sky130_fd_pr__nfet_01v8 instances:  16
  Class: sky130_fd_pr__pfet_01v8_hvt instances:  16
Circuit contains 12 nets.
Contents of circuit 2:  Circuit: 'sky130_fd_sc_hd__nor4_4'
Circuit sky130_fd_sc_hd__nor4_4 contains 32 device instances.
  Class: sky130_fd_pr__nfet_01v8 instances:  16
  Class: sky130_fd_pr__pfet_01v8_hvt instances:  16
Circuit contains 12 nets.

Circuit was modified by parallel/series device merging.
New circuit summary:

Contents of circuit 1:  Circuit: 'sky130_fd_sc_hd__nor4_4'
Circuit sky130_fd_sc_hd__nor4_4 contains 8 device instances.
  Class: sky130_fd_pr__nfet_01v8 instances:   4
  Class: sky130_fd_pr__pfet_01v8_hvt instances:   4
Circuit contains 12 nets.
Contents of circuit 2:  Circuit: 'sky130_fd_sc_hd__nor4_4'
Circuit sky130_fd_sc_hd__nor4_4 contains 8 device instances.
  Class: sky130_fd_pr__nfet_01v8 instances:   4
  Class: sky130_fd_pr__pfet_01v8_hvt instances:   4
Circuit contains 12 nets.

Circuit 1 contains 8 devices, Circuit 2 contains 8 devices.
Circuit 1 contains 12 nets,    Circuit 2 contains 12 nets.


Contents of circuit 1:  Circuit: 'sky130_fd_sc_hd__nor3b_2'
Circuit sky130_fd_sc_hd__nor3b_2 contains 14 device instances.
  Class: sky130_fd_pr__nfet_01v8 instances:   7
  Class: sky130_fd_pr__pfet_01v8_hvt instances:   7
Circuit contains 11 nets.
Contents of circuit 2:  Circuit: 'sky130_fd_sc_hd__nor3b_2'
Circuit sky130_fd_sc_hd__nor3b_2 contains 14 device instances.
  Class: sky130_fd_pr__nfet_01v8 instances:   7
  Class: sky130_fd_pr__pfet_01v8_hvt instances:   7
Circuit contains 11 nets.

Circuit was modified by parallel/series device merging.
New circuit summary:

Contents of circuit 1:  Circuit: 'sky130_fd_sc_hd__nor3b_2'
Circuit sky130_fd_sc_hd__nor3b_2 contains 8 device instances.
  Class: sky130_fd_pr__nfet_01v8 instances:   4
  Class: sky130_fd_pr__pfet_01v8_hvt instances:   4
Circuit contains 11 nets.
Contents of circuit 2:  Circuit: 'sky130_fd_sc_hd__nor3b_2'
Circuit sky130_fd_sc_hd__nor3b_2 contains 8 device instances.
  Class: sky130_fd_pr__nfet_01v8 instances:   4
  Class: sky130_fd_pr__pfet_01v8_hvt instances:   4
Circuit contains 11 nets.

Circuit 1 contains 8 devices, Circuit 2 contains 8 devices.
Circuit 1 contains 11 nets,    Circuit 2 contains 11 nets.


Contents of circuit 1:  Circuit: 'sky130_fd_sc_hd__clkinv_8'
Circuit sky130_fd_sc_hd__clkinv_8 contains 20 device instances.
  Class: sky130_fd_pr__nfet_01v8 instances:   8
  Class: sky130_fd_pr__pfet_01v8_hvt instances:  12
Circuit contains 6 nets.
Contents of circuit 2:  Circuit: 'sky130_fd_sc_hd__clkinv_8'
Circuit sky130_fd_sc_hd__clkinv_8 contains 20 device instances.
  Class: sky130_fd_pr__nfet_01v8 instances:   8
  Class: sky130_fd_pr__pfet_01v8_hvt instances:  12
Circuit contains 6 nets.

Circuit was modified by parallel/series device merging.
New circuit summary:

Contents of circuit 1:  Circuit: 'sky130_fd_sc_hd__clkinv_8'
Circuit sky130_fd_sc_hd__clkinv_8 contains 2 device instances.
  Class: sky130_fd_pr__nfet_01v8 instances:   1
  Class: sky130_fd_pr__pfet_01v8_hvt instances:   1
Circuit contains 6 nets.
Contents of circuit 2:  Circuit: 'sky130_fd_sc_hd__clkinv_8'
Circuit sky130_fd_sc_hd__clkinv_8 contains 2 device instances.
  Class: sky130_fd_pr__nfet_01v8 instances:   1
  Class: sky130_fd_pr__pfet_01v8_hvt instances:   1
Circuit contains 6 nets.

Circuit 1 contains 2 devices, Circuit 2 contains 2 devices.
Circuit 1 contains 6 nets,    Circuit 2 contains 6 nets.


Contents of circuit 1:  Circuit: 'picorv32'
Circuit picorv32 contains 8273 device instances.
  Class: sky130_fd_sc_hd__o2111ai_1 instances:   4
  Class: sky130_fd_sc_hd__a31o_4 instances:   1
  Class: sky130_fd_sc_hd__a21o_1 instances:  16
  Class: sky130_fd_sc_hd__a2bb2oi_1 instances:   1
  Class: sky130_fd_sc_hd__clkbuf_16 instances:   3
  Class: sky130_fd_sc_hd__dfxtp_1 instances: 1504
  Class: sky130_fd_sc_hd__a32oi_1 instances:  16
  Class: sky130_fd_sc_hd__dfxtp_2 instances:  12
  Class: sky130_fd_sc_hd__o31ai_1 instances:   3
  Class: sky130_fd_sc_hd__dfxtp_4 instances:   3
  Class: sky130_fd_sc_hd__o31ai_4 instances:   1
  Class: sky130_fd_sc_hd__or4_1 instances:  22
  Class: sky130_fd_sc_hd__or4_2 instances:   5
  Class: sky130_fd_sc_hd__or4_4 instances:   4
  Class: sky130_fd_sc_hd__a31oi_1 instances:  13
  Class: sky130_fd_sc_hd__a31oi_2 instances:   1
  Class: sky130_fd_sc_hd__buf_1 instances:   5
  Class: sky130_fd_sc_hd__nand4_1 instances: 206
  Class: sky130_fd_sc_hd__nand4_2 instances:  10
  Class: sky130_fd_sc_hd__buf_2 instances: 107
  Class: sky130_fd_sc_hd__a31oi_4 instances:   1
  Class: sky130_fd_sc_hd__nand4_4 instances:   1
  Class: sky130_fd_sc_hd__buf_4 instances:  21
  Class: sky130_fd_sc_hd__buf_6 instances:   6
  Class: sky130_fd_sc_hd__and3b_1 instances:   1
  Class: sky130_fd_sc_hd__and3b_2 instances:   1
  Class: sky130_fd_sc_hd__xor2_1 instances:  23
  Class: sky130_fd_sc_hd__o221ai_1 instances:  29
  Class: sky130_fd_sc_hd__o221ai_2 instances:   1
  Class: sky130_fd_sc_hd__inv_1 instances: 121
  Class: sky130_fd_sc_hd__inv_2 instances: 207
  Class: sky130_fd_sc_hd__inv_4 instances:   6
  Class: sky130_fd_sc_hd__inv_6 instances:   1
  Class: sky130_fd_sc_hd__inv_8 instances:   2
  Class: sky130_fd_sc_hd__clkbuf_1 instances: 567
  Class: sky130_fd_sc_hd__clkbuf_2 instances:   1
  Class: sky130_fd_sc_hd__clkbuf_4 instances: 149
  Class: sky130_fd_sc_hd__clkbuf_8 instances:  27
  Class: sky130_fd_sc_hd__or3_1 instances:   5
  Class: sky130_fd_sc_hd__or3_4 instances:   1
  Class: sky130_fd_sc_hd__nand3_1 instances: 107
  Class: sky130_fd_sc_hd__nand3_2 instances:  16
  Class: sky130_fd_sc_hd__nand3_4 instances:   4
  Class: sky130_fd_sc_hd__conb_1 instances: 106
  Class: sky130_fd_sc_hd__a21boi_1 instances:   6
  Class: sky130_fd_sc_hd__a21boi_2 instances:   1
  Class: sky130_fd_sc_hd__nand4b_1 instances:   4
  Class: sky130_fd_sc_hd__a222oi_1 instances: 129
  Class: sky130_fd_sc_hd__a21bo_1 instances:   1
  Class: sky130_fd_sc_hd__a221oi_1 instances:  32
  Class: sky130_fd_sc_hd__a221oi_2 instances:   2
  Class: sky130_fd_sc_hd__clkinv_1 instances:  19
  Class: sky130_fd_sc_hd__clkinv_2 instances:   4
  Class: sky130_fd_sc_hd__clkinv_4 instances:   1
  Class: sky130_fd_sc_hd__clkinv_8 instances:   1
  Class: sky130_fd_sc_hd__and3_1 instances:  45
  Class: sky130_fd_sc_hd__and3_4 instances:   2
  Class: sky130_fd_sc_hd__ha_1 instances:  38
  Class: sky130_fd_sc_hd__or2_0 instances:  31
  Class: sky130_fd_sc_hd__or2_1 instances:   7
  Class: sky130_fd_sc_hd__or2_2 instances:  19
  Class: sky130_fd_sc_hd__or2_4 instances:   1
  Class: sky130_fd_sc_hd__mux2i_1 instances:   3
  Class: sky130_fd_sc_hd__nand2_1 instances: 680
  Class: sky130_fd_sc_hd__nand2_2 instances:  49
  Class: sky130_fd_sc_hd__nand2_4 instances:  13
  Class: sky130_fd_sc_hd__nor4b_1 instances:   5
  Class: sky130_fd_sc_hd__nand2_8 instances:   3
  Class: sky130_fd_sc_hd__nand3b_1 instances:  10
  Class: sky130_fd_sc_hd__nand3b_2 instances:   2
  Class: sky130_fd_sc_hd__mux2_2 instances:   1
  Class: sky130_fd_sc_hd__o2bb2ai_1 instances: 1136
  Class: sky130_fd_sc_hd__a211oi_1 instances:   2
  Class: sky130_fd_sc_hd__and2_1 instances:  78
  Class: sky130_fd_sc_hd__and2_4 instances:   4
  Class: sky130_fd_sc_hd__or4b_1 instances:   1
  Class: sky130_fd_sc_hd__nor4_1 instances:  27
  Class: sky130_fd_sc_hd__nor4_2 instances:   3
  Class: sky130_fd_sc_hd__nor4_4 instances:   1
  Class: sky130_fd_sc_hd__inv_12 instances:   1
  Class: sky130_fd_sc_hd__o22a_1 instances:   1
  Class: sky130_fd_sc_hd__xnor2_1 instances: 117
  Class: sky130_fd_sc_hd__dfxbp_1 instances:  34
  Class: sky130_fd_sc_hd__dfxbp_2 instances:   4
  Class: sky130_fd_sc_hd__nor3b_1 instances:  11
  Class: sky130_fd_sc_hd__nor3b_2 instances:   1
  Class: sky130_fd_sc_hd__nor3b_4 instances:   1
  Class: sky130_fd_sc_hd__o221a_1 instances:   1
  Class: sky130_fd_sc_hd__o21bai_1 instances:   3
  Class: sky130_fd_sc_hd__o21bai_4 instances:   4
  Class: sky130_fd_sc_hd__o211a_1 instances:  11
  Class: sky130_fd_sc_hd__o211a_2 instances:   1
  Class: sky130_fd_sc_hd__nand2b_1 instances:  89
  Class: sky130_fd_sc_hd__nand2b_2 instances:   3
  Class: sky130_fd_sc_hd__diode_2 instances:   1
  Class: sky130_fd_sc_hd__a311oi_1 instances:   1
  Class: sky130_fd_sc_hd__nand2b_4 instances:   1
  Class: sky130_fd_sc_hd__a311oi_2 instances:   1
  Class: sky130_fd_sc_hd__a221o_1 instances:  99
  Class: sky130_fd_sc_hd__a211o_1 instances:  12
  Class: sky130_fd_sc_hd__nor3_1 instances:  26
  Class: sky130_fd_sc_hd__nor3_2 instances:   2
  Class: sky130_fd_sc_hd__nor3_4 instances:   2
  Class: sky130_fd_sc_hd__a32o_1 instances:  16
  Class: sky130_fd_sc_hd__a22o_1 instances: 175
  Class: sky130_fd_sc_hd__o31a_1 instances:   1
  Class: sky130_fd_sc_hd__o2bb2a_1 instances:   1
  Class: sky130_fd_sc_hd__o21a_1 instances:  46
  Class: sky130_fd_sc_hd__o41ai_1 instances:   5
  Class: sky130_fd_sc_hd__fa_2 instances:   1
  Class: sky130_fd_sc_hd__o41ai_2 instances:   1
  Class: sky130_fd_sc_hd__o22ai_1 instances:  45
  Class: sky130_fd_sc_hd__o22ai_2 instances:   1
  Class: sky130_fd_sc_hd__nor2b_1 instances: 186
  Class: sky130_fd_sc_hd__nor2b_2 instances:  11
  Class: sky130_fd_sc_hd__nor2b_4 instances:   6
  Class: sky130_fd_sc_hd__a22oi_1 instances: 1031
  Class: sky130_fd_sc_hd__a22oi_2 instances:   7
  Class: sky130_fd_sc_hd__and4b_1 instances:   6
  Class: sky130_fd_sc_hd__o21ai_0 instances:   8
  Class: sky130_fd_sc_hd__o21ai_1 instances: 104
  Class: sky130_fd_sc_hd__o21ai_2 instances:  10
  Class: sky130_fd_sc_hd__a21oi_1 instances:  57
  Class: sky130_fd_sc_hd__a21oi_2 instances:   2
  Class: sky130_fd_sc_hd__a21oi_4 instances:   5
  Class: sky130_fd_sc_hd__o211ai_1 instances:  12
  Class: sky130_fd_sc_hd__o211ai_2 instances:   2
  Class: sky130_fd_sc_hd__nor2_1 instances: 372
  Class: sky130_fd_sc_hd__nor2_2 instances:  26
  Class: sky130_fd_sc_hd__nor2_4 instances:   6
  Class: sky130_fd_sc_hd__nor2_8 instances:   1
Circuit contains 8492 nets, and 67 disconnected pins.
Contents of circuit 2:  Circuit: 'picorv32'
Circuit picorv32 contains 8273 device instances.
  Class: sky130_fd_sc_hd__o2111ai_1 instances:   4
  Class: sky130_fd_sc_hd__a31o_4 instances:   1
  Class: sky130_fd_sc_hd__a21o_1 instances:  16
  Class: sky130_fd_sc_hd__a2bb2oi_1 instances:   1
  Class: sky130_fd_sc_hd__clkbuf_16 instances:   3
  Class: sky130_fd_sc_hd__dfxtp_1 instances: 1504
  Class: sky130_fd_sc_hd__a32oi_1 instances:  16
  Class: sky130_fd_sc_hd__dfxtp_2 instances:  12
  Class: sky130_fd_sc_hd__o31ai_1 instances:   3
  Class: sky130_fd_sc_hd__dfxtp_4 instances:   3
  Class: sky130_fd_sc_hd__o31ai_4 instances:   1
  Class: sky130_fd_sc_hd__or4_1 instances:  22
  Class: sky130_fd_sc_hd__or4_2 instances:   5
  Class: sky130_fd_sc_hd__or4_4 instances:   4
  Class: sky130_fd_sc_hd__a31oi_1 instances:  13
  Class: sky130_fd_sc_hd__a31oi_2 instances:   1
  Class: sky130_fd_sc_hd__nand4_1 instances: 206
  Class: sky130_fd_sc_hd__buf_1 instances:   5
  Class: sky130_fd_sc_hd__nand4_2 instances:  10
  Class: sky130_fd_sc_hd__buf_2 instances: 107
  Class: sky130_fd_sc_hd__a31oi_4 instances:   1
  Class: sky130_fd_sc_hd__nand4_4 instances:   1
  Class: sky130_fd_sc_hd__buf_4 instances:  21
  Class: sky130_fd_sc_hd__buf_6 instances:   6
  Class: sky130_fd_sc_hd__and3b_1 instances:   1
  Class: sky130_fd_sc_hd__and3b_2 instances:   1
  Class: sky130_fd_sc_hd__xor2_1 instances:  23
  Class: sky130_fd_sc_hd__o221ai_1 instances:  29
  Class: sky130_fd_sc_hd__o221ai_2 instances:   1
  Class: sky130_fd_sc_hd__inv_1 instances: 121
  Class: sky130_fd_sc_hd__inv_2 instances: 207
  Class: sky130_fd_sc_hd__inv_4 instances:   6
  Class: sky130_fd_sc_hd__inv_6 instances:   1
  Class: sky130_fd_sc_hd__inv_8 instances:   2
  Class: sky130_fd_sc_hd__clkbuf_1 instances: 567
  Class: sky130_fd_sc_hd__clkbuf_2 instances:   1
  Class: sky130_fd_sc_hd__clkbuf_4 instances: 149
  Class: sky130_fd_sc_hd__clkbuf_8 instances:  27
  Class: sky130_fd_sc_hd__or3_1 instances:   5
  Class: sky130_fd_sc_hd__or3_4 instances:   1
  Class: sky130_fd_sc_hd__nand3_1 instances: 107
  Class: sky130_fd_sc_hd__nand3_2 instances:  16
  Class: sky130_fd_sc_hd__nand3_4 instances:   4
  Class: sky130_fd_sc_hd__conb_1 instances: 106
  Class: sky130_fd_sc_hd__a21boi_1 instances:   6
  Class: sky130_fd_sc_hd__a21boi_2 instances:   1
  Class: sky130_fd_sc_hd__nand4b_1 instances:   4
  Class: sky130_fd_sc_hd__a222oi_1 instances: 129
  Class: sky130_fd_sc_hd__a21bo_1 instances:   1
  Class: sky130_fd_sc_hd__a221oi_1 instances:  32
  Class: sky130_fd_sc_hd__a221oi_2 instances:   2
  Class: sky130_fd_sc_hd__clkinv_1 instances:  19
  Class: sky130_fd_sc_hd__clkinv_2 instances:   4
  Class: sky130_fd_sc_hd__clkinv_4 instances:   1
  Class: sky130_fd_sc_hd__clkinv_8 instances:   1
  Class: sky130_fd_sc_hd__and3_1 instances:  45
  Class: sky130_fd_sc_hd__and3_4 instances:   2
  Class: sky130_fd_sc_hd__ha_1 instances:  38
  Class: sky130_fd_sc_hd__or2_0 instances:  31
  Class: sky130_fd_sc_hd__or2_1 instances:   7
  Class: sky130_fd_sc_hd__or2_2 instances:  19
  Class: sky130_fd_sc_hd__or2_4 instances:   1
  Class: sky130_fd_sc_hd__mux2i_1 instances:   3
  Class: sky130_fd_sc_hd__nand2_1 instances: 680
  Class: sky130_fd_sc_hd__nand2_2 instances:  49
  Class: sky130_fd_sc_hd__nand2_4 instances:  13
  Class: sky130_fd_sc_hd__nor4b_1 instances:   5
  Class: sky130_fd_sc_hd__nand2_8 instances:   3
  Class: sky130_fd_sc_hd__nand3b_1 instances:  10
  Class: sky130_fd_sc_hd__nand3b_2 instances:   2
  Class: sky130_fd_sc_hd__mux2_2 instances:   1
  Class: sky130_fd_sc_hd__o2bb2ai_1 instances: 1136
  Class: sky130_fd_sc_hd__and2_1 instances:  78
  Class: sky130_fd_sc_hd__a211oi_1 instances:   2
  Class: sky130_fd_sc_hd__and2_4 instances:   4
  Class: sky130_fd_sc_hd__or4b_1 instances:   1
  Class: sky130_fd_sc_hd__nor4_1 instances:  27
  Class: sky130_fd_sc_hd__nor4_2 instances:   3
  Class: sky130_fd_sc_hd__nor4_4 instances:   1
  Class: sky130_fd_sc_hd__inv_12 instances:   1
  Class: sky130_fd_sc_hd__o22a_1 instances:   1
  Class: sky130_fd_sc_hd__xnor2_1 instances: 117
  Class: sky130_fd_sc_hd__dfxbp_1 instances:  34
  Class: sky130_fd_sc_hd__dfxbp_2 instances:   4
  Class: sky130_fd_sc_hd__nor3b_1 instances:  11
  Class: sky130_fd_sc_hd__nor3b_2 instances:   1
  Class: sky130_fd_sc_hd__nor3b_4 instances:   1
  Class: sky130_fd_sc_hd__o221a_1 instances:   1
  Class: sky130_fd_sc_hd__o21bai_1 instances:   3
  Class: sky130_fd_sc_hd__o21bai_4 instances:   4
  Class: sky130_fd_sc_hd__o211a_1 instances:  11
  Class: sky130_fd_sc_hd__o211a_2 instances:   1
  Class: sky130_fd_sc_hd__nand2b_1 instances:  89
  Class: sky130_fd_sc_hd__nand2b_2 instances:   3
  Class: sky130_fd_sc_hd__nand2b_4 instances:   1
  Class: sky130_fd_sc_hd__diode_2 instances:   1
  Class: sky130_fd_sc_hd__a311oi_1 instances:   1
  Class: sky130_fd_sc_hd__a311oi_2 instances:   1
  Class: sky130_fd_sc_hd__a221o_1 instances:  99
  Class: sky130_fd_sc_hd__a211o_1 instances:  12
  Class: sky130_fd_sc_hd__nor3_1 instances:  26
  Class: sky130_fd_sc_hd__nor3_2 instances:   2
  Class: sky130_fd_sc_hd__nor3_4 instances:   2
  Class: sky130_fd_sc_hd__a32o_1 instances:  16
  Class: sky130_fd_sc_hd__a22o_1 instances: 175
  Class: sky130_fd_sc_hd__o31a_1 instances:   1
  Class: sky130_fd_sc_hd__o2bb2a_1 instances:   1
  Class: sky130_fd_sc_hd__o21a_1 instances:  46
  Class: sky130_fd_sc_hd__o41ai_1 instances:   5
  Class: sky130_fd_sc_hd__fa_2 instances:   1
  Class: sky130_fd_sc_hd__o41ai_2 instances:   1
  Class: sky130_fd_sc_hd__o22ai_1 instances:  45
  Class: sky130_fd_sc_hd__o22ai_2 instances:   1
  Class: sky130_fd_sc_hd__nor2b_1 instances: 186
  Class: sky130_fd_sc_hd__nor2b_2 instances:  11
  Class: sky130_fd_sc_hd__nor2b_4 instances:   6
  Class: sky130_fd_sc_hd__a22oi_1 instances: 1031
  Class: sky130_fd_sc_hd__a22oi_2 instances:   7
  Class: sky130_fd_sc_hd__o21ai_0 instances:   8
  Class: sky130_fd_sc_hd__and4b_1 instances:   6
  Class: sky130_fd_sc_hd__o21ai_1 instances: 104
  Class: sky130_fd_sc_hd__o21ai_2 instances:  10
  Class: sky130_fd_sc_hd__a21oi_1 instances:  57
  Class: sky130_fd_sc_hd__a21oi_2 instances:   2
  Class: sky130_fd_sc_hd__a21oi_4 instances:   5
  Class: sky130_fd_sc_hd__o211ai_1 instances:  12
  Class: sky130_fd_sc_hd__o211ai_2 instances:   2
  Class: sky130_fd_sc_hd__nor2_1 instances: 372
  Class: sky130_fd_sc_hd__nor2_2 instances:  26
  Class: sky130_fd_sc_hd__nor2_4 instances:   6
  Class: sky130_fd_sc_hd__nor2_8 instances:   1
Circuit contains 8492 nets, and 67 disconnected pins.

Circuit 1 contains 8273 devices, Circuit 2 contains 8273 devices.
Circuit 1 contains 8492 nets,    Circuit 2 contains 8492 nets.


Final result: 
Circuits match uniquely.
.
Logging to file "lvs_report.out" disabled
LVS Done.
